id,revenue
3001,3115128.120426033
3002,1445885.924639416
3003,4138947.3444335605
3004,6328534.870063615
3005,287232.6927437839
3006,1339010.2668889866
3007,5421720.067677013
3008,44281254.62313286
3009,23601181.594343174
3010,330668304.28068936
3011,67526.34281937018
3012,87970.54891320724
3013,26473366.63656658
3014,141810.2863408216
3015,26490692.64512195
3016,58780.87522562046
3017,124886183.68823658
3018,94889434.39275065
3019,26485881.345064443
3020,361488024.900692
3021,42922775.223215066
3022,42415272.26391151
3023,47973.91200597979
3024,32865300.63209109
3025,260040.72746323195
3026,51205857.867169484
3027,1651171.9307637245
3028,65901749.89081731
3029,145957.349456341
3030,43580509.975623436
3031,7321419.290748367
3032,8339319.526944409
3033,34046.13567333655
3034,73933.70770951473
3035,494143.6001927226
3036,12599729.737074075
3037,54491662.65664834
3038,28642892.89834766
3039,13970947.61820255
3040,2752184.884653185
3041,11781926.81722177
3042,2865016.183407043
3043,13104917.824829234
3044,4278601.35864364
3045,533590767.1277093
3046,475485.210959573
3047,1965852.6392994681
3048,22758868.85735812
3049,26966818.90129516
3050,46616071.53940524
3051,5769.971752825091
3052,18449960.39457976
3053,84903.89609927434
3054,159723.08221080023
3055,45971261.262120835
3056,35520.750328981296
3057,44880348.20208604
3058,214629293.90041536
3059,690755.0654395467
3060,57541211.48805465
3061,42995135.01111247
3062,9605006.84211587
3063,18239381.613619957
3064,61532243.59611775
3065,23780454.915250003
3066,79312056.0728899
3067,1064455.9407549812
3068,63990863.648504555
3069,163451893.40913028
3070,737060.3779598996
3071,6729467.698192547
3072,338490890.33007354
3073,2145466.100137395
3074,480422.0665769505
3075,26893480.572104573
3076,264947878.6801229
3077,8084852.387849643
3078,117135075.93845929
3079,23467994.66754247
3080,126478550.81784387
3081,8399036.247645183
3082,5509272.113700401
3083,4014260.045667351
3084,28958.49077602808
3085,16635404.83863796
3086,73114101.65481609
3087,70302.85544143981
3088,92584.6062182745
3089,9303.7554500889
3090,23921065.12688912
3091,25557750.845026594
3092,5547964.942718437
3093,112546658.6653873
3094,73765151.66081032
3095,38435300.38921156
3096,1428077.1610369587
3097,695408812.7652459
3098,27408283.095633958
3099,42807308.40869303
3100,3884820.067472398
3101,9464228.80765652
3102,1063881.4584196059
3103,960068.6978426471
3104,94357.56687866026
3105,90491583.16816014
3106,42024978.26065882
3107,30323594.398990814
3108,2711610.742433642
3109,15837700.50906032
3110,266380554.58719644
3111,1099837.7360249336
3112,159243.10361424086
3113,4168795.823869053
3114,16853570.701898467
3115,18395743.60937212
3116,2160759.727891386
3117,79443.25748383185
3118,1059392.2151653892
3119,159506384.64084238
3120,109259723.74780664
3121,269519.2895942306
3122,3559496.494499938
3123,4137802.475079377
3124,814413.8862705026
3125,200197.4313464434
3126,30734355.251906425
3127,5783844.145247812
3128,21217132.645242527
3129,203821608.6295086
3130,8153729.403826923
3131,905521.6464872241
3132,4382192.826125207
3133,281808.23731122026
3134,9996836.503510116
3135,1627917.613807205
3136,3797245.6159255533
3137,91495109.73952939
3138,340539.741120966
3139,33460762.642280117
3140,75055549.88871986
3141,8266967.84638414
3142,303462.4288392231
3143,108605741.47109137
3144,15578309.537963757
3145,4624058.55843049
3146,1094692.7358172461
3147,10996426.621032415
3148,859481.8506055068
3149,58348755.395362645
3150,109571114.75318049
3151,5383498.0053121615
3152,7840747.807970462
3153,1334868.2682680427
3154,5579491.666292992
3155,27143527.351761978
3156,8933832.399784591
3157,8937650.93835494
3158,153307532.85116395
3159,9337760.96259207
3160,19537781.03626277
3161,210067.69716004655
3162,1740168.810555586
3163,79740788.3630053
3164,2153114.6151269325
3165,59776.099232100125
3166,690389.8352844713
3167,45723454.94615508
3168,388514.17667792906
3169,24272163.497854367
3170,5534935.980158255
3171,17817453.68839832
3172,29071334.230466943
3173,290697.9291762122
3174,344230.9618172475
3175,6093938.868218603
3176,21324630.96363749
3177,110694198.14361735
3178,3231645.927477992
3179,4313177.618681881
3180,5341138.021917586
3181,225324.82219312142
3182,158751133.76159525
3183,27542977.503959738
3184,28706339.656283047
3185,55223399.29513691
3186,68069603.92365707
3187,4280760.968003216
3188,13032146.08685811
3189,66707803.5108764
3190,25140797.94068913
3191,12580655.857580196
3192,1061778.1295757531
3193,244482589.6166026
3194,61202393.782841414
3195,101663.74083533161
3196,1200056.3996647426
3197,7730282.438798324
3198,136534835.99594623
3199,175996136.9457079
3200,12453496.982460165
3201,708529.5419972572
3202,8200273.638183126
3203,813958.5095860821
3204,1534858.8957913537
3205,212663.33965980035
3206,11868801.762521707
3207,37763097.94112278
3208,4511618.3923262665
3209,2730594.368135925
3210,556736982.7482527
3211,888791.2364346117
3212,36846605.682319924
3213,52736011.43953836
3214,6043694.214363523
3215,2531900.9579144525
3216,2795524.3618699964
3217,514868598.0853567
3218,744750.248900558
3219,309578.7615317569
3220,107310914.41709825
3221,6336448.143107713
3222,930565.326624664
3223,21280540.27447748
3224,184044.45676202714
3225,2175196.7578958846
3226,1247757.7932413276
3227,67804267.7620287
3228,150611317.56242257
3229,105748273.02840604
3230,19595400.557635464
3231,28934014.979272462
3232,23402588.63682261
3233,5063303.330424726
3234,1118565.197423292
3235,2784203.840180448
3236,582600.4450867273
3237,23471213.53009011
3238,2663417.6669032048
3239,32853.8598450068
3240,375134186.3517871
3241,5587812.425949229
3242,9614756.894335557
3243,8062594.330140098
3244,1807842.6105877352
3245,3472287.741197534
3246,22980980.872225627
3247,19330918.69398647
3248,54569589.579003066
3249,28805291.195996616
3250,234554131.84612763
3251,375442.95724931586
3252,17263887.6272369
3253,50157319.469930984
3254,499812.7567981904
3255,44718.148752059824
3256,35230428.458139986
3257,14497578.221645989
3258,16837683.75079951
3259,37126532.87580844
3260,779767.0107735721
3261,479658917.0268225
3262,20692114.97609129
3263,212893.55299135298
3264,74932.82380072362
3265,35390.618394309866
3266,106543.12908905721
3267,10876092.128859669
3268,85882.65974120052
3269,49559492.41017901
3270,46324574.32737785
3271,3073242.566329757
3272,7380787.461956048
3273,10747350.159898221
3274,367801210.5811556
3275,23297173.724054914
3276,266526.65218599717
3277,18400897.14260108
3278,63380107.38410776
3279,6873857.028524674
3280,171210361.54954785
3281,135487.3559322026
3282,3014014.4879045384
3283,296175387.07481503
3284,32562493.940947972
3285,31451271.888405424
3286,441508.69996018737
3287,2918917.3299205042
3288,11185553.77999337
3289,26110425.276184175
3290,56488260.262877226
3291,10468717.548753325
3292,303304503.5226775
3293,48490764.025198236
3294,2983974.4807659453
3295,2896404.728934869
3296,506976.4583189165
3297,1803109.9743774217
3298,52672968.57734856
3299,3608160.9440801535
3300,30253110.802646063
3301,83541.38265541541
3302,1322911.3815189402
3303,1622002.1376287716
3304,6962839.787172782
3305,38107527.503517695
3306,369789.6856307984
3307,34798979.348692454
3308,9395805.454147467
3309,584215.1017830874
3310,3919596.065785971
3311,3092312.1062645684
3312,2944147.7843191596
3313,57438803.39305464
3314,15275547.277258025
3315,67468737.34889573
3316,24936808.32627907
3317,883002.414115867
3318,86596.77914961407
3319,2549126.799861926
3320,15814272.007805757
3321,8491779.052355472
3322,3793189.8147390652
3323,91801222.28580001
3324,1974681.630256703
3325,71860987.43703395
3326,205321578.0529034
3327,38822866.95078731
3328,14998265.7600299
3329,4597215.452627177
3330,79502897.04260848
3331,505992.1781800754
3332,35452404.267946586
3333,219882166.82054994
3334,1445143.4053613634
3335,36573456.464977585
3336,5490671.858728812
3337,22321.835293931978
3338,16114316.15798414
3339,889316.1629698423
3340,79863690.97877319
3341,2945393.3949864455
3342,45491600.65516156
3343,46878841.23380275
3344,990906.0827212412
3345,1194436.3324248723
3346,16436272.034685915
3347,108898.51605344786
3348,23345843.394934267
3349,53057341.70903253
3350,242497864.48856914
3351,30493911.645383503
3352,2849564.616011746
3353,76130272.30158372
3354,801910.2969373299
3355,1870255.0620219118
3356,19992851.995140746
3357,211533.71730418
3358,18989666.948942855
3359,26035059.89985995
3360,21376672.38159473
3361,103266846.41223411
3362,7484382.996672425
3363,8352948.238823393
3364,14191146.544125982
3365,375211.98171710054
3366,70008950.7153632
3367,76803547.6489046
3368,1598863.3378969436
3369,22135835.38302119
3370,46904003.12018973
3371,31052313.972976144
3372,12067162.65206523
3373,36109720.6751384
3374,5163370.064455639
3375,60041286.63249096
3376,26928529.62805964
3377,4602993.741017193
3378,11582890.475794239
3379,136968515.1642806
3380,46582766.941244386
3381,1179259.5050022248
3382,508170.82908792875
3383,1966877.1129831187
3384,50685487.14346535
3385,50976424.11783138
3386,92783.23385568043
3387,2869441.0907841725
3388,84023637.20959398
3389,688976966.1751912
3390,5404300.551635812
3391,5601183.115936255
3392,8244351.701907817
3393,3960191.11574478
3394,102620764.2752523
3395,137937574.49495882
3396,6570660.543941561
3397,116972.40899810521
3398,267907840.2905463
3399,65173505.76505954
3400,7326074.832527951
3401,2609135.3958849865
3402,287892.78845911083
3403,25770771.08440392
3404,2698191.5829717396
3405,8168140.537660748
3406,246181362.6146235
3407,145265531.25503728
3408,35474463.81615239
3409,2330630.5966015505
3410,25676652.33973294
3411,70993080.19408837
3412,7212019.169269756
3413,36758175.33705706
3414,1840745.2838513777
3415,14965317.377954893
3416,18475697.12578557
3417,42537216.82141603
3418,31080128.472907852
3419,280478748.30528337
3420,690806.3919009756
3421,6738513.280792894
3422,807562.1013535734
3423,363313340.7145846
3424,241258.17986458013
3425,1120848.2190835192
3426,5594061.64984854
3427,12854439.555665148
3428,1397302.1215991636
3429,9489477.8594051
3430,383380301.4957421
3431,1021094.4494881878
3432,4570932.440982636
3433,11171741.693057077
3434,8142034.717105561
3435,374768532.3467685
3436,105772216.09065764
3437,8044915.2464152705
3438,28133834.530825127
3439,43158865.15650644
3440,45684204.51726262
3441,48837826.44509203
3442,1072554.7436704428
3443,1798755.171438431
3444,156769.9225472802
3445,50463293.0859011
3446,159732.88096097554
3447,1130620.0503478828
3448,22611628.483676653
3449,6985874.0084231235
3450,71259434.70204432
3451,21542363.49203815
3452,18986285.55786583
3453,38316905.57858119
3454,29382065.065470804
3455,3744499.0524515207
3456,80226086.8478396
3457,6773731.48758184
3458,12226331.701802546
3459,682794002.2619355
3460,19406675.625544827
3461,5661586.968205421
3462,10198582.569545789
3463,48010332.65897427
3464,678049.7641877794
3465,10312543.576041197
3466,28522413.922111522
3467,14357975.23961305
3468,94158079.28657871
3469,1443819.2498301917
3470,174106.50540399455
3471,48192056.89655696
3472,712013.8647130964
3473,58968788.25218408
3474,50674929.73900596
3475,158007844.91115198
3476,6077979.832978235
3477,26691234.049658023
3478,5129725.566374522
3479,286138934.7093696
3480,5713656.179251104
3481,4670648.827073092
3482,1249394.4825308186
3483,555056.3603022067
3484,276565.61349567794
3485,69338842.47054607
3486,78328939.91895649
3487,58658149.273403
3488,109745325.70941113
3489,3431194.5631264127
3490,27497015.552996535
3491,25622916.21858608
3492,6206978.597110357
3493,29672731.31733625
3494,5915085.370082817
3495,70316725.02809298
3496,2543466.0336783975
3497,36173397.909407206
3498,5722618.816985697
3499,20086008.134517003
3500,47321.47139492721
3501,71553094.09488909
3502,33971209.40611867
3503,12622805.431909475
3504,50637888.07662006
3505,4230405.1106161885
3506,62397580.89364312
3507,206579645.62155324
3508,14024960.142469978
3509,8044340.279140696
3510,12903677.654577488
3511,18401643.213247493
3512,130915525.39586812
3513,5599093.669802551
3514,7442981.27552449
3515,621224.5305154386
3516,16739352.324087849
3517,539633563.4811605
3518,25979158.496698238
3519,1095486.9008462152
3520,1412811.8323163558
3521,103179.73010895976
3522,9951174.773667393
3523,6666551.501827567
3524,42904451.44482122
3525,93671118.437758
3526,23534568.058213253
3527,9729223.67296274
3528,5126805.2995973285
3529,283645202.94331956
3530,26553900.778150022
3531,37470248.72319271
3532,52426843.79654988
3533,13107331.208214339
3534,16956680.78618661
3535,130486592.6157918
3536,5907893.525899305
3537,62152426.67215072
3538,49345308.014396906
3539,32398484.818215284
3540,12980291.406888474
3541,25353645.55669942
3542,22884732.488347355
3543,139241.68770544603
3544,44258553.23706174
3545,272177.24641457904
3546,537932.0748942381
3547,98436615.47868843
3548,238137766.9364762
3549,760928.1833610872
3550,166271726.38625476
3551,80898713.23708828
3552,85469688.68171594
3553,58298976.48981517
3554,129969267.79622148
3555,146619981.9450626
3556,30674043.346277207
3557,9782134.388430119
3558,189428905.24608043
3559,32641182.537997335
3560,48325.57340249989
3561,60089139.9405683
3562,4623555.291280329
3563,6588393.303700819
3564,506352.69820534775
3565,7416438.604338284
3566,41349279.91685653
3567,5816441.436454097
3568,3771517.347512959
3569,85452622.55746178
3570,1520198.397178405
3571,38068375.83173016
3572,126004394.01301213
3573,7216975.736125228
3574,18511437.744172577
3575,2959058.7024345975
3576,23409125.11224734
3577,3571298.0657978742
3578,28533271.67714712
3579,34580061.80078353
3580,11755003.308557397
3581,22569440.383846108
3582,129199825.21302658
3583,188335.36077620953
3584,9452511.10753052
3585,35539845.13374162
3586,15218324.587034795
3587,3722855.8070201776
3588,1172003.6608553526
3589,16579859.917412883
3590,5775442.207893958
3591,333602588.98499286
3592,1110445.1733977
3593,174338.58806331785
3594,174943.96273737264
3595,18177551.72006823
3596,17354771.094826844
3597,566864.3379286159
3598,34699763.39327102
3599,8074330.631352878
3600,3261329.1329246797
3601,52829.29012350746
3602,1132853.9412457326
3603,6462615.700054656
3604,2692474.1127060265
3605,48606415.77043146
3606,915293.6284140486
3607,33277004.224198394
3608,163676134.37185344
3609,408400.19939195487
3610,33704460.6364522
3611,43626.21020920101
3612,1736208.8580710997
3613,5283680.602878
3614,89607923.8901764
3615,17071781.799929757
3616,14125463.235965325
3617,14685468.009062584
3618,101926149.78974366
3619,45923.835512076046
3620,120671694.49391033
3621,164756786.2104276
3622,220419574.75821722
3623,70941040.72228527
3624,71956.99813188212
3625,301119.4405221575
3626,14723445.234228399
3627,51278226.20654084
3628,392894465.0293055
3629,2345261.4607391604
3630,104002.00373174637
3631,93488609.58825383
3632,18804408.615289006
3633,33791444.2635704
3634,1224937.882359645
3635,865496.3952063645
3636,39033789.88299868
3637,890250.3370412198
3638,22954518.75111514
3639,71066227.97202347
3640,156761525.0805229
3641,1056379.9825934267
3642,706952.2267566997
3643,7646391.059811158
3644,7808420.315869861
3645,11430196.253338052
3646,7145505.374931025
3647,37445596.47956337
3648,4044067.567632876
3649,5572386.636145817
3650,9434862.265959064
3651,312937706.07051975
3652,16065785.44127709
3653,139032506.4767413
3654,3020708.8129682424
3655,18214754.394083615
3656,2077543.5400336098
3657,27291.149387451867
3658,1948412.2031803136
3659,111755585.05359508
3660,277646348.011364
3661,8843315.583686363
3662,14879300.316202328
3663,419360129.72994155
3664,343740.1794658416
3665,520222.1591887579
3666,11361058.309950296
3667,87708556.37757152
3668,31524931.460282072
3669,1979722.3895787706
3670,41219021.229321234
3671,14361866.692194475
3672,4231341.661768718
3673,101444804.46445784
3674,4243789.539083011
3675,236212673.96324772
3676,73549412.56438617
3677,6686524.706162333
3678,9382183.021099014
3679,16586726.04155591
3680,5128511.421229467
3681,5799237.393337317
3682,127964497.91492946
3683,2973703.1026743287
3684,62461406.34259803
3685,87749546.77765468
3686,10147745.12674728
3687,111727426.56884521
3688,1872385.4724011645
3689,490702.4631354306
3690,54455899.18601294
3691,1582864.6775920312
3692,161732.69106418572
3693,82165861.43272607
3694,94207574.3910944
3695,55969460.9326789
3696,19916456.77688226
3697,17627987.617056195
3698,35406875.62878125
3699,5642727.810894459
3700,1418457.4277406454
3701,24928348.729814343
3702,37068.01056170085
3703,44797393.38132014
3704,43714640.42911688
3705,8076954.153107119
3706,103343529.26459743
3707,936617.5826186924
3708,3211265.3543123603
3709,170683318.75556698
3710,5318311.061529489
3711,1358683.7063568137
3712,16558412.636763487
3713,18722948.90700252
3714,1561111.960882634
3715,5535570.984899401
3716,2073832.780770195
3717,33541.9440486954
3718,9011532.161630098
3719,37987622.94686874
3720,12854308.679893441
3721,200835.83560450512
3722,44433520.89312339
3723,329238.250746113
3724,6268719.023084262
3725,10344554.52264365
3726,13179519.036784966
3727,53268491.85265824
3728,139348779.64816302
3729,7560039.235742797
3730,83445138.16414303
3731,105891399.0799504
3732,429659.9426529396
3733,210093192.76571617
3734,230880420.29022822
3735,14266311.344390702
3736,6189356.464432748
3737,1856971.8207821422
3738,260650.3427968993
3739,4836553.175778861
3740,6528646.451980564
3741,7136615.390951038
3742,54565968.75876344
3743,15181388.865096206
3744,88218064.0532193
3745,33442419.943291042
3746,195022813.9162789
3747,28929.392829564804
3748,2372070.459823096
3749,7333704.461992668
3750,23719.64148950174
3751,1922049.263635274
3752,890912.4450869543
3753,2154994.677032167
3754,13871091.112456273
3755,40580615.32621314
3756,5832820.011715382
3757,276387781.6432179
3758,63692330.130123906
3759,4553973.862936864
3760,144770437.22388574
3761,41669778.67628057
3762,263328315.09919858
3763,16136778.026091132
3764,35028425.32795234
3765,2859417.094636547
3766,2336510.8552688356
3767,46400824.074031174
3768,7269542.5038733445
3769,882198.8754978533
3770,3192308.4486481133
3771,31274971.197229348
3772,12326245.594787862
3773,9595465.887632871
3774,6369095.887310633
3775,128219552.56867093
3776,66181192.60935403
3777,1086679.8942909641
3778,113282.77044532071
3779,4671567.010229056
3780,69199.60675896225
3781,13548673.26481473
3782,240392.2326852856
3783,22481191.898787066
3784,3404521.376444247
3785,338245957.37819433
3786,6875355.889400048
3787,123899797.46578336
3788,533094443.2099689
3789,2707705.1576240873
3790,780043.1775769385
3791,12805733.167554135
3792,15587.659254586162
3793,1125878.308089765
3794,1273316.2814169799
3795,255046693.04385975
3796,14114041.768912926
3797,16325647.604471035
3798,23053983.84185363
3799,4356389.16561148
3800,969553.8656187147
3801,65993651.99141707
3802,190555.83064531971
3803,8231295.934420897
3804,50866.59340448261
3805,28991.527284983917
3806,78117320.72823356
3807,1472532.3712339636
3808,446815.63453282893
3809,17637405.09318908
3810,1900718.5345794056
3811,9907886.389483254
3812,1287888.205788389
3813,114105.17633589929
3814,1849957.5571054658
3815,46965477.08806062
3816,129345710.69995387
3817,127120290.15025803
3818,57563643.80139804
3819,30872631.71316569
3820,79028358.42767067
3821,74415124.83615555
3822,8108499.407989054
3823,4925653.178988403
3824,1308980.8641287517
3825,2545339.2741950573
3826,73694876.2032266
3827,40095563.0267144
3828,5852593.856681185
3829,526271.304513935
3830,36793824.691573724
3831,146310.85332041245
3832,130710154.89477904
3833,21382670.027846355
3834,9361425.596069867
3835,2377093.0380687322
3836,1713435.832318397
3837,30593370.589581158
3838,26645437.96033365
3839,4055722.7546927286
3840,24419606.34653481
3841,5408455.0148842195
3842,1715658.2459714205
3843,26924818.8376075
3844,803010.3062636225
3845,10684.694621056373
3846,229533.5615625413
3847,134997.4984772768
3848,215770.47593881327
3849,58775631.59470024
3850,13334211.918943783
3851,55724581.60264407
3852,1000118.8643434949
3853,129467338.12313862
3854,271877.7717090754
3855,620597.9249282645
3856,12410813.238877522
3857,370754678.91838455
3858,115776.93180898172
3859,3100715.879498488
3860,17889185.605512585
3861,18185640.48152504
3862,8234518.748929744
3863,59893220.668628864
3864,30436916.212096747
3865,69167548.12912676
3866,2979663.285908439
3867,39086243.59662545
3868,2782445.8831086103
3869,54891801.495173804
3870,75475453.49104333
3871,330007290.7459339
3872,8182285.992289947
3873,18912118.104007795
3874,1004707.1548697206
3875,42280596.093606345
3876,22736.284173087945
3877,24123445.138404004
3878,108223822.05897985
3879,492070817.7438541
3880,13023205.153277952
3881,39052.272467004695
3882,1525360.2346487502
3883,1563616.5281904587
3884,138358211.071932
3885,4940521.796574815
3886,23782708.812051546
3887,8383864.531390262
3888,2311600.0703020794
3889,3079994.6036196523
3890,127529699.63442339
3891,4191111.967777634
3892,3237502.047034237
3893,347098240.27614903
3894,57728305.4695799
3895,31014943.545674756
3896,39297227.30560205
3897,8253629.193006527
3898,21256809.510295413
3899,357315688.1699679
3900,6450142.557074712
3901,1632058.620450029
3902,99004.61469961751
3903,1939679.1681274679
3904,7424730.856999396
3905,3544721.478389414
3906,75066505.95214812
3907,2109867.698013448
3908,4779203.4782152
3909,482843.59655729565
3910,9486317.807995997
3911,851893.8411962057
3912,9756964.69278218
3913,67054796.054462396
3914,10030656.79445256
3915,251553695.4117222
3916,159556.5596248153
3917,5284531.322914832
3918,2223989.1855327403
3919,48467313.9821639
3920,25172240.75339053
3921,119209.77074514952
3922,10581539.140685497
3923,28170573.228044868
3924,11734561.538152758
3925,216601830.89747775
3926,1988727.5024919515
3927,69538378.87084186
3928,65811932.266824886
3929,30790462.380354222
3930,1354835.9603793463
3931,3500330.4883373864
3932,4759425.477822381
3933,16283473.40428374
3934,46323586.15108253
3935,3683.3682157149346
3936,43158.96430652832
3937,96670287.87934557
3938,5098166.797988597
3939,35452280.335149944
3940,7767497.490637846
3941,17139019.94423246
3942,246474790.4680338
3943,638902763.961094
3944,1347425.6493438815
3945,20592601.905422684
3946,1494767.868127802
3947,83848344.07067725
3948,5226493.020093111
3949,533195.3271562705
3950,773004.2519352159
3951,2267877.977441687
3952,51281106.00982123
3953,63175691.699741736
3954,462613046.56552994
3955,2766558.22759162
3956,49008842.97652849
3957,7029068.176146147
3958,1166994.6094678452
3959,5303869.137365548
3960,1690374.0955667547
3961,24894514.307713166
3962,728328.6969622697
3963,10569382.292163977
3964,730524914.8356982
3965,76681850.28505875
3966,19848332.33354316
3967,206048873.21199784
3968,23452322.49584021
3969,7742621.265330624
3970,16460522.244447429
3971,8483050.258835638
3972,7552646.152216714
3973,47886372.03946002
3974,471229.11646795727
3975,160445715.2334308
3976,44088265.05895897
3977,65831322.35424271
3978,197523012.27023044
3979,3122992.5725467885
3980,211079.8135066823
3981,836369.5205893886
3982,4671445.655878513
3983,4768229.640253793
3984,57819268.03108972
3985,1096244.6116936884
3986,701557182.5724671
3987,31007074.087057643
3988,4218961.90590199
3989,26951030.195759967
3990,29628440.711678464
3991,171042.043519865
3992,230260.11777076393
3993,9894914.091364793
3994,48219225.053002656
3995,44415986.354526
3996,63855263.48240686
3997,8186789.457382722
3998,96553760.19997029
3999,15361081.63677134
4000,44088624.05283319
4001,3522603.896223394
4002,263203398.1281048
4003,24165.162452900186
4004,40058445.6563486
4005,148092.9248047296
4006,18784963.26019172
4007,555276.5390933367
4008,2873851.21887277
4009,5366068.445079183
4010,108862.31748272746
4011,8234189.778936996
4012,133542389.19100246
4013,51776752.181953475
4014,53706.58750631224
4015,45595220.12180496
4016,19997440.605361678
4017,3000547.926512048
4018,54185006.68563686
4019,199279700.5599736
4020,4856165.158964412
4021,97763416.61381505
4022,3799407.4437076626
4023,120116128.04049987
4024,25032045.88888061
4025,47735.6508788992
4026,55761265.95962918
4027,35052074.01772133
4028,1472456.9698229062
4029,33834.51559847621
4030,17415015.411408268
4031,70404509.13966902
4032,75901.6921632657
4033,76690.46007299637
4034,271958.3871468167
4035,62256356.149159476
4036,613070.0008382136
4037,14620529.479692748
4038,3431246.1340706223
4039,4130218.6623474527
4040,5939185.409949782
4041,86308.10599608374
4042,36589306.21283411
4043,3399854.037794827
4044,58500720.81622725
4045,34451475.33749835
4046,2416402.0975862658
4047,391692947.3880803
4048,6158248.783508053
4049,5903.261721343252
4050,245811.8229180174
4051,473716862.66678214
4052,5878154.856784727
4053,2898538.733004241
4054,400093.8730386576
4055,10316665.771075813
4056,4283170.732910753
4057,4614.504189946244
4058,4679034.928968965
4059,3174350.7771149874
4060,40382279.847981915
4061,100446700.65248056
4062,28368487.358063363
4063,13516782.27855347
4064,268343115.9176102
4065,67087692.48282227
4066,3915419.3834696943
4067,23156676.16142217
4068,7503066.375863168
4069,20106377.671618618
4070,15382977.361864002
4071,893819.6364887254
4072,10630739.887220869
4073,122833234.75566162
4074,10214.57186900435
4075,8217062.320393549
4076,20376064.700261835
4077,187472521.33832583
4078,1877935.7274196262
4079,60443794.14531012
4080,4203150.144806396
4081,8160045.954179126
4082,155014509.2439141
4083,50780575.13648265
4084,25113.696260435398
4085,18692263.151632678
4086,106444711.42006788
4087,6075865.228960239
4088,29063274.66904279
4089,13126251.537471473
4090,1493245.014115787
4091,60576083.05745237
4092,48568760.17759065
4093,32330499.71053756
4094,2894019.804172651
4095,156729233.45401734
4096,10080136.779281069
4097,52308442.92337223
4098,5048826.817790935
4099,2361791.2206547856
4100,27368199.888670303
4101,19808571.670877103
4102,1371142.097207429
4103,25233554.04428593
4104,3926552.3742579054
4105,430001.78371873725
4106,3788519.9929993073
4107,219751.51978709456
4108,11452022.386433402
4109,225692.82272748198
4110,13520387.686910776
4111,2402111.6909947596
4112,15086518.193009632
4113,822599.8230771567
4114,108866876.46591341
4115,3748349.5802554917
4116,14787028.926123641
4117,6191783.893237034
4118,29330085.528450027
4119,20309064.427851256
4120,204895.924124836
4121,2408911.2781285467
4122,111491434.32964033
4123,10184503.613659719
4124,42621093.347984135
4125,20622224.864542425
4126,9581679.470502542
4127,7058024.272043557
4128,10395567.65288031
4129,1544927.3561286593
4130,5706333.189731693
4131,107565849.67012112
4132,67639106.10791366
4133,25845202.720996514
4134,2535576.5198849794
4135,10151160.523446219
4136,474863896.00124073
4137,4161751.0019497783
4138,37945249.962048545
4139,9360455.780446652
4140,2511040.788402063
4141,5453702.893317661
4142,31996958.590147335
4143,49190751.67767068
4144,3219022.0098554417
4145,16071454.720750315
4146,3426686.196374202
4147,36129.82102830124
4148,9597172.218328536
4149,6011272.840144285
4150,643549.3635253648
4151,268408.87008337316
4152,24602760.46253826
4153,8900459.344760224
4154,1103756.4190965455
4155,20236886.298321098
4156,2999354.576204309
4157,2647906.9944715835
4158,16048192.905662272
4159,50350785.40566484
4160,380174046.34671533
4161,14042562.024073316
4162,19534461.88692898
4163,123052872.25162825
4164,3245279.886436439
4165,7476727.213162314
4166,811202.5930699637
4167,60961683.50523123
4168,3291182.249627548
4169,2304000.759561519
4170,7152281.430996209
4171,57046470.61796784
4172,55895576.51616622
4173,17189880.60456118
4174,1203517.5940567898
4175,4024248.071012184
4176,11417744.80431698
4177,58145.64661650678
4178,364524032.8337118
4179,250361.31378296678
4180,85434919.73822103
4181,23190321.83014236
4182,3374012.5060775327
4183,69970232.10670973
4184,4670169.805075999
4185,1781188.3099012363
4186,6660620.276933084
4187,11305904.814282047
4188,13122730.587918384
4189,504548.1506457199
4190,81470.56977815177
4191,190696.06088395164
4192,18217.782221204958
4193,163670591.06895155
4194,80099022.7513048
4195,4887054.639463026
4196,6130515.6002085665
4197,11736786.292052414
4198,363680.3756537658
4199,5111128.4100514855
4200,64315576.47351906
4201,32221883.85915977
4202,69667160.5842857
4203,12800418.306616662
4204,41264673.850924596
4205,3140201.5743918
4206,26988696.217705645
4207,413924975.21085787
4208,374340546.6631578
4209,15348866.900021221
4210,69686838.92746727
4211,22582368.745996658
4212,212401499.23392656
4213,1157493.2692737996
4214,3433208.4443685445
4215,1409020.9833436306
4216,1241718.829462265
4217,90894.52930591574
4218,41622203.09447773
4219,9075874.969651965
4220,14727356.361620769
4221,13555.305114373059
4222,506146.16793270677
4223,43703015.77657848
4224,637196.0690497141
4225,27959037.855452176
4226,15108540.389143292
4227,11547650.74427498
4228,48109.24018022942
4229,60457642.732737616
4230,18138724.932956684
4231,6184043.620112922
4232,10735149.75923245
4233,106983040.82255247
4234,24198159.822474662
4235,2409563.1781226136
4236,6587187.43090175
4237,3365130.9853255935
4238,43431584.99847228
4239,130624158.47191237
4240,170629479.979587
4241,160921784.93634346
4242,17567674.45624984
4243,1964039.659925374
4244,46282017.36670019
4245,1838602.204304263
4246,186726.44059881233
4247,32446725.28891022
4248,7438489.833146114
4249,17987022.83333883
4250,20438756.289660085
4251,50808.801448015154
4252,99365168.85155876
4253,74707345.51381204
4254,35751819.154433675
4255,40073393.07701914
4256,237786269.93648347
4257,85810555.69393337
4258,40256536.41736766
4259,779912.5734530763
4260,181457624.8092687
4261,1803582.4740136445
4262,248695.4631557655
4263,2272802.703533284
4264,368197573.79325217
4265,6456605.704402137
4266,1462957.3382072924
4267,6976119.366372613
4268,14160820.559585998
4269,4729541.016648669
4270,328591033.0105043
4271,27077850.63302725
4272,27761.203535150104
4273,16921920.332816124
4274,42305300.12626936
4275,1900232.2158559747
4276,14800381.223383622
4277,43398450.737070404
4278,11274447.37413717
4279,25247452.726312675
4280,472481.1515976721
4281,2252798.4095562147
4282,32940473.16659753
4283,97360.74576907187
4284,4067559.75288477
4285,17729.24641666788
4286,264029209.16681275
4287,14450846.074160915
4288,39232517.28409482
4289,64426426.02778678
4290,66127298.145856105
4291,4680852.004017598
4292,1601967.7547335858
4293,19989983.099037588
4294,99152061.33371423
4295,92760817.32918835
4296,32256881.851566896
4297,16351012.35340875
4298,576728.403153616
4299,4848161.454194556
4300,33897653.822922535
4301,1805156.1701157049
4302,6064202.845352119
4303,2909655.0141110625
4304,8426253.629961502
4305,19560627.11894317
4306,17286566.10955774
4307,82320.80785550266
4308,83647.30624086091
4309,24039650.832233828
4310,2395079.0221254653
4311,1161614.7698643315
4312,50660901.670686446
4313,103884739.44772929
4314,12643679.268590182
4315,148677662.06241918
4316,324242274.21518475
4317,1223104.3134279072
4318,23973144.35924545
4319,129270.41598235731
4320,2064862.2480637096
4321,35823966.552390695
4322,6034563.351358335
4323,9912300.80511105
4324,2936526.1802360513
4325,2773363.5884258505
4326,4177669.309060628
4327,40744188.43513357
4328,1929361.889674914
4329,17680.861773669512
4330,365819776.35182387
4331,36233381.056544796
4332,52736588.77824744
4333,3143579.046081539
4334,62496188.782562055
4335,87873555.16317941
4336,21862441.694652323
4337,28063.40628882406
4338,180949979.45538235
4339,68150852.00137481
4340,3488138.538052207
4341,11775504.550283192
4342,2185041.869691298
4343,27765829.00651613
4344,1241475.2225068598
4345,632940.843424996
4346,36442300.615591235
4347,51590833.174790554
4348,336194.79383536463
4349,183416556.4478884
4350,6128259.761259577
4351,110556756.5078476
4352,664663.8071150776
4353,99799069.025097
4354,16103311.006293647
4355,22673943.94088675
4356,2033255.9641132893
4357,60360377.20173082
4358,3119154.8871331527
4359,24506840.885901943
4360,45557565.698190555
4361,74453304.46452686
4362,3474887.378632573
4363,81214051.27586925
4364,44022829.11474438
4365,3034816.9498187695
4366,19057252.987590786
4367,26132218.137505826
4368,53327850.86822799
4369,16530799.635205144
4370,113611965.7182808
4371,20057833.01981898
4372,17831459.01506503
4373,7326151.512015085
4374,21227233.85593054
4375,2952233.88173369
4376,16018.202539421287
4377,2547593.1458040443
4378,15651459.683674088
4379,72178739.45413308
4380,42906315.080614865
4381,80398195.88162217
4382,317745754.24718773
4383,176890653.4389748
4384,46601561.584869266
4385,221230.60331009224
4386,58507671.20270965
4387,71293870.04335137
4388,21842484.780964747
4389,224766872.69620645
4390,2941288.4920124467
4391,591992.9837987479
4392,89235141.21811599
4393,50909951.48167987
4394,28232518.202044208
4395,6794011.8607819695
4396,36712864.0406515
4397,28918189.961665004
4398,122831577.1672232
4399,159990.54592671862
4400,2693654.8873174763
4401,16724956.372735793
4402,5728516.6880908385
4403,13745302.55321691
4404,28759966.53210444
4405,12760912.48214934
4406,373928.88080630935
4407,691412.1772573108
4408,170387.47645729058
4409,246719.25987317614
4410,1842782.13646776
4411,4040977.7713862676
4412,62411880.58059768
4413,58606042.46958877
4414,122814.29305331895
4415,3532394.688334458
4416,33426.41939138029
4417,162305595.4612043
4418,239407.0494135931
4419,21486569.295044493
4420,351730161.44749326
4421,1267539.4631112674
4422,2825635.386609815
4423,1168247.121370592
4424,327175.1817706796
4425,20046939.48957654
4426,3035611.133378251
4427,60318217.7941973
4428,530024.3148872099
4429,1710306.3458424618
4430,37155.38859058842
4431,133775.0405457587
4432,136235004.44937643
4433,227771262.24762493
4434,245290477.65143013
4435,9320115.50358986
4436,14360889.247897303
4437,1405095.709060716
4438,242111.49910051684
4439,5265224.581533629
4440,696457.9343759362
4441,34196224.85602584
4442,476517.76235198457
4443,102021.38191200959
4444,239808.03958525124
4445,4326458.534744684
4446,69913.72576352225
4447,122800562.15504257
4448,1002540.4276602818
4449,5849409.430012608
4450,88970823.72983727
4451,449587038.3144983
4452,25927228.85301408
4453,1046869.9705366527
4454,248184.13186709688
4455,5262220.278228713
4456,62474472.00965418
4457,2130508.745444333
4458,125867.75603508814
4459,59733730.26881626
4460,626942.8698287949
4461,54148648.34338682
4462,25270823.094049484
4463,2640208.123925191
4464,31738354.010284863
4465,8781485.967796253
4466,2018940.0688949802
4467,15036334.450893532
4468,1030344.9020571911
4469,15156482.09013501
4470,22445686.267198198
4471,183282.8798294124
4472,116418155.35167408
4473,1692595.7358772608
4474,6221534.355907986
4475,1956188.109673751
4476,38147.28666906853
4477,28255263.391738486
4478,4234705.637370072
4479,385608.08161361254
4480,50099270.90058921
4481,12048942.706520572
4482,12379993.157847999
4483,2057612.5001628508
4484,205156.12400590428
4485,30630929.495239306
4486,20360808.397107713
4487,15081647.85308574
4488,45143193.524641335
4489,30051401.01650503
4490,97592.36645293333
4491,87115064.23705897
4492,17130656.63504493
4493,4349140.346986609
4494,30923456.518525958
4495,4578143.639643007
4496,41716296.03891176
4497,2485259.1843684507
4498,26263281.15601005
4499,100219.44963059151
4500,141485757.44193536
4501,79216503.87905222
4502,13346708.710880153
4503,255343033.23431012
4504,3395601.5299828392
4505,207002.83239708183
4506,56032389.90620692
4507,866744.9045407245
4508,746274.97810018
4509,2008481.575610616
4510,6697199.7137414375
4511,102155028.03276858
4512,20941.670124175034
4513,28867890.88138842
4514,7072044.3569708
4515,156580143.0150814
4516,4212225.700730205
4517,3160527.6131162737
4518,152287903.20923162
4519,52512946.848261446
4520,2109571.5821803366
4521,13515708.97814609
4522,38191692.823329926
4523,16665152.734476274
4524,5079609.757939347
4525,4420639.382880082
4526,919773.6825228386
4527,17054526.71586872
4528,242631.93291584175
4529,277100.5567170812
4530,6378683.567339586
4531,4110805.2568788608
4532,8338833.8425785005
4533,19740435.87381337
4534,3195305.725257554
4535,49938541.5482168
4536,12825971.77836903
4537,3805919.188508763
4538,25198692.20316386
4539,250086.0134632321
4540,78085891.15097554
4541,6943809.12026766
4542,51841077.8064712
4543,46858640.19579335
4544,11865950.227228286
4545,205863.53857480435
4546,81030.2981228597
4547,1071725.2602099169
4548,586895.7016650426
4549,174171.62559054882
4550,2386159.9421668146
4551,697180142.9095637
4552,47721802.15644064
4553,9365888.738050247
4554,370155695.32186604
4555,53313.90752298006
4556,65313617.70204431
4557,19300994.35038632
4558,5251931.158816298
4559,46402184.4227295
4560,72090123.11273775
4561,15684709.873646474
4562,249981.98992465806
4563,117826926.47234225
4564,30414.994581499854
4565,257091.70868910538
4566,16428401.533776402
4567,57056503.74040772
4568,1191307.0133778455
4569,8572328.319170512
4570,12779178.59258667
4571,738092.4770838299
4572,16298208.421824161
4573,22426956.41318698
4574,81582.22062126215
4575,297342.23962937813
4576,6291597.237158831
4577,4687676.726008511
4578,35274010.31394458
4579,1323578.6506550561
4580,68943242.50847101
4581,3115461.131560299
4582,44124518.766920656
4583,164212371.24390176
4584,1036340.7418193091
4585,105675714.0666279
4586,3476075.529919844
4587,1295835.7795003876
4588,144740817.61921984
4589,1989900.0572133113
4590,693449364.7264689
4591,40535316.9946491
4592,245998.79438158055
4593,123229.73900717236
4594,18434933.499159046
4595,295106800.94802827
4596,350137181.66894007
4597,17348458.009376016
4598,89352341.78291671
4599,8046120.250232353
4600,174515.97515591758
4601,29149465.39396975
4602,13028816.163262272
4603,6491450.7688687
4604,18778808.308785323
4605,275644414.31962097
4606,145796446.45945632
4607,16151625.287352694
4608,3473654.786766464
4609,14040904.033820003
4610,106307482.85331014
4611,14978457.115785876
4612,15232119.112182995
4613,13707615.559704345
4614,9656829.461732527
4615,5744082.106339641
4616,108631.51108975805
4617,54571927.54056529
4618,506377.11550037714
4619,2931032.9518085076
4620,545650.6579147137
4621,185553245.42368558
4622,10465122.201669503
4623,5814257.694146936
4624,555262.2965969436
4625,7668749.782512425
4626,5481560.595744346
4627,14168464.070164733
4628,1923518.3616007944
4629,1140761.3996124286
4630,12138310.112408267
4631,6564737.651122612
4632,2239117.802697558
4633,1231675.6107288247
4634,89307.57572095911
4635,200623.00724362108
4636,100507803.62551591
4637,1274935.0955261143
4638,4415586.208482579
4639,248776.78733690607
4640,33450449.576419126
4641,5141129.540036463
4642,23429910.896128617
4643,64676307.598946854
4644,2826528.8020374575
4645,55627.94965264816
4646,626351928.3543601
4647,820350.8827936992
4648,2479844.040685996
4649,108351877.19825038
4650,70831237.29502127
4651,44486296.11594506
4652,321548162.6100257
4653,197949.21012003906
4654,53839423.698166795
4655,53856358.040941715
4656,4724239.90365806
4657,1641613.6800742475
4658,29720208.60744478
4659,469293.5300724393
4660,3828089.6473912667
4661,13325392.655338345
4662,5439147.257992303
4663,5802967.807503359
4664,2584702.8063430185
4665,18835508.44507189
4666,21704717.84542394
4667,140061507.17506656
4668,184347.8714386183
4669,1681462.0194089059
4670,13140603.121742245
4671,2737464.0808328227
4672,44664.85167001472
4673,5254733.50928811
4674,1930762.6877693015
4675,2665841.7914271094
4676,336170.1863880313
4677,21435.661643665622
4678,2831862.8781631794
4679,39132.157285328685
4680,350393.5826077733
4681,17262895.851731814
4682,2053867.938522153
4683,743149.0465117246
4684,195803.1521207078
4685,28916644.1097945
4686,1031413.7133903165
4687,7871438.705776236
4688,96150178.70467255
4689,4504964.863730038
4690,7188597.623376493
4691,9906435.989876023
4692,13541550.991592797
4693,3376659.981927474
4694,3195823.0753753185
4695,13408679.452629458
4696,6540634.274697817
4697,73723678.59341712
4698,1163019.06278918
4699,882396.3792789024
4700,80449754.65561403
4701,160005121.5030048
4702,7383447.147098489
4703,6611556.169161676
4704,35675708.74800282
4705,40308934.05665393
4706,59936727.126619324
4707,2027441.020548757
4708,19719566.469915833
4709,7035.230906198277
4710,215687810.31797668
4711,8420693.77708073
4712,1121483.0426117005
4713,215564296.85890695
4714,1592646.0927274532
4715,86715.0638766174
4716,1534624.7021973054
4717,6159051.986849338
4718,4035831.5399253094
4719,109798754.20945486
4720,2575817.1834472483
4721,5155683.516927061
4722,35298389.66701983
4723,1071814.0955265488
4724,97147943.72053677
4725,4425754.272200918
4726,5324900.756694173
4727,9214268.525334513
4728,13056188.942662725
4729,63535893.962914936
4730,150236.46617708917
4731,17998913.569064017
4732,224072903.21458435
4733,35827.06288201058
4734,185091928.12140417
4735,30451519.06681604
4736,12760935.177920109
4737,50962627.07895983
4738,1794987.6747009233
4739,50832898.76851524
4740,416330668.4151904
4741,138655.5966471719
4742,136419715.86389846
4743,30376.937153853934
4744,118273.87006467344
4745,389057053.2379072
4746,30666082.03206022
4747,9265816.782425625
4748,87098175.39302477
4749,6032776.291487891
4750,1403745.598619355
4751,45184459.17705688
4752,882219.7583641282
4753,19802139.90394036
4754,620212246.4785237
4755,17552574.411506273
4756,47356794.72556056
4757,108084970.14830852
4758,76969538.11253971
4759,236434608.09074345
4760,588754.0558405399
4761,12986652.833827965
4762,892273.250087489
4763,245546.26028369382
4764,389033063.6294567
4765,13832282.581646249
4766,110866394.51874658
4767,30998478.902561653
4768,114264433.32338125
4769,32635454.74039901
4770,76612693.27450372
4771,39612199.78169475
4772,13433796.552063417
4773,4175638.2063785754
4774,10286702.731681019
4775,216755.364244714
4776,741006.1520423475
4777,147358236.70527074
4778,49805919.293286666
4779,907751.2448619301
4780,127467287.27362047
4781,208169.20739687476
4782,18642806.804817084
4783,3963433.8648270476
4784,6476349.009916377
4785,14903399.903965067
4786,75660830.61746235
4787,49505673.886679605
4788,32828117.65454515
4789,3470896.6664719004
4790,58087812.10024732
4791,1527923.0489634096
4792,2028428.479428668
4793,18784563.047336455
4794,102072.4186547899
4795,1012498.7989041376
4796,5521810.5989028225
4797,655414666.992718
4798,41012218.283926666
4799,25212537.561598253
4800,27216013.273673937
4801,289778.2813266501
4802,21096654.339811757
4803,964453.5435559531
4804,1550573.812957791
4805,85909.54771482474
4806,1297999.88457748
4807,174809.31118389094
4808,1304353.6321720453
4809,80955154.02389635
4810,93180.11520601067
4811,10122796.786958488
4812,125750864.8151586
4813,95952412.41389328
4814,1283302.3824469824
4815,20684269.16112737
4816,12038982.092183776
4817,8113492.502719404
4818,25353084.74619382
4819,3750267.769832856
4820,19915952.269909926
4821,87957.82068958085
4822,40887.437719233254
4823,6575707.4847256625
4824,32723786.11011793
4825,41268090.310079925
4826,2750129.626149339
4827,54618009.11194339
4828,15659358.019829242
4829,24081736.676329922
4830,21945286.85709958
4831,41625820.53266685
4832,3717601.1573244347
4833,12060518.668748418
4834,2350556.95528763
4835,33209570.64884274
4836,2867318.735297756
4837,230278346.3502979
4838,28605257.050452188
4839,5528.20424066306
4840,346111870.5125206
4841,48599.762073831436
4842,49015534.312378705
4843,76464484.651678
4844,1503280.9073626297
4845,13469985.556491328
4846,1281740.7555511214
4847,388978845.3654921
4848,51028792.87292272
4849,257420977.57986808
4850,12453217.13077586
4851,37838.55415194289
4852,1950508.8778880087
4853,63026387.04245322
4854,13844536.510851482
4855,59245472.568118975
4856,11129425.09992454
4857,20808796.625370752
4858,22268589.719582815
4859,3881347.5415678034
4860,254714322.97753328
4861,60163961.02379035
4862,103947307.10041639
4863,190939688.42232302
4864,46487775.59640933
4865,24868615.859316777
4866,5500523.885484974
4867,71779691.98456219
4868,4974095.455684004
4869,412879.42592683365
4870,12069135.695667505
4871,16112684.651545862
4872,1815252.2165943438
4873,3001167.720062439
4874,71881610.53333735
4875,15285677.281287255
4876,18979530.775049146
4877,38399096.40620698
4878,2713236.3546731696
4879,15025930.820840364
4880,9588372.472384058
4881,2729841.3174682525
4882,8659533.062020661
4883,34291322.19787558
4884,52408606.51172255
4885,3252564.326419674
4886,15760447.14341378
4887,123390.95413733087
4888,1853561.4846931396
4889,969580.2038163716
4890,61603543.4958851
4891,104415.48018594869
4892,3332076.9832309894
4893,38083962.92170419
4894,3803266.8117878763
4895,1103490.5405897321
4896,25702112.32536344
4897,1100215.7962813468
4898,104622485.78005844
4899,81475754.21151331
4900,150248628.04739386
4901,35244473.1303178
4902,1055198.060687763
4903,170734.29257899502
4904,170890125.00835377
4905,9642887.797046201
4906,104781.9263847843
4907,658203769.4279342
4908,21958134.135828443
4909,90845975.84541664
4910,39617010.05619316
4911,8784711.681092648
4912,83309087.05616286
4913,17893692.030824997
4914,35809954.12604832
4915,64351984.010700986
4916,23288704.525003072
4917,5022970.995952533
4918,194480647.97204912
4919,20993451.549072538
4920,24770451.229190182
4921,69361035.1972157
4922,8089015.103266119
4923,266437.73686422774
4924,67433541.17532599
4925,88296060.85028589
4926,17986.45000666391
4927,14291396.349196263
4928,8051922.746705894
4929,927326.6668350631
4930,5454099.376938345
4931,9884892.048772747
4932,131956.76404717469
4933,50360082.73040491
4934,1184812.135155511
4935,575753521.9603701
4936,2155160.601369227
4937,84113.86798882825
4938,9150140.143221283
4939,124593.65724764767
4940,468784.9543329914
4941,9489179.044560406
4942,667095.8236395535
4943,100436739.14173974
4944,60756857.80453901
4945,2858437.0449230755
4946,1704645.3592015314
4947,640662.1946583181
4948,1832017.942089686
4949,8309744.87328444
4950,34637735.98213306
4951,19622203.64455266
4952,22812731.207428064
4953,103092717.15896595
4954,22260709.1961867
4955,320328.9381779525
4956,251305.3931813295
4957,29305622.600528292
4958,6529067.78958161
4959,19617478.679191552
4960,3602821.500329721
4961,104112760.89920408
4962,5597058.1446646545
4963,8337576.295621987
4964,1731654.0981494235
4965,137267.947177226
4966,1299448.3833058167
4967,40639905.18250587
4968,14005692.210887158
4969,42690.584097621126
4970,722629.3617500952
4971,45685179.34967828
4972,13492664.349041425
4973,2197535.4088810575
4974,92677934.83279853
4975,5825818.326452984
4976,308238.65624096186
4977,61538688.62233789
4978,1949977.2494973436
4979,4303347.217978066
4980,29630318.456977382
4981,3785706.838009451
4982,64002674.33731575
4983,55308.28663531636
4984,72206441.94353543
4985,256347873.94116664
4986,1711598.5303770085
4987,464556.4900016621
4988,1090885.575822457
4989,10438439.931558942
4990,97429.44079241918
4991,8093708.091989216
4992,132923155.34657791
4993,3971580.1633312134
4994,52000360.51006982
4995,130746.6986972776
4996,17086933.20701087
4997,33715859.88981552
4998,10023885.750444895
4999,41156784.46844524
5000,141813412.93842444
5001,270627448.6641499
5002,144897754.3520899
5003,51640377.97409297
5004,8921250.816787075
5005,13526672.722611409
5006,167635682.4561364
5007,56554088.79349244
5008,369650635.9672426
5009,15243552.338838518
5010,1641229.8345825619
5011,4737848.608545176
5012,31054722.43334047
5013,15690765.508176891
5014,68931525.04007274
5015,4102091.7423556536
5016,70845700.1297185
5017,2598018.225884086
5018,20651629.223631434
5019,52657428.82065006
5020,1411881.921115715
5021,32366.13192448478
5022,27619667.252113774
5023,1214518.2848332382
5024,65690784.56186124
5025,404846.2985518523
5026,81831969.04920252
5027,32166132.316968136
5028,45374526.16273052
5029,64561553.02480129
5030,13977220.23197509
5031,2766140.032870994
5032,102857711.58989841
5033,1479832.8012550464
5034,3087637.902068384
5035,1169742.7767716306
5036,4767543.235598785
5037,26182638.129796714
5038,357292750.51999956
5039,551825.9665081438
5040,38176152.289970964
5041,22091930.960923783
5042,8678115.896078078
5043,19280820.401274312
5044,249490003.769201
5045,1537290.9043440167
5046,1204944.1367060437
5047,2007885.0604609414
5048,1197782.2990579011
5049,60706457.54592192
5050,550108.9195658368
5051,175561789.79204702
5052,87205076.4844356
5053,20584034.04055878
5054,29713551.261157565
5055,10836491.160609601
5056,2091809.0279557097
5057,9166090.904301798
5058,3609563.3696298217
5059,12091546.503003938
5060,77564011.7361045
5061,30088999.494083125
5062,210933.10809036484
5063,91744.1465559583
5064,50171469.251328036
5065,2318149.535028688
5066,13919620.764651468
5067,33446275.02546835
5068,20985867.32543748
5069,71673902.90320058
5070,2880443.525605353
5071,72090949.72664692
5072,51231855.67452879
5073,5740301.619121812
5074,1955052.827723859
5075,3073085.4538346087
5076,27184956.29050406
5077,79418354.83828866
5078,4122860.070368806
5079,2980883.6861102255
5080,56994985.31460531
5081,35490016.73155038
5082,14132848.309991213
5083,184935.03787309738
5084,7118448.538251303
5085,114281.12153882958
5086,8369895.523661073
5087,4520455.630590533
5088,1632332.3800813581
5089,576179.8691958458
5090,4944907.950843144
5091,12059897.490949871
5092,31794260.010114495
5093,33792185.83204093
5094,44318309.02958484
5095,67307828.29212004
5096,32407729.403998837
5097,75264.8582916661
5098,58007.81377148097
5099,3096034.725951557
5100,902821.7048508653
5101,243316.3742266451
5102,329852.5750259836
5103,331040.7347595288
5104,31859602.743922766
5105,1100485.748254206
5106,1335176.0010682873
5107,428766.7943050864
5108,9548401.890748437
5109,69903.66758106236
5110,31506141.825758193
5111,56337974.83281049
5112,4252516.636756403
5113,123887.67552630552
5114,5945487.207704648
5115,2256565.821058845
5116,657216.956822523
5117,179791899.56232476
5118,18437545.96623601
5119,83930.87226239
5120,268508.5945386704
5121,56636132.92687012
5122,18036105.12219291
5123,14224432.211317165
5124,2949366.4330582796
5125,14520714.317829205
5126,8965733.119922033
5127,27940899.46394658
5128,73071.33802318513
5129,2187094.9784323745
5130,29514661.284803733
5131,7228006.102814496
5132,17925769.980436135
5133,65006688.3001924
5134,78404152.48980677
5135,98077006.81005274
5136,839575.4668970093
5137,58738713.7898542
5138,15526401.578654759
5139,107694235.87082417
5140,71531030.7743762
5141,28770836.635169405
5142,93737441.1099645
5143,67195995.11346862
5144,42352278.02042959
5145,5613734.607243909
5146,224874.13114829452
5147,1620653.894329219
5148,20251568.678250145
5149,558527.3312780004
5150,435075593.91028863
5151,232315037.3897959
5152,68174932.90138853
5153,1316963.465795592
5154,29236176.814617943
5155,141533.49986763805
5156,511415765.7715043
5157,3988347.147482807
5158,106870.12021938749
5159,76730680.35924637
5160,18860167.866940785
5161,11145316.222247303
5162,47538052.83626843
5163,128935771.4002292
5164,220298.60219938323
5165,42357548.84597609
5166,88801220.6019851
5167,1195638.4699084444
5168,2700182.0197216026
5169,12433659.40789131
5170,6253032.8921867665
5171,56560794.180646725
5172,4450528.913494259
5173,64375809.13275383
5174,90904627.39255813
5175,578638.1068281756
5176,2278903.708901996
5177,134537953.46749008
5178,391051574.0580424
5179,794412.4900842903
5180,31506895.95588163
5181,123459.45558338964
5182,21944230.395695724
5183,1038219.7980861487
5184,13640053.969335353
5185,5550432.584190908
5186,4914685.206544402
5187,1652789.6536341081
5188,2525355.04592558
5189,14733518.0317801
5190,221689783.3042611
5191,14194554.960875489
5192,57369104.00641666
5193,119010635.82354634
5194,56056965.92203099
5195,125340537.05438067
5196,36263016.46805093
5197,29034984.23823724
5198,42794573.92810161
5199,9613977.025094425
5200,9920253.095216548
5201,14999318.70450808
5202,390446.3277803268
5203,473160.4617431294
5204,49024.92503599896
5205,4946183.587123801
5206,12302131.64289094
5207,1328586.3234273433
5208,2453926.3102375837
5209,89107041.68690684
5210,14417547.360020908
5211,3221041.043582485
5212,2602490.6428652843
5213,73363500.21859246
5214,59044.5838258027
5215,13231489.338830419
5216,29225547.774540666
5217,472846.76588181494
5218,6240197.938950014
5219,3986050.6003014464
5220,35474847.81110945
5221,138463.46800026816
5222,7552876.884633252
5223,73640346.45815162
5224,8860.661729585085
5225,233478.03353118728
5226,53812865.947255656
5227,388695.9807856669
5228,15772402.686631145
5229,155254249.3673067
5230,13504423.29052817
5231,7404048.255533212
5232,89884.47248792052
5233,142046.4208372237
5234,50571934.60633578
5235,11039366.313187715
5236,89513138.27458966
5237,92942609.71198711
5238,4948503.023430142
5239,21203069.303711414
5240,68456330.77768867
5241,20114928.74844299
5242,25853851.63499162
5243,2549946.96349075
5244,50256860.24764074
5245,744089.5833125798
5246,3905605.4906950383
5247,42024859.86836687
5248,157181.55104291873
5249,21711912.017877754
5250,134200032.93724324
5251,9390858.827308329
5252,72107.56576781094
5253,3284128.627834782
5254,94626.73589153038
5255,94439718.45410597
5256,27141397.27840935
5257,770642.0029531828
5258,923509.2552904574
5259,68509912.51421015
5260,2381242.5700394697
5261,35144907.456035174
5262,4590696.55276265
5263,25930710.472189352
5264,3561511.8396710353
5265,9601971.028033273
5266,27893731.43677203
5267,467722.5243509129
5268,6433124.812565643
5269,54646729.45849249
5270,21712968.84974061
5271,8609174.765595261
5272,38889454.973987214
5273,67803.88980143431
5274,24858459.24542678
5275,16546104.758394789
5276,8786139.52301043
5277,774928.6414373919
5278,11047364.151867764
5279,4629174.987345553
5280,367770.4219561256
5281,1967144.2002736991
5282,12272233.236870106
5283,122318.2971613647
5284,7644048.563420754
5285,68896294.10189503
5286,13931967.912066152
5287,5123915.736376455
5288,122364.52651059057
5289,75635740.51284015
5290,117431339.176535
5291,554573060.5119469
5292,74732080.37555265
5293,142464224.7775452
5294,252990.3933403613
5295,606835166.027094
5296,1634015.8024970538
5297,64152184.85454206
5298,83008819.46623996
5299,4617720.611813671
5300,601839.7600272669
5301,8000668.67135819
5302,99721671.1078385
5303,4078146.7096891426
5304,3371360.2384267435
5305,1442878.0750906535
5306,37341801.18587026
5307,204563117.86748517
5308,85471.25815440145
5309,344265.9501730262
5310,65969498.63615006
5311,2236477.4071907937
5312,89692843.16413857
5313,388356411.7773066
5314,47160546.96031847
5315,1231953.4351858564
5316,28096047.555264816
5317,10041085.29869138
5318,7781653.135819792
5319,8286625.394116938
5320,20784136.76632165
5321,17463195.301589247
5322,180687.3798162069
5323,82186703.70947112
5324,7073213.391752887
5325,2951652.6274796156
5326,11350825.25685624
5327,61012307.30265952
5328,6372360.631385282
5329,1081524.550894135
5330,99333357.67621355
5331,1064583.6505024044
5332,2315370.3395119794
5333,24381786.612065192
5334,17786319.951634265
5335,825991.2089419885
5336,3511924.3775639725
5337,424562.5718060293
5338,19377864.675366264
5339,13883455.40154941
5340,1150379.6899494843
5341,91357189.32611905
5342,157635089.2844323
5343,21796876.35023273
5344,61868552.88743438
5345,95656.37506458214
5346,52332713.587910086
5347,72523.3014283874
5348,3147733.0631408123
5349,131811.46393489608
5350,534371.3796322438
5351,120805707.6692377
5352,1838608.0665623855
5353,23654455.203460995
5354,69452911.67841265
5355,48648076.207534075
5356,18479676.54240787
5357,1046852.4278948783
5358,45252968.38077553
5359,19200834.532841377
5360,101873774.7231707
5361,2942725.1463859836
5362,1686768.3464242637
5363,24939038.55096929
5364,139301.21729007023
5365,41859461.64766737
5366,81809964.71461074
5367,82345385.45571981
5368,3097952.645934869
5369,284288822.76601905
5370,25667842.567806456
5371,33179303.90024005
5372,523867605.23219275
5373,16789576.92921787
5374,67593834.41932696
5375,108924377.79294328
5376,132366802.35013905
5377,12009525.87445217
5378,472764.0152068707
5379,9697794.777653279
5380,43453450.43315588
5381,89846760.59362645
5382,52722435.99911
5383,110169.64694630202
5384,257965960.99627754
5385,62837727.20917582
5386,13321020.321816223
5387,1932200.3382780731
5388,261725527.96120787
5389,33866455.70722353
5390,2783900.4641122846
5391,23341090.272700097
5392,131531.86153709257
5393,2282228.3908272227
5394,26107315.84326635
5395,5508548.007603198
5396,65614920.795522414
5397,800646.2418248343
5398,6663323.250682675
5399,45267.92605623826
5400,10690304.888660083
5401,48134423.89497235
5402,37877826.21127469
5403,12244873.779175756
5404,1594815.4585789633
5405,58701735.56330491
5406,1463292.5421826025
5407,174067506.2341897
5408,565460854.1379737
5409,74788618.83131127
5410,524786.9592361759
5411,15257629.180889973
5412,76199.73157449144
5413,230979.68411095385
5414,117371836.72064279
5415,66684685.14162159
5416,20487195.276680935
5417,168275450.72826985
5418,39745.60793714478
5419,289488.19444286934
5420,15500982.538224205
5421,36577937.853488214
5422,97704707.41404161
5423,204299333.54878858
5424,110929312.85263628
5425,14599057.600653062
5426,25336701.402969807
5427,386527.2396386101
5428,1241020.132134468
5429,43972907.438219324
5430,107209480.1462775
5431,37065453.496932395
5432,117957817.95480585
5433,31011345.932321157
5434,35235571.00117303
5435,2972002.1959959078
5436,17874797.136330176
5437,36325075.5147947
5438,2727332.4790029284
5439,1120425.7568038134
5440,134091115.17345428
5441,1517733.2621265529
5442,97760560.04714325
5443,78258133.34626772
5444,24527834.307405535
5445,38045418.03117852
5446,93360538.48603517
5447,8097051.910901567
5448,6236145.656828733
5449,66545623.643531404
5450,1997692.5612301012
5451,9046273.191364607
5452,669962.6028106594
5453,212509580.4986771
5454,52881130.70107398
5455,9829221.780012751
5456,3208255.0720254253
5457,26768580.942988485
5458,4792158.612088875
5459,10414514.679038791
5460,137063.42020225513
5461,30906.39499796882
5462,450244.4213226726
5463,665312919.673251
5464,621135.3935847586
5465,16781827.066379726
5466,26968339.353608776
5467,36983407.64892157
5468,70221827.9586708
5469,59948.86946263485
5470,164906719.56319532
5471,69284035.5230579
5472,58923973.576619476
5473,7865199.917759952
5474,19769469.301887248
5475,15400933.224271955
5476,4499816.80772867
5477,5030015.253422037
5478,65848907.57946142
5479,70882480.7140009
5480,8686348.082303666
5481,328775.7712352051
5482,23397883.388605565
5483,7162061.008397033
5484,123774683.12715729
5485,6333606.004490678
5486,925607.7272797064
5487,418745038.1202892
5488,48352118.14442779
5489,23822484.806560982
5490,316535.65042950166
5491,41628002.09318501
5492,17648581.606416937
5493,9530802.872547582
5494,25081.009235431393
5495,13300579.020318497
5496,22041000.834726945
5497,25877815.04958405
5498,573093.6463011747
5499,58389307.678948686
5500,35120445.79538793
5501,578420.9876170207
5502,2311485.851218405
5503,12014802.441327646
5504,25132742.10756593
5505,276701.6839151808
5506,216050476.5148398
5507,18648247.660581175
5508,89939738.28472756
5509,119724780.3853228
5510,14949691.06871684
5511,1856566.4880097685
5512,69875299.66091196
5513,675462.7946329163
5514,10521079.247899989
5515,892833.8714857075
5516,101750.03284788708
5517,150162669.21060687
5518,5688295.927027553
5519,201928256.20117694
5520,118475.85974391439
5521,12660387.611007577
5522,58881.95490386902
5523,257609058.20250097
5524,385884155.1967755
5525,56653238.77642486
5526,2662501.1136406558
5527,272682.7523546127
5528,58823614.37327307
5529,50926.48364572759
5530,191827097.42283252
5531,234410.8703719678
5532,20630733.31427919
5533,52919204.844388604
5534,307633448.8954661
5535,1395656.5488184006
5536,1130588.8292512253
5537,6408516.975818617
5538,6762123.129624331
5539,130313992.35671331
5540,20612340.272183128
5541,112315286.62208752
5542,123184.01854648853
5543,3824658.9827081137
5544,38026523.610904805
5545,164734.03509851216
5546,9938480.827504184
5547,5662253.280962944
5548,5160295.449945329
5549,45601517.03977571
5550,29049165.62578248
5551,8402616.875624556
5552,52831411.88145131
5553,32813956.68458277
5554,1620565.7209256887
5555,23304533.895699013
5556,19100661.36958418
5557,6876723.363738777
5558,576384062.1998711
5559,3304504.762699078
5560,63580.68774130508
5561,13964894.583929745
5562,31412154.08476174
5563,15581.14718629839
5564,1054110.8225051677
5565,6494289.492589399
5566,9698713.601077124
5567,3611206.514291954
5568,18354147.964479025
5569,41941664.29128687
5570,27703573.48885347
5571,65168396.35068602
5572,469292.1306243798
5573,91793075.47775556
5574,9857983.320139855
5575,86202116.20660035
5576,45895335.90578366
5577,32957225.288687207
5578,14732429.132635774
5579,8252121.844809659
5580,870433.0049404247
5581,15285709.74491517
5582,21474690.059531193
5583,37490944.61767796
5584,14057257.103766
5585,6476648.922855144
5586,528172.4106224431
5587,13128902.649507595
5588,151625123.19476977
5589,53552546.29633416
5590,1140703.5603088513
5591,7469905.485879871
5592,1761856.1806791027
5593,15825031.97378368
5594,1881931.8414426276
5595,31613248.392589513
5596,142301757.95338523
5597,1656891.4455173642
5598,7877357.0234201085
5599,4559626.832395
5600,14955982.634844247
5601,29162820.730328448
5602,107801978.5244738
5603,397578.2714873538
5604,12391337.178614438
5605,151398526.64068234
5606,61322847.6343186
5607,20159110.957388554
5608,52447192.491273746
5609,13958983.63520869
5610,23361711.939083453
5611,39070297.64110163
5612,387173268.6538837
5613,5347625.79422094
5614,10035762.551782403
5615,35079339.77376753
5616,9378165.104005875
5617,151880838.19785592
5618,21222946.01942342
5619,44997120.042908594
5620,1869309.5447083064
5621,28040994.9179434
5622,3783985.9586752523
5623,10918770.620154383
5624,456969286.4903406
5625,1316472.3934393977
5626,2587912.354067352
5627,83264366.15443343
5628,26431474.810125936
5629,130643554.10891326
5630,13172207.137161512
5631,46946218.67169016
5632,55508628.21500578
5633,9814634.222693948
5634,1401432.525617661
5635,49873248.163625784
5636,1766283.1603784065
5637,4114861.4945564517
5638,66390357.62006277
5639,1054093.6668392664
5640,4332097.260192446
5641,48573042.49234151
5642,8295928.481096268
5643,562727.4524325745
5644,691782807.2976189
5645,187663698.12987512
5646,8279223.28165319
5647,4734228.625051973
5648,49957408.934648894
5649,617608.1997843487
5650,85772212.68654352
5651,26085445.833360564
5652,125864.91831319084
5653,121030340.9140269
5654,53039735.3003403
5655,34631966.90302127
5656,684038101.485703
5657,29395.69870468238
5658,6357726.726148514
5659,19332930.114435438
5660,77941177.88187577
5661,3889730.5581570347
5662,394608519.41223437
5663,2735053.554442897
5664,1420805.4821293433
5665,53203523.088034265
5666,12853993.529094787
5667,31802696.105404496
5668,423481.02735640196
5669,1858023.1013822593
5670,369233296.499011
5671,16070453.014264407
5672,3078288.8158754567
5673,64447785.11176559
5674,4904469.695899734
5675,490874.4219269304
5676,204934.00031209603
5677,49441948.70694002
5678,64409291.04723024
5679,1705547.978987513
5680,27457553.175498072
5681,513399393.5850135
5682,533040.5223399193
5683,430854308.1384634
5684,64532584.835610434
5685,3428235.6672684546
5686,456118.5569841126
5687,60908838.84124962
5688,18923092.82289128
5689,16195451.896967836
5690,5161856.317752826
5691,44706014.19850172
5692,293661714.37447464
5693,26849328.215738818
5694,50855360.8346379
5695,4078334.6846910054
5696,27746029.80547676
5697,20448.99828395188
5698,5584148.4819968045
5699,974714.6054112096
5700,78619110.88667512
5701,12183499.734338814
5702,24373052.019812986
5703,80441020.68619984
5704,20681055.443047334
5705,6768963.314288984
5706,79543.52106612812
5707,49683409.04756735
5708,2099038.310025567
5709,15687609.33387936
5710,635672.2913648961
5711,15510027.273166489
5712,94403236.7687716
5713,1644641.164891377
5714,5565616.067955627
5715,5025553.683019153
5716,48498.02894350279
5717,10583244.17164942
5718,1767064.4738227886
5719,23560386.617332336
5720,3900953.833156399
5721,57551082.501562715
5722,1793324.2599827459
5723,20731323.45649722
5724,177827.14853676173
5725,679562.6054182205
5726,73484272.29623012
5727,105393839.3813013
5728,2777331.9671573816
5729,128534902.34745951
5730,6080319.732659315
5731,53950.19959780504
5732,3258838.997516888
5733,807675.0011570737
5734,9671043.876722671
5735,1763372.0511614135
5736,39752251.43806616
5737,33021877.258173905
5738,49971175.90740111
5739,15457467.83443016
5740,9561977.19677242
5741,75797474.80220127
5742,51476440.91942155
5743,20951424.666345604
5744,16278.666048652816
5745,1748408.812374222
5746,32099100.310389463
5747,1464325.6431453072
5748,82354569.27347021
5749,80431048.36133161
5750,33083957.619526397
5751,47947112.16784966
5752,3721337.325101765
5753,235935096.67776927
5754,13729996.763423458
5755,76634117.99843301
5756,13139414.435663087
5757,9271919.98603961
5758,158578.49991881943
5759,16591911.80549159
5760,1494260.4259099537
5761,30084.177300642852
5762,158501208.89491618
5763,60148524.88655688
5764,709044.3586020527
5765,44175795.10126832
5766,29003616.70155411
5767,18422747.47569317
5768,23881229.099588174
5769,191283769.39855638
5770,4191891.569071065
5771,15582855.871073192
5772,12399273.441744436
5773,263556405.15277278
5774,41305653.36470873
5775,42642925.4235131
5776,1762859.3379992084
5777,163287485.63774642
5778,85559247.11471319
5779,124981524.41340324
5780,4036422.781619459
5781,84087999.48829079
5782,53671962.5994029
5783,90607525.76596445
5784,170767.24483463968
5785,48794458.17490419
5786,12732254.21245968
5787,106979713.5080971
5788,662090.1326726532
5789,19081239.980677363
5790,66103853.291725434
5791,104470338.35021558
5792,1747497.6405425316
5793,21108553.33391681
5794,53443916.269846894
5795,65793902.87222034
5796,25410720.18927707
5797,35894232.13111554
5798,17114.89220372685
5799,194772290.93354595
5800,82513.17893115175
5801,9805921.759932915
5802,4917718.785351969
5803,988713.443646415
5804,297152609.7709205
5805,8598943.261275144
5806,9127168.386833308
5807,27070580.750944607
5808,33762331.32118753
5809,10036759.573697431
5810,23081.25579323088
5811,2326346.3611528045
5812,70143071.6127731
5813,108801259.1389363
5814,7856819.847011523
5815,2994063.076165925
5816,7265757.474605979
5817,189938.0075030061
5818,1559312.0898035197
5819,18954404.27149376
5820,11326818.761882393
5821,325843.5549345653
5822,27381.364937201128
5823,25886535.353399582
5824,28925085.68952389
5825,4615588.299840527
5826,4505294.489497195
5827,137922.2233989236
5828,233433880.00075665
5829,39913143.99027523
5830,12995717.147881448
5831,50722802.6365017
5832,36154034.25357333
5833,10017701.467131542
5834,5442669.497072147
5835,61934.935265306696
5836,54425074.40577382
5837,29568366.607114185
5838,152523.60290473863
5839,49363371.72279571
5840,51246.45860691971
5841,54194803.84053184
5842,23624426.294247217
5843,11281784.562908856
5844,1318996.0688145892
5845,126123.67985836693
5846,1167929.16257328
5847,53751166.36211761
5848,45659864.07768101
5849,278110.7812010621
5850,33175423.466325708
5851,8093763.016453549
5852,7708058.150893844
5853,30010113.39765484
5854,20815567.44043516
5855,77218126.25647978
5856,9879627.645995501
5857,602920108.2915256
5858,22832.248555227005
5859,40267763.59488725
5860,116234607.98841184
5861,971840.9317993575
5862,3534434.770120322
5863,47946288.0728604
5864,550723901.3880963
5865,7222268.943238622
5866,3457225.5101192696
5867,2471274.9154068115
5868,27264224.607346937
5869,2442639.8746852996
5870,209639.04680560765
5871,43452437.83231091
5872,119552073.6192204
5873,4340678.089275799
5874,2125558.413388012
5875,39058781.665007226
5876,65966607.064911574
5877,2742222.501301539
5878,66320042.73260403
5879,2198262.5294851144
5880,77448285.76859519
5881,101786830.48716462
5882,246522017.86429965
5883,2797707.603190459
5884,25797962.769873794
5885,9838609.83301487
5886,4606880.365638265
5887,11538097.442069802
5888,7116521.049504855
5889,2576421.8106335294
5890,34615045.63123209
5891,36142434.78023024
5892,7894647.17919787
5893,851160.3906905402
5894,98138981.29843086
5895,15959835.871354064
5896,54510541.69211902
5897,169118.00230915064
5898,27784089.711015385
5899,302279.66648752836
5900,8397710.748155523
5901,17409.71439029101
5902,13338942.002878444
5903,78321574.43043596
5904,28527389.682919387
5905,35836817.566527955
5906,62888770.049580134
5907,2356269.4624093254
5908,43563218.36516208
5909,12099531.06822943
5910,7529046.026559402
5911,3054091.715224539
5912,186892213.8476062
5913,42571549.54940047
5914,13470832.718575088
5915,2160172.967695592
5916,21709903.838822704
5917,174449499.79774982
5918,57690354.052827135
5919,81222259.69124801
5920,1669333.6889864588
5921,38276728.83045072
5922,2142597.4961104165
5923,3439048.8172493377
5924,8485797.953578591
5925,327320066.6929734
5926,130521.84064161564
5927,772819.691197681
5928,48159177.71872332
5929,78266.66485644941
5930,39061084.47365234
5931,29909840.534528587
5932,68485.63380176887
5933,4879371.262300618
5934,25162672.785676975
5935,220333094.3081803
5936,57082605.00772837
5937,790261.6602845456
5938,3945911.19191168
5939,23781947.471776154
5940,97966913.5836612
5941,3022936.490085705
5942,65564327.889574625
5943,907769.4229725797
5944,16285456.95795904
5945,2661010.9628517097
5946,62827.26297137719
5947,150320.84596095615
5948,82072594.31622656
5949,457507.92797534383
5950,135183785.8347163
5951,25418110.05787851
5952,3208466.9966395814
5953,83709187.84035689
5954,11026206.109929934
5955,23461368.785324242
5956,50130968.38364878
5957,39426960.236793734
5958,40590590.82356098
5959,2145858.241803835
5960,2231230.7171537755
5961,394650.13240503106
5962,6021197.803281294
5963,24046183.687258158
5964,61152558.003318064
5965,40128696.31944734
5966,29149405.03521509
5967,211890401.1842034
5968,53448161.97314496
5969,44530696.477528
5970,15680529.923410205
5971,3777398.1111756004
5972,15729040.735474793
5973,54429675.46995607
5974,2046251.920941482
5975,4340126.56519319
5976,714240.4646624735
5977,101641.9174391555
5978,329181788.122023
5979,1772892.1083275215
5980,101497524.56453738
5981,2014698.279308071
5982,124226334.19730616
5983,451609.8583930177
5984,42950569.101692736
5985,81202714.99162306
5986,34647.141044356096
5987,3069389.1466170712
5988,25209050.259926748
5989,304501.50273457944
5990,87463453.17316602
5991,381507.86100447335
5992,15238424.602770265
5993,36951510.34121844
5994,538417.7920694466
5995,21306050.39703603
5996,19359012.979797777
5997,13756596.894874165
5998,168565971.49542016
5999,215698.96310861572
6000,3531374.1731582405
6001,3591549.278562834
6002,5523018.790461466
6003,260396560.82508513
6004,37630587.38965513
6005,4416819.738798063
6006,12242127.739355218
6007,8791345.477678804
6008,3159392.4570924053
6009,60758240.33932883
6010,51530209.34082084
6011,17023416.674184784
6012,9587858.64044813
6013,156931721.31213307
6014,5857077.030027916
6015,23614136.048072077
6016,8501039.59732373
6017,176347.11045180607
6018,14675118.625996692
6019,374030.53313531826
6020,1637965.6894546016
6021,3997748.031649082
6022,4320953.590736651
6023,1993150.797872783
6024,372608.3796580713
6025,3093647.0229855212
6026,128889086.463753
6027,6620896.541570959
6028,91572499.13056338
6029,2311175.39652993
6030,206562556.1327213
6031,38906786.9894329
6032,34316.3585637357
6033,38876887.887048945
6034,3142399.2572232806
6035,192838834.1398899
6036,907961.9977888117
6037,164424.23372693625
6038,52836.45330621124
6039,1991714.5265411972
6040,37021154.1535385
6041,195362840.48242882
6042,15270.390515316503
6043,114816216.38963807
6044,2629323.927247622
6045,43116758.554032736
6046,192003.6869620499
6047,680336.7386160712
6048,8517436.599534877
6049,592162.7976463974
6050,313031.01172055345
6051,167985.01505272358
6052,28638706.218116403
6053,119033.75326669641
6054,439116.7503681762
6055,8220009.606342856
6056,26372260.883504774
6057,563742.630103462
6058,19881566.152229633
6059,99495722.99595012
6060,36262670.68410119
6061,51426144.493555605
6062,2748450.4667009003
6063,81123532.63378571
6064,182505.4401736359
6065,51388499.068111286
6066,28873211.592612218
6067,71466950.38823639
6068,51375.18784165286
6069,125496755.44293064
6070,98951412.89379339
6071,3868213.235105358
6072,14835531.129415156
6073,21170694.094904087
6074,565947.8363827941
6075,1347145.753975257
6076,43500637.51941649
6077,658113.2334043953
6078,59200982.56902278
6079,292190242.3940852
6080,2557380.771064555
6081,465949.9483461154
6082,2109379.9984775395
6083,94315771.60652469
6084,18895004.19719578
6085,21288048.237176824
6086,1786573.6111565668
6087,29085059.798354078
6088,1768880.8227519565
6089,8913032.71471318
6090,180073922.94240803
6091,176874.964049136
6092,4207627.734987983
6093,14429834.333926167
6094,64722328.554471895
6095,71278618.61709999
6096,4305328.767287929
6097,20151261.872515965
6098,16059054.069914505
6099,27529192.500185583
6100,35095122.341638975
6101,96864622.2011935
6102,70989567.1297468
6103,62254266.76082999
6104,37033.265245080634
6105,1757901.3672410403
6106,121695.53147363717
6107,46624.12373522552
6108,31150442.54627561
6109,3470590.035374327
6110,94089157.07751092
6111,47655.46034308267
6112,18436.260189789715
6113,3804215.646870126
6114,49511245.81773922
6115,101591724.08541925
6116,133982.71266923795
6117,10652403.38336322
6118,86951660.76635186
6119,74564925.54994255
6120,53858318.76967203
6121,564038.1611389848
6122,88478181.17703871
6123,192163.9692720642
6124,2093731.1545196015
6125,5722187.037467954
6126,8593118.852610214
6127,2696161.6200413746
6128,129718981.36732404
6129,4718881.422054593
6130,15079.692525156837
6131,8159487.003800659
6132,27858.16643488083
6133,5469550.14719896
6134,35861182.57037444
6135,37180646.50178186
6136,612368080.7958279
6137,57725543.08290706
6138,1518726.786995781
6139,630627051.1425306
6140,1555517.7699732631
6141,14961397.987348184
6142,170837.75442459155
6143,647641.5292729159
6144,8532067.824805366
6145,8487961.52675819
6146,9508841.748813905
6147,53912670.781514876
6148,9671458.528231176
6149,46402079.413617685
6150,187671061.45361805
6151,9734010.388364427
6152,683770465.7298468
6153,3695945.906008794
6154,245548.13621314598
6155,113926785.37280178
6156,3729243.1035328726
6157,9327840.624088254
6158,84328469.48411538
6159,15622040.08823436
6160,26138334.291177273
6161,10955264.740658391
6162,6069861.421314338
6163,3062790.002663039
6164,2124850.0412178254
6165,8803868.232327191
6166,14435947.777207475
6167,9351057.970976967
6168,14914595.59271547
6169,52991588.726150446
6170,9048713.135627178
6171,16612213.463541579
6172,624756.0137590971
6173,12263886.883920852
6174,57086742.734458365
6175,5596962.6696844995
6176,25753752.50976206
6177,53737059.87662054
6178,1588083.978021388
6179,250385429.06434903
6180,38695656.51289388
6181,16539449.408785077
6182,362967233.06131864
6183,3583251.001490582
6184,364347086.9980663
6185,6414986.213045772
6186,2004339.4988308158
6187,2179641.5221502446
6188,22168422.465101156
6189,5330377.305617621
6190,88111603.69314718
6191,2879220.9009523895
6192,37051999.01787457
6193,10329890.138653236
6194,734791.1650862036
6195,1232266.4825104189
6196,27997166.824138835
6197,2756669.407327707
6198,80260096.04682094
6199,593029156.3451005
6200,867256.7519209877
6201,4586699.257165532
6202,144639913.9191575
6203,553758194.9424264
6204,1142159.3280395407
6205,1314158.0833023838
6206,25240331.512519576
6207,52912191.40587497
6208,43746747.38833109
6209,82029.11762446418
6210,139496.83350143326
6211,50735993.39201582
6212,8549885.328385727
6213,26197761.676032484
6214,4518031.4275826495
6215,9962482.375744745
6216,20669193.002849095
6217,24004.550248215706
6218,3912523.827732974
6219,25220487.141077485
6220,153880.52028676943
6221,7184229.681224088
6222,737219.7277671815
6223,25235537.135531414
6224,11189403.652309122
6225,56375060.31280988
6226,4379365.777169644
6227,9626446.83208773
6228,378113.014626724
6229,578719.5372563421
6230,23639.378003134058
6231,88082836.54375534
6232,1359598.650129039
6233,112186063.72410636
6234,16412402.280675048
6235,31000940.536762215
6236,5152505.183724643
6237,3093273.8752429364
6238,2665738.4267678326
6239,192025405.56809202
6240,117259088.37182032
6241,199804.94381610784
6242,395532.972419521
6243,4545153.64899117
6244,22809646.60016469
6245,3572286.7342473157
6246,216015.27472240446
6247,283308860.87308127
6248,550662.0497817972
6249,4197812.494751663
6250,18788313.70015364
6251,59093798.837918565
6252,8235170.0707103275
6253,4195922.274733857
6254,114428500.99919848
6255,1523698.3620952447
6256,5404938.818629863
6257,74023819.6857502
6258,36169.07366249268
6259,230419.92346748282
6260,2503601.523923557
6261,65697367.55598266
6262,10514731.195426652
6263,23629076.044834048
6264,5085412.528049333
6265,843017.3426026731
6266,2962283.7298131376
6267,145015887.42001218
6268,70654.34652221006
6269,130528558.93112177
6270,91102735.49883935
6271,221945827.38711175
6272,1205343.8120448333
6273,14404747.413480118
6274,214722218.70456332
6275,34135131.84270063
6276,3491351.6413599984
6277,21234598.97986867
6278,726069.101013269
6279,8402950.86185479
6280,13833523.678202992
6281,2421730.708829411
6282,311572552.9024197
6283,20795716.162180826
6284,95465816.07205932
6285,45657752.52351311
6286,554893.6042777752
6287,3256159.834875199
6288,135864479.65621015
6289,109136102.15550186
6290,35826.30406104725
6291,25771229.65864632
6292,123953226.96484888
6293,375862002.8516664
6294,1334626.7553611258
6295,172049125.85968634
6296,3613482.825389789
6297,17872681.291819345
6298,885472.4610197848
6299,133922.71339294687
6300,36071615.991399914
6301,14362146.070972655
6302,3891515.2313069347
6303,1796427.6500994489
6304,9025915.809127461
6305,100579871.38795523
6306,53804773.9125378
6307,1097663.050199397
6308,158751.5130193694
6309,68057.99514773977
6310,49223205.035323754
6311,40948.33912527584
6312,681387.1327345786
6313,14081470.714177025
6314,33426973.37742072
6315,1391830.4402401664
6316,44593166.05342133
6317,107946755.39546451
6318,47258841.264817946
6319,57960045.08925621
6320,245296.87807609476
6321,60130181.277313545
6322,30617719.8965282
6323,8385018.865305462
6324,15428.346649286337
6325,44736042.311451435
6326,1651861.7939048114
6327,13115242.661088368
6328,21443241.29307206
6329,2006892.3290930532
6330,628951.6000572247
6331,95056707.44050804
6332,586234.0244068395
6333,4363693.498673706
6334,57692.88325925622
6335,47934649.61275994
6336,30341581.781086978
6337,54890303.34416798
6338,272602.7844977853
6339,10376064.686833996
6340,1556206.4751873878
6341,425103.98414962756
6342,3721623.3558953335
6343,20536343.868643973
6344,33655192.41386334
6345,1454773.029390388
6346,105721164.54578586
6347,83679686.73470119
6348,21232761.775287587
6349,69135077.64672296
6350,632856.503081803
6351,84147799.21503364
6352,53179926.10095554
6353,355568.3687466347
6354,965037.5828562531
6355,10378.336596925485
6356,4097250.4785529426
6357,3605249.2810201515
6358,782944.6361845676
6359,8824024.066480653
6360,10296624.786638828
6361,143201695.5189287
6362,878832.8427691131
6363,5251207.315205456
6364,1411594.4356087402
6365,114967884.14055529
6366,11542787.220015364
6367,7455246.660074377
6368,39225229.26587581
6369,2003965.3663402775
6370,154381424.3698456
6371,4297619.683177766
6372,15820689.428579904
6373,1229178.964923903
6374,6738166.323953046
6375,44293084.42502849
6376,6345931.979870599
6377,929699.904952752
6378,1638910.3548644925
6379,139779130.49123952
6380,3655796.179206653
6381,364089670.1929527
6382,79070986.1890834
6383,26319450.62565154
6384,48430259.544791654
6385,6803833.143483846
6386,291097893.9194659
6387,6194284.420519963
6388,4658743.494543554
6389,352761.45111417363
6390,26258429.799792785
6391,2038222.7434503993
6392,12984207.968771566
6393,230074901.5087074
6394,136933796.0854976
6395,100768.54513389866
6396,1702858.9779792153
6397,1753933.7740384436
6398,2695720.1135943453
6399,1154219.5474099284
6400,6909900.130560961
6401,281385.110721611
6402,19092341.358035713
6403,94609.97290200787
6404,13612076.975357354
6405,184383.88995983926
6406,3085734.6569165024
6407,7187906.827127096
6408,16653468.798162945
6409,67770489.26618183
6410,9297650.476192331
6411,319409.3873038047
6412,1961918.9543565544
6413,16551262.098339455
6414,462771106.29020894
6415,824867.3763108538
6416,376813.83719297027
6417,82790305.78695366
6418,39332303.091954276
6419,9981105.184507495
6420,27163002.4904075
6421,17903496.34434555
6422,32708.35638090627
6423,921653.2139855617
6424,64640336.17373912
6425,21585419.377965335
6426,5350678.325276032
6427,339249.787198031
6428,974140.2865775547
6429,12039405.04579348
6430,75124278.08841911
6431,83246837.98790161
6432,77287713.09111007
6433,15545739.001789372
6434,1282838.0758534966
6435,39656010.830350436
6436,44376891.916492894
6437,12203850.671078343
6438,19423528.22634961
6439,12350687.830376647
6440,41465486.15794147
6441,5718285.460969607
6442,4660394.541549755
6443,4396046.633054221
6444,72981.25811209092
6445,424663729.7439972
6446,249761548.40659827
6447,18754296.32436708
6448,678027.7199588951
6449,13636159.18729104
6450,5030661.212989201
6451,2151623.149776761
6452,26039048.182189062
6453,55096056.71888242
6454,15516379.090584353
6455,13504857.987918695
6456,20727280.984543394
6457,65049349.23493306
6458,253390.65836702147
6459,2163669.509025913
6460,86520171.18263173
6461,97248658.44424407
6462,120002206.37368098
6463,212494.96627146954
6464,6256283.147265635
6465,1458701.6545123914
6466,22054600.396031626
6467,8885941.807716992
6468,158892.3995671538
6469,7071481.488021329
6470,1090306.4874146748
6471,1821107.9312276838
6472,7871966.209059231
6473,5820776.585942527
6474,5521780.950852011
6475,544770.338774063
6476,233893617.71464545
6477,51958918.49571878
6478,10436776.071596418
6479,262889948.2725552
6480,39706484.70279262
6481,30587302.938078504
6482,412158.90770257264
6483,614125.8742870593
6484,93001351.08797354
6485,71622861.14076339
6486,156372.8986709724
6487,61859434.975082494
6488,33797080.666386686
6489,90449.79200711114
6490,212561.7637081766
6491,4762171.553152353
6492,9952314.980663432
6493,9148255.196115248
6494,88111110.4278694
6495,6758803.981332581
6496,298819604.34491754
6497,163706385.73389423
6498,30931504.82873485
6499,16816241.891318258
6500,679420.3082555579
6501,794273.2667948897
6502,110952198.2110541
6503,12862686.488909211
6504,8534903.376487307
6505,6915031.75785452
6506,2412183.7324459595
6507,2793898.8569376715
6508,74912694.18784973
6509,244269.8911176491
6510,604885.5184984013
6511,3354976.41194469
6512,223449.72662238003
6513,10175486.622493204
6514,7358385.560807335
6515,152790761.32403365
6516,33421586.80508575
6517,874220.3386982087
6518,6998473.013875862
6519,45075901.98352744
6520,2710195.0159526938
6521,146117767.74773934
6522,36560739.24878043
6523,22027852.371754494
6524,25118814.04632609
6525,49347455.26813428
6526,467718016.7796007
6527,412682.9922848313
6528,4243556.723935267
6529,1676895.8431239729
6530,70444025.23744546
6531,3271109.034929249
6532,12133751.959601011
6533,3278898.529196246
6534,219624922.54837105
6535,12324717.816124901
6536,21800791.890478954
6537,36891061.846701205
6538,28202594.71241951
6539,162670477.1618964
6540,69107019.7582917
6541,64326897.37414719
6542,20574986.87392141
6543,157681.69715061563
6544,7292247.232716554
6545,8455953.11746607
6546,483134480.81585103
6547,373247.7212170056
6548,54487767.45349159
6549,100976379.76083395
6550,22680407.439423136
6551,42309368.48535475
6552,1661902.2846520322
6553,42058.21034333908
6554,24537744.53558777
6555,2628331.4247466037
6556,24239674.38643607
6557,7599336.922635335
6558,55567467.58543406
6559,30501515.5427115
6560,178360602.06100228
6561,151253.3823357681
6562,65863500.351768404
6563,12568246.431840716
6564,3253212.911582148
6565,8075142.299502217
6566,26900481.719792966
6567,5974247.345716824
6568,15045196.587653486
6569,803584.0481870226
6570,49203818.77038644
6571,3987732.391167908
6572,74828.65441405031
6573,9245702.394581066
6574,23064818.31214376
6575,568750.8870531496
6576,9411600.142545141
6577,10621368.088856691
6578,24214017.988504365
6579,7513225.933388229
6580,804606.3626453609
6581,26402599.03270452
6582,12746.411658728475
6583,53215.00755515064
6584,104892.44903289313
6585,28975015.797040455
6586,57677522.75116169
6587,12558017.695225557
6588,1834970.898497638
6589,33857518.96165686
6590,109599935.81102552
6591,6133074.39397185
6592,116546306.12538537
6593,79531482.3991041
6594,36068765.87604432
6595,50267.79297644801
6596,83259195.34401467
6597,139201.66165194943
6598,6348993.648088599
6599,10217564.235729491
6600,979745.1418865809
6601,2049506.414237109
6602,524783364.84814495
6603,26104422.03202189
6604,4330395.670128725
6605,68130264.07763769
6606,627344.6471938647
6607,35761084.03252388
6608,724005.4249787853
6609,292397.45560472115
6610,5472382.824545109
6611,3863833.5264714397
6612,511006891.6163035
6613,44890353.23826665
6614,171459680.25496662
6615,507829.34990705724
6616,76453305.65813762
6617,41387709.05024144
6618,28463414.530801635
6619,8504257.409137899
6620,3067594.095633762
6621,22852719.096815515
6622,67830724.15922841
6623,133354135.1474688
6624,83670874.04507758
6625,84379290.61081234
6626,14065320.392429955
6627,67184717.31825648
6628,20739.570357622644
6629,3644954.7300464516
6630,428693.68313501024
6631,528758.574638435
6632,225111.79094717538
6633,2775202.002870369
6634,5376199.404524181
6635,84184.38371772696
6636,124052276.40401803
6637,34752899.361001946
6638,1529.3156220461678
6639,8795038.970242862
6640,2828454.1326094326
6641,121553576.04853623
6642,159968780.14716917
6643,1425245.1301962375
6644,99422.9943138208
6645,33254427.731958587
6646,15524441.116466518
6647,107250.55007825709
6648,25966206.05053071
6649,3112062.276135641
6650,1484427.399051873
6651,16453704.534987088
6652,426620.9862727988
6653,66105254.89939876
6654,68519140.26550733
6655,7152473.557258154
6656,8493006.079261683
6657,58687449.29509741
6658,3126990.1045953995
6659,3204815.312465431
6660,229205.18367865274
6661,180934.3827852982
6662,12498620.49257145
6663,385376264.25821
6664,846682.2991692468
6665,541352.6690933022
6666,25979649.869461693
6667,181412901.7270565
6668,10283761.573320499
6669,37258634.20152739
6670,1788216.9454364397
6671,19604871.568009652
6672,4087312.845939902
6673,99294458.26710063
6674,333341617.5359513
6675,59193026.58461091
6676,3826009.9660833217
6677,143976.23046016198
6678,4630425.8323548185
6679,403938848.5655472
6680,5972037.891515899
6681,748784445.804014
6682,37601984.06416463
6683,13201597.584717646
6684,45183.64315770095
6685,1878621.034091753
6686,4044103.549343843
6687,43794762.22615315
6688,18155619.45648561
6689,28465608.079272065
6690,246346595.4743741
6691,281716.3539074241
6692,249816913.06368962
6693,31093312.30159411
6694,47398194.091701455
6695,2210305.3532776106
6696,102580731.42176317
6697,5514531.658474049
6698,5862330.264932852
6699,168547786.6012921
6700,202931413.55895832
6701,38553373.379751116
6702,22305217.265590757
6703,4054225.397469412
6704,3009666.4182647304
6705,28460918.688030053
6706,19413153.805413563
6707,28442667.1542764
6708,3145711.7693793606
6709,3026062.778198209
6710,42048052.249577105
6711,11481084.787648266
6712,114102517.18715625
6713,534789.5922374779
6714,225146.88946311348
6715,8120497.544950676
6716,23304447.577105913
6717,267420698.26480865
6718,6705028.292815293
6719,17430939.130991966
6720,67320.00507933488
6721,56930304.61918234
6722,3341425.3752910336
6723,65898047.167861804
6724,20516789.715556853
6725,2021784.301398238
6726,57880492.45772498
6727,3813506.6434116513
6728,2602924.437400497
6729,9589950.517287703
6730,20990550.312297165
6731,415846.2803375333
6732,9337392.112077177
6733,11274623.295392964
6734,17148982.453370515
6735,63439175.693787724
6736,395584.66211896576
6737,1243964.1438569792
6738,2660777.243725903
6739,2996882.25376639
6740,537380.4577921175
6741,304682.8688370433
6742,30675708.0556949
6743,77671760.09723608
6744,6297961.935338937
6745,265220.91930866253
6746,45559749.47136858
6747,9962592.511962188
6748,379784.5564458846
6749,258120.43754839821
6750,1734031.2900804055
6751,2647796.28621711
6752,51604179.80891752
6753,8948052.65428709
6754,89231228.27584487
6755,1258987.92674638
6756,195000165.49450988
6757,28533598.70746045
6758,4253513.673046763
6759,101500908.34376399
6760,24156531.60563297
6761,18339855.36543968
6762,307499.18502358935
6763,19309486.95730038
6764,1039821.5321330976
6765,120804629.88622779
6766,170012.64540815057
6767,13599883.351622108
6768,82656677.89236
6769,21791857.73498203
6770,7144485.304674819
6771,1081628.0102784517
6772,2242269.372572773
6773,13358323.843324626
6774,209328711.729799
6775,468407467.62327725
6776,1509466.9517555416
6777,16833611.865655053
6778,82149481.96400598
6779,13741397.411660485
6780,78943066.5541353
6781,622542.1915688355
6782,65085697.45339436
6783,27067248.903373398
6784,65114.421598211455
6785,38109846.260070264
6786,1354925.415464701
6787,8104714.719666587
6788,121856.03298532875
6789,366604.32659830875
6790,2534345.6471582833
6791,22691689.29499867
6792,182009938.03089315
6793,48915018.67252645
6794,5438185.233299289
6795,6536149.832233784
6796,501243016.36015916
6797,3991652.9563722177
6798,23887255.35825991
6799,989036.6825501316
6800,74450190.4721488
6801,87344470.49545296
6802,12191161.801608663
6803,107805430.12463942
6804,103397.2638477049
6805,26215863.664711747
6806,7105326.383081513
6807,39584378.608780034
6808,1996838.7169556916
6809,9972214.564455003
6810,4408112.716648024
6811,68632799.04258977
6812,5133871.6738010775
6813,65014807.46603937
6814,482643.5415605791
6815,960204.0956182877
6816,2002975.6612292456
6817,38430.35014838469
6818,79421.41803663353
6819,30546315.587043483
6820,47357032.597114325
6821,13226970.64186059
6822,6838721.468235823
6823,30631124.311933875
6824,189699555.3698363
6825,23625448.8153455
6826,8953680.275532218
6827,188550.44930982415
6828,23430.366719748105
6829,462663.85359448014
6830,1523771.274892297
6831,66707324.80253244
6832,26058177.2608737
6833,1768035.549787149
6834,660365.9900223435
6835,75059537.65174851
6836,582738.6889409808
6837,88320429.15381588
6838,729715.4958091105
6839,2979415.208513489
6840,9306735.460677573
6841,13769858.755389463
6842,1303067.86615124
6843,2211494.829707291
6844,46109311.6789651
6845,9278083.99844476
6846,57124736.88470697
6847,987664.0649131628
6848,8025048.746234221
6849,3179679.4233797397
6850,78127223.66101156
6851,95289181.63731737
6852,2489984.8355508666
6853,11275175.666392988
6854,18528976.853730194
6855,24985412.650306534
6856,21314.25203945811
6857,13637119.853603462
6858,2414955.5803730325
6859,31541786.09218991
6860,4383188.614896597
6861,18665871.60194745
6862,14906756.644309582
6863,275061031.52203923
6864,2247086.5404726127
6865,2306529.629372712
6866,67109348.81212854
6867,27760236.59727309
6868,685664407.7116015
6869,26456348.135292552
6870,139408.3194634393
6871,60123012.39284225
6872,53310.188697817226
6873,12977493.604491703
6874,23527523.31531033
6875,2063330.1823045681
6876,11901893.534913458
6877,19446350.166631848
6878,1557623.2426491876
6879,465774.62608190393
6880,431567.47583182
6881,805944.6704638107
6882,66419536.29935111
6883,60714002.80289547
6884,6520336.631411107
6885,3491680.9603426284
6886,338655.6944388168
6887,15770026.509876685
6888,68706297.13549668
6889,1025253.7886333123
6890,9482873.623725098
6891,41037068.79600138
6892,97177871.79448974
6893,158516021.08549067
6894,15725195.297186699
6895,1054627.540177106
6896,56434.7262349967
6897,540964.6258129707
6898,3917917.079885065
6899,6945409.752567835
6900,43341078.61086916
6901,34059128.71083911
6902,678113.5062072579
6903,20934222.926286295
6904,112405180.50100219
6905,27370486.539781127
6906,117557657.02249327
6907,16844762.429423332
6908,6634283.346372173
6909,264981.5060167779
6910,1975129.3047551855
6911,5535315.607048641
6912,4245938.25725968
6913,188197969.84728694
6914,202477035.50162607
6915,13236066.301345091
6916,16718488.205182374
6917,649437721.1466166
6918,46184274.61806841
6919,1268662.050793968
6920,59168265.559542745
6921,239202453.65152705
6922,10331918.741530437
6923,4634700.740183694
6924,211607.17956867264
6925,9013477.06714108
6926,6594145.955659957
6927,260042.75743297327
6928,22910145.152680628
6929,36281592.12379328
6930,104297272.9551377
6931,4885564.936395963
6932,919212.2263129085
6933,3882804.1158136055
6934,68720047.84023616
6935,69618.99305801823
6936,7955658.472517877
6937,112953471.17566773
6938,928107.9257541453
6939,763577.8590709553
6940,68531841.82923353
6941,53906872.46153069
6942,9525328.035375455
6943,4884562.943047733
6944,87686589.23188196
6945,10633943.54768395
6946,47123548.810934365
6947,3349758.575042437
6948,14836002.268357355
6949,38612623.44191889
6950,339009816.39145213
6951,238498.84631026248
6952,15297451.160884317
6953,18063606.906108756
6954,4826718.288679234
6955,46695597.65835384
6956,1065977.7295419986
6957,1308472.5934508212
6958,243837.39346824985
6959,3950140.509455519
6960,23616250.995686788
6961,6510361.827651217
6962,121151187.64196719
6963,4484752.4750261
6964,50305092.13803997
6965,1088875.8785207344
6966,37290445.93342377
6967,161087231.64116386
6968,932895.6759239796
6969,127834.44344311034
6970,7999829.730710356
6971,68872343.48689996
6972,116485.39270170467
6973,26069899.13346223
6974,54469827.02919825
6975,11182546.682156175
6976,5301033.542361282
6977,1218203.7288078608
6978,451418.88033931534
6979,38576352.57733184
6980,13636018.595338287
6981,1322198.5345799157
6982,14899199.885369275
6983,1769692.038957623
6984,76638672.80017056
6985,177520589.08216664
6986,23246418.624963492
6987,683358.4021626036
6988,17889723.278615892
6989,1041091.2030708232
6990,160650795.72456187
6991,2170411.125533877
6992,1812995.4225055028
6993,121790.45178445078
6994,40313.89480784841
6995,26258895.6934763
6996,61068187.095965795
6997,22058.51776992027
6998,7321615.535754751
6999,66844361.36327782
7000,1564485.4417205404
7001,2393892.759793675
7002,586701.1113855895
7003,2714696.713235611
7004,10743047.311811129
7005,143764.7987163632
7006,135430.9374969927
7007,3914157.8622172563
7008,45058813.07455584
7009,17303843.607857503
7010,4850293.552508069
7011,73021.90819660014
7012,2213664.0753003233
7013,2175019.4144123862
7014,93933.89305105561
7015,137087284.50837836
7016,236221087.42608953
7017,15010486.512082307
7018,22623108.073303364
7019,58184721.01349133
7020,39327356.57519722
7021,1484839.4594129228
7022,21253891.064005945
7023,40414016.15180858
7024,3974318.6281760614
7025,5236817.78588319
7026,142874542.75714052
7027,42161337.21070858
7028,3133072.8884095573
7029,39962159.249047354
7030,37541241.90079884
7031,50077793.60578523
7032,7374751.714885324
7033,3206741.1054474125
7034,4796825.1365485
7035,14995345.289642418
7036,3572231.8421100043
7037,6924799.468756365
7038,7492367.525186809
7039,38577415.27020653
7040,3221341.114130599
7041,48256333.89141597
7042,111740934.18848462
7043,143692.55159887683
7044,17440301.95480658
7045,13098931.085003018
7046,76079027.91248117
7047,147503357.30121505
7048,10444364.525969313
7049,19661062.288920455
7050,39616.834876857734
7051,7614819.986584044
7052,55179851.236955985
7053,6810961.095141836
7054,41155567.245914355
7055,56543962.319485284
7056,287264807.60927534
7057,22869580.85430346
7058,2870578.938486809
7059,12351311.82984534
7060,10475435.837087015
7061,18740472.072811767
7062,63255598.85530408
7063,52123.36251831028
7064,116434417.87061317
7065,18488622.519044366
7066,3573112.619091172
7067,229503.43167658953
7068,46501671.30295374
7069,373533.01932939445
7070,127005153.09652042
7071,215926923.50816914
7072,558746.4853592466
7073,16170383.178081261
7074,2206746.568609361
7075,21043516.719406687
7076,61053278.902121596
7077,20452985.693689167
7078,67895672.29208633
7079,423095.4965778341
7080,6132417.843960307
7081,5538946.004618631
7082,869661.764858612
7083,110223.80368780042
7084,43974991.35670629
7085,3293215.22016663
7086,241174.3443922887
7087,100376176.6917464
7088,53678110.991852775
7089,689027.7355549529
7090,3070551.064298199
7091,10892359.592117237
7092,134498418.5945393
7093,27634763.32596741
7094,36398241.72771863
7095,1024413.3463042692
7096,5947143.495661502
7097,116851488.79806772
7098,23509759.44238633
7099,43671064.49013694
7100,4291855.313577378
7101,17966702.976775188
7102,1296178.6248219286
7103,2215767.615576943
7104,3704490.080850122
7105,25773342.97912599
7106,10006265.891423838
7107,33637314.89391245
7108,428788.29283274175
7109,35174419.43089344
7110,821241.6283576662
7111,2805991.9369376367
7112,106708211.16954805
7113,69530691.90869305
7114,7893720.179516981
7115,5370908.274471424
7116,4156711.050439221
7117,191785.4546571385
7118,15596301.948415559
7119,23910896.096501783
7120,170457.5336276003
7121,8741622.222729584
7122,283720.778866721
7123,1033728.0282355641
7124,217582738.7569602
7125,23735648.155966297
7126,137545370.55182502
7127,46839802.33101721
7128,1665164.2544958903
7129,5053974.554211759
7130,11387081.71513861
7131,10227097.70843725
7132,13220378.197354643
7133,89482515.3048954
7134,30031836.12168522
7135,85416686.38811706
7136,25299307.743142944
7137,15624822.46215552
7138,12386153.111459654
7139,234304.53450462007
7140,109588818.34202407
7141,77246.92660771289
7142,11047749.67370584
7143,39800276.87910278
7144,952540.2081915007
7145,26552406.64571191
7146,720747.1403292657
7147,33818683.14996768
7148,8885537.467825783
7149,2746323.3234361196
7150,2375170.6214727503
7151,8468319.20543768
7152,47700647.76659186
7153,1128219.8448977552
7154,35365506.671457805
7155,149494105.2426999
7156,6632036.932501346
7157,113210300.11845315
7158,198193.35140864775
7159,1205652.8942061737
7160,231249.8019884747
7161,40389653.39953901
7162,275748157.0673086
7163,12987004.39546527
7164,338978.3773548439
7165,87864300.80461742
7166,3803620.5960559803
7167,163059.11018782578
7168,296154.623431112
7169,3670888.5853505004
7170,6388386.39329377
7171,4334938.149411943
7172,2085003.5263679135
7173,6216788.460116561
7174,2506902.2790763886
7175,1210541.5442108451
7176,5802495.9630645625
7177,55157552.57772779
7178,30055487.63642472
7179,123371950.86834405
7180,343294.1685472656
7181,5293956.391944311
7182,61310483.00629864
7183,793644.5978805545
7184,661127775.7893387
7185,22977193.221549883
7186,19359988.07758419
7187,55095255.73832127
7188,37938254.048570976
7189,15504615.111063184
7190,1619334.0634750447
7191,32153.251421486206
7192,19167203.161368523
7193,13493230.36101172
7194,252756369.54301003
7195,13572155.499209363
7196,6346901.570977766
7197,7282149.768916842
7198,11595278.744124636
7199,2342895.294130497
7200,48500166.30925746
7201,7793288.932063487
7202,23691242.34434198
7203,83962.71710668164
7204,68458134.3375196
7205,147265750.69893423
7206,92028750.6837006
7207,454847772.9264362
7208,23377774.360814746
7209,7226723.530591787
7210,199650.10373560793
7211,240582.55045624662
7212,17141022.504516777
7213,15953784.480798507
7214,174213834.11553624
7215,86142759.27926807
7216,81672038.13458377
7217,140843.08676851212
7218,20235874.409609
7219,6448010.007336303
7220,45331714.463777214
7221,5458334.176774117
7222,7972798.998165337
7223,5692153.580531849
7224,5506289.283171333
7225,37049.825932426524
7226,31845481.747961383
7227,50836393.98622482
7228,8780146.533119924
7229,15747693.498389607
7230,827460.7838188136
7231,4071444.0119101037
7232,192637839.2125588
7233,158892441.5906154
7234,240745699.8168774
7235,28784796.460830864
7236,72276874.16316909
7237,6174502.890205161
7238,2556008.525300065
7239,675976537.7281654
7240,25547428.923207037
7241,165725341.69249594
7242,27936935.22011878
7243,4615109.912697192
7244,22005204.58831245
7245,1119946.2650579498
7246,771489.5553881057
7247,68205649.79405075
7248,50657085.34216532
7249,3906130.339405614
7250,107623.40943339086
7251,29458359.927691802
7252,16547580.280914439
7253,5107102.536270829
7254,48255765.6121311
7255,38725.36460650269
7256,1256905.8369900251
7257,14562000.880281286
7258,29869657.525912892
7259,1772096.9453280766
7260,75773.45486942439
7261,418059175.2017727
7262,67456.68913997547
7263,46199831.69858984
7264,4363827.59544525
7265,2221861.3387541645
7266,21474714.588538494
7267,169805.1510100669
7268,579008.0710356724
7269,109326586.05664837
7270,188165746.5316828
7271,2534589.1574853105
7272,2536428.254316063
7273,1453969.5726983403
7274,718176.1939702446
7275,10081143.308754737
7276,1004322.8292795072
7277,116000693.67836028
7278,153792392.7528966
7279,177145123.62163198
7280,67570362.63646007
7281,56428209.02461067
7282,40519752.804264255
7283,218912606.5015068
7284,116216.41564764836
7285,45749866.715629704
7286,112600058.84097318
7287,3222543.117379412
7288,1261725.2275877662
7289,72555796.44885696
7290,6947696.163888549
7291,16841073.81541727
7292,312490.26389446843
7293,20407805.87958258
7294,9648577.89539455
7295,46314224.51684663
7296,25124.10682165703
7297,26852770.47683057
7298,5252209.656276287
7299,4358238.194779892
7300,1124458.9505943204
7301,20659034.160722002
7302,916163.0004482071
7303,564231.0985298783
7304,7089626.080544182
7305,1730987.3683650133
7306,370464972.02616316
7307,332503.6291447317
7308,230758.86791394668
7309,15029383.187401954
7310,9868677.579210782
7311,2896109.088366079
7312,93311951.36962992
7313,142009779.0591876
7314,12561290.812075837
7315,3674085.107940868
7316,1440497.6301053958
7317,4839178.386581911
7318,89247282.92720045
7319,1809016.324894824
7320,110318985.07378133
7321,27052.671665362384
7322,781333.9619508818
7323,39978537.90647595
7324,3113763.218163986
7325,241452831.9351799
7326,241776831.33706573
7327,1163979.9380579013
7328,46680962.66887799
7329,140897499.3013457
7330,301001853.34557056
7331,60677466.197250284
7332,29390367.6661251
7333,72385364.55699399
7334,4841102.504860491
7335,52871593.470870845
7336,5226556.70423069
7337,7140772.728208234
7338,35343307.62911601
7339,65448748.78762453
7340,4515922.131978523
7341,39293.09211293524
7342,61084008.56892152
7343,5004373.84122325
7344,1925703.3822746244
7345,6081993.236363317
7346,4536169.115007321
7347,8090595.597756838
7348,351671.7471209352
7349,39742494.88374536
7350,7137244.510154235
7351,24330670.452586282
7352,27246.891460146642
7353,7478282.878956968
7354,35739.3972435464
7355,29869901.507096056
7356,27907956.826113563
7357,3211866.1238155155
7358,7796595.252260098
7359,72140393.02138197
7360,28647863.52621904
7361,43483.58160838388
7362,113590619.41554452
7363,633703754.407309
7364,327580.2166772904
7365,38738747.40860977
7366,25300077.080196604
7367,58927.65082500035
7368,18044267.550867997
7369,11909007.548712024
7370,42722259.75103488
7371,60885.19142323067
7372,68233589.02968355
7373,234498450.40772313
7374,18429744.09888456
7375,41649400.58063601
7376,52057.70879196527
7377,14269268.204153312
7378,50041119.99879013
7379,44587530.84030659
7380,1781472.8585473676
7381,447200.1437017148
7382,1737516.852186037
7383,300354.63945311465
7384,14338724.817954654
7385,33961840.114229895
7386,21536016.74253389
7387,1596972.735688244
7388,447474.9243724883
7389,401120.5768501523
7390,188517.48179606616
7391,4914474.764464272
7392,7400535.729263939
7393,595234340.9083589
7394,45279777.80206573
7395,25374932.335819073
7396,35631550.12714641
7397,4839492.901132622
7398,1261535.4956724436
