id,loan_status
58645,0.8183333333333334
58646,0.011666666666666667
58647,0.32333333333333336
58648,0.4033333333333333
58649,0.07666666666666666
58650,0.9366666666666666
58651,0.4883333333333333
58652,0.3066666666666667
58653,0.11500000000000002
58654,0.006666666666666667
58655,0.03166666666666667
58656,0.051666666666666666
58657,0.07333333333333333
58658,0.19
58659,0.24333333333333335
58660,0.7016666666666667
58661,0.505
58662,0.49
58663,0.7066666666666667
58664,0.555
58665,0.011666666666666667
58666,0.3083333333333333
58667,0.105
58668,0.11833333333333333
58669,0.35333333333333333
58670,0.17666666666666667
58671,0.11499999999999999
58672,0.2366666666666667
58673,0.3416666666666667
58674,0.20666666666666667
58675,0.725
58676,0.27666666666666667
58677,0.76
58678,0.13833333333333334
58679,0.2966666666666667
58680,0.9500000000000001
58681,0.7033333333333334
58682,0.13666666666666666
58683,0.5166666666666666
58684,0.4183333333333334
58685,0.8333333333333333
58686,0.34833333333333333
58687,0.42333333333333334
58688,0.385
58689,0.2416666666666667
58690,0.18833333333333332
58691,0.7016666666666668
58692,0.3883333333333333
58693,0.12833333333333333
58694,0.445
58695,0.215
58696,0.23833333333333334
58697,0.05166666666666667
58698,0.4066666666666666
58699,0.16166666666666668
58700,0.44333333333333336
58701,0.195
58702,0.6083333333333333
58703,0.7816666666666667
58704,0.11833333333333333
58705,0.16833333333333333
58706,0.09
58707,0.4966666666666667
58708,0.56
58709,0.9616666666666667
58710,0.4033333333333333
58711,0.9866666666666666
58712,0.35833333333333334
58713,0.26166666666666666
58714,0.45166666666666666
58715,0.18166666666666667
58716,0.38666666666666666
58717,0.5716666666666667
58718,0.26666666666666666
58719,0.13833333333333334
58720,0.4266666666666667
58721,0.030000000000000002
58722,0.21833333333333332
58723,0.32166666666666666
58724,0.405
58725,0.6333333333333333
58726,0.5416666666666667
58727,0.30333333333333334
58728,0.6866666666666668
58729,0.365
58730,0.15
58731,0.47833333333333333
58732,0.05166666666666667
58733,0.16333333333333333
58734,0.16333333333333333
58735,0.6066666666666667
58736,0.3416666666666667
58737,0.03166666666666666
58738,0.8183333333333334
58739,0.7483333333333334
58740,0.24
58741,0.6
58742,0.2866666666666666
58743,0.33666666666666667
58744,0.4
58745,0.1983333333333333
58746,0.05333333333333334
58747,0.30666666666666664
58748,0.23333333333333334
58749,0.01
58750,0.69
58751,0.75
58752,0.9
58753,0.29500000000000004
58754,0.3883333333333333
58755,0.6533333333333333
58756,0.185
58757,0.0016666666666666668
58758,0.3416666666666666
58759,0.21333333333333332
58760,0.275
58761,0.2833333333333334
58762,0.215
58763,0.9583333333333335
58764,0.16
58765,0.0033333333333333335
58766,0.63
58767,0.21166666666666667
58768,0.89
58769,0.5233333333333333
58770,0.021666666666666667
58771,0.05500000000000001
58772,0.006666666666666667
58773,0.4116666666666666
58774,0.01
58775,0.8633333333333334
58776,0.5866666666666667
58777,0.5666666666666667
58778,0.5800000000000001
58779,0.7516666666666667
58780,0.30333333333333334
58781,0.39333333333333337
58782,0.36333333333333334
58783,0.006666666666666667
58784,0.4883333333333333
58785,0.26666666666666666
58786,0.5933333333333333
58787,0.6183333333333334
58788,0.12666666666666668
58789,0.6383333333333333
58790,0.043333333333333335
58791,0.26
58792,0.21333333333333335
58793,0.08
58794,0.325
58795,0.725
58796,0.6433333333333333
58797,0.02
58798,0.7883333333333334
58799,0.18
58800,0.18333333333333332
58801,0.18833333333333332
58802,0.8799999999999999
58803,0.27
58804,0.8716666666666666
58805,0.19999999999999998
58806,0.03833333333333333
58807,0.3016666666666667
58808,0.19333333333333333
58809,0.885
58810,0.905
58811,0.5650000000000001
58812,0.5533333333333333
58813,0.3566666666666667
58814,0.04166666666666667
58815,0.4966666666666667
58816,0.02
58817,0.16833333333333333
58818,0.8083333333333333
58819,0.315
58820,0.16666666666666666
58821,0.415
58822,0.655
58823,0.25666666666666665
58824,0.6983333333333333
58825,0.18333333333333332
58826,0.15833333333333333
58827,0.7583333333333333
58828,0.24666666666666665
58829,0.37499999999999994
58830,0.62
58831,0.8066666666666666
58832,0.3216666666666667
58833,0.225
58834,0.2733333333333333
58835,0.9166666666666667
58836,0.36666666666666664
58837,0.8233333333333334
58838,0.14500000000000002
58839,0.15166666666666667
58840,0.34
58841,0.9616666666666666
58842,0.28833333333333333
58843,0.2583333333333333
58844,0.32666666666666666
58845,0.4366666666666667
58846,0.3766666666666667
58847,0.9200000000000002
58848,0.21333333333333332
58849,0.8616666666666666
58850,0.395
58851,0.04
58852,0.42500000000000004
58853,0.41333333333333333
58854,0.99
58855,0.17166666666666666
58856,0.19166666666666668
58857,0.18
58858,0.09333333333333332
58859,0.565
58860,0.4066666666666666
58861,0.09333333333333334
58862,0.08
58863,0.19333333333333336
58864,0.2416666666666667
58865,0.28833333333333333
58866,0.36333333333333334
58867,0.305
58868,0.29
58869,0.29000000000000004
58870,0.25166666666666665
58871,0.31
58872,0.008333333333333333
58873,0.535
58874,0.925
58875,0.35000000000000003
58876,0.20666666666666667
58877,0.025
58878,0.5883333333333334
58879,0.33666666666666667
58880,0.48
58881,0.2
58882,0.24833333333333335
58883,0.39
58884,0.3616666666666667
58885,0.09833333333333333
58886,0.5566666666666666
58887,0.8216666666666667
58888,0.11833333333333333
58889,0.9366666666666668
58890,0.7033333333333334
58891,0.41833333333333333
58892,0.3
58893,0.16166666666666668
58894,0.20833333333333331
58895,0.29
58896,0.25333333333333335
58897,0.06166666666666666
58898,0.043333333333333335
58899,0.9100000000000001
58900,0.02333333333333333
58901,0.06166666666666666
58902,0.29833333333333334
58903,0.5333333333333334
58904,0.026666666666666665
58905,0.25
58906,0.7050000000000001
58907,0.23
58908,0.2866666666666667
58909,0.5716666666666667
58910,0.09666666666666666
58911,0.165
58912,0.013333333333333334
58913,0.7666666666666666
58914,0.2866666666666667
58915,0.3516666666666667
58916,0.6766666666666667
58917,0.5933333333333333
58918,0.29833333333333334
58919,0.085
58920,0.6533333333333333
58921,0.19999999999999998
58922,0.7316666666666666
58923,0.4066666666666667
58924,0.5233333333333333
58925,0.22999999999999998
58926,0.22333333333333333
58927,0.22833333333333333
58928,0.08833333333333335
58929,0.14833333333333332
58930,0.675
58931,0.9833333333333332
58932,0.235
58933,0.43833333333333335
58934,0.06666666666666667
58935,0.515
58936,0.7333333333333333
58937,0.18166666666666667
58938,0.6083333333333334
58939,0.26
58940,0.4016666666666667
58941,0.8966666666666667
58942,0.9416666666666667
58943,0.29833333333333334
58944,0.02
58945,0.47
58946,0.008333333333333333
58947,0.14166666666666666
58948,0.22999999999999998
58949,0.22833333333333333
58950,0.14
58951,0.19833333333333333
58952,0.13833333333333334
58953,0.39999999999999997
58954,0.8933333333333333
58955,0.2783333333333333
58956,0.32166666666666666
58957,0.95
58958,0.9566666666666667
58959,0.20333333333333334
58960,0.6950000000000001
58961,0.15833333333333333
58962,0.14166666666666666
58963,0.5166666666666667
58964,0.465
58965,0.39666666666666667
58966,0.35333333333333333
58967,0.3466666666666666
58968,0.34
58969,0.5650000000000001
58970,0.255
58971,0.68
58972,0.1983333333333333
58973,0.8433333333333333
58974,0.4783333333333333
58975,0.11333333333333334
58976,0.3883333333333333
58977,0.225
58978,0.4983333333333333
58979,0.44
58980,0.04666666666666666
58981,0.16166666666666668
58982,0.1733333333333333
58983,0.2833333333333333
58984,0.20833333333333331
58985,0.07833333333333334
58986,0.9433333333333334
58987,0.44666666666666666
58988,0.29666666666666663
58989,0.43166666666666664
58990,0.265
58991,0.6916666666666667
58992,0.5733333333333334
58993,0.3133333333333333
58994,0.7166666666666667
58995,0.9916666666666667
58996,0.008333333333333333
58997,0.865
58998,0.25333333333333335
58999,0.7033333333333334
59000,0.5533333333333333
59001,0.7566666666666666
59002,0.6583333333333333
59003,0.06166666666666667
59004,0.015
59005,0.5433333333333333
59006,0.3633333333333333
59007,0.19
59008,0.9383333333333332
59009,0.20833333333333334
59010,0.16499999999999998
59011,0.26666666666666666
59012,0.07666666666666666
59013,0.14500000000000002
59014,0.3683333333333333
59015,0.08
59016,0.005
59017,0.026666666666666665
59018,0.7566666666666667
59019,0.21000000000000002
59020,0.18833333333333332
59021,0.6449999999999999
59022,0.31
59023,0.8916666666666666
59024,0.345
59025,0.24666666666666665
59026,0.6166666666666667
59027,0.215
59028,0.055
59029,0.4666666666666667
59030,0.21666666666666665
59031,0.335
59032,0.1916666666666667
59033,0.14333333333333334
59034,0.6633333333333333
59035,0.175
59036,0.6799999999999999
59037,0.6083333333333334
59038,0.5633333333333334
59039,0.3283333333333333
59040,0.195
59041,0.515
59042,0.06
59043,0.9183333333333334
59044,0.11166666666666666
59045,0.21833333333333332
59046,0.3
59047,0.6633333333333333
59048,0.29
59049,0.19
59050,0.5733333333333334
59051,0.5016666666666666
59052,0.20500000000000002
59053,0.2466666666666667
59054,0.3033333333333333
59055,0.44499999999999995
59056,0.26833333333333337
59057,0.365
59058,0.24666666666666665
59059,0.20166666666666666
59060,0.2416666666666667
59061,0.145
59062,0.595
59063,0.175
59064,0.5816666666666667
59065,0.5766666666666667
59066,0.7133333333333334
59067,0.275
59068,0.05499999999999999
59069,0.38333333333333336
59070,0.24333333333333335
59071,0.5016666666666667
59072,0.5266666666666667
59073,0.9483333333333333
59074,0.06833333333333334
59075,0.2533333333333333
59076,0.15166666666666667
59077,0.9533333333333333
59078,0.15333333333333332
59079,0.016666666666666666
59080,0.385
59081,0.27166666666666667
59082,0.7433333333333334
59083,0.15666666666666668
59084,0.15666666666666668
59085,0.085
59086,0.11666666666666667
59087,0.49
59088,0.67
59089,0.44166666666666665
59090,0.46166666666666667
59091,0.16666666666666666
59092,0.14
59093,0.2583333333333333
59094,0.195
59095,0.11166666666666668
59096,0.925
59097,0.015000000000000001
59098,0.7183333333333333
59099,0.3566666666666667
59100,0.18833333333333332
59101,0.585
59102,0.32333333333333336
59103,0.028333333333333335
59104,0.25333333333333335
59105,0.5016666666666667
59106,0.585
59107,0.06333333333333332
59108,0.7899999999999999
59109,0.6783333333333333
59110,0.37333333333333335
59111,0.32
59112,0.7416666666666667
59113,0.8583333333333334
59114,0.016666666666666666
59115,0.06833333333333333
59116,0.20666666666666667
59117,0.36
59118,0.02
59119,0.065
59120,0.4033333333333333
59121,0.15333333333333332
59122,0.4816666666666667
59123,0.8633333333333333
59124,0.2533333333333333
59125,0.6316666666666667
59126,0.8216666666666668
59127,0.7266666666666667
59128,0.006666666666666667
59129,0.3666666666666667
59130,0.7216666666666667
59131,0.6766666666666666
59132,0.4083333333333333
59133,0.57
59134,0.6516666666666667
59135,0.22833333333333333
59136,0.32
59137,0.7166666666666667
59138,0.45666666666666667
59139,0.14666666666666667
59140,0.04833333333333334
59141,0.8166666666666667
59142,0.76
59143,0.6416666666666666
59144,0.28833333333333333
59145,0.06833333333333333
59146,0.6
59147,0.41333333333333333
59148,0.305
59149,0.20166666666666666
59150,0.16166666666666665
59151,0.6666666666666666
59152,0.12833333333333333
59153,0.06666666666666667
59154,0.05499999999999999
59155,0.6866666666666666
59156,0.5233333333333333
59157,0.305
59158,0.285
59159,0.36
59160,0.6766666666666667
59161,0.4
59162,0.19
59163,0.07166666666666667
59164,0.6
59165,0.14833333333333332
59166,0.22666666666666663
59167,0.011666666666666667
59168,0.4283333333333333
59169,0.9016666666666666
59170,0.5566666666666668
59171,0.2783333333333333
59172,0.22166666666666668
59173,0.32666666666666666
59174,0.21000000000000002
59175,0.54
59176,0.65
59177,0.33666666666666667
59178,0.285
59179,0.395
59180,0.57
59181,0.45500000000000007
59182,0.9133333333333333
59183,0.235
59184,0.023333333333333334
59185,0.07333333333333333
59186,0.6583333333333333
59187,0.45500000000000007
59188,0.55
59189,0.39166666666666666
59190,0.35
59191,0.6666666666666666
59192,0.11
59193,0.30666666666666664
59194,0.3383333333333333
59195,0.23833333333333334
59196,0.7483333333333333
59197,0.7599999999999999
59198,0.6466666666666666
59199,0.2
59200,0.9466666666666668
59201,0.14500000000000002
59202,0.22166666666666668
59203,0.38333333333333336
59204,0.23666666666666664
59205,0.13666666666666666
59206,0.645
59207,0.235
59208,0.45499999999999996
59209,0.5166666666666667
59210,0.62
59211,0.5333333333333333
59212,0.30333333333333334
59213,0.725
59214,0.13833333333333334
59215,0.355
59216,0.6133333333333334
59217,0.22166666666666668
59218,0.13833333333333334
59219,0.3183333333333333
59220,0.8783333333333334
59221,0.9083333333333334
59222,0.27
59223,0.5083333333333333
59224,0.12666666666666668
59225,0.295
59226,0.16333333333333333
59227,0.84
59228,0.08
59229,0.25666666666666665
59230,0.013333333333333334
59231,0.19666666666666668
59232,0.42499999999999993
59233,0.48333333333333334
59234,0.3616666666666667
59235,0.52
59236,0.26
59237,0.40166666666666667
59238,0.41833333333333333
59239,0.21833333333333332
59240,0.20500000000000002
59241,0.060000000000000005
59242,0.6966666666666667
59243,0.8933333333333333
59244,0.45666666666666667
59245,0.9849999999999999
59246,0.29333333333333333
59247,0.545
59248,0.21333333333333335
59249,0.34500000000000003
59250,0.08833333333333335
59251,0.015
59252,0.26
59253,0.39166666666666666
59254,0.38499999999999995
59255,0.3866666666666667
59256,0.09833333333333333
59257,0.9916666666666667
59258,0.10500000000000001
59259,0.815
59260,0.12166666666666667
59261,0.3616666666666667
59262,0.77
59263,0.4133333333333333
59264,0.35500000000000004
59265,0.14166666666666666
59266,0.41666666666666663
59267,0.4
59268,0.03833333333333334
59269,0.10666666666666666
59270,0.98
59271,0.565
59272,0.9766666666666666
59273,0.21
59274,0.6183333333333334
59275,0.24666666666666667
59276,0.5283333333333333
59277,0.11833333333333335
59278,0.6716666666666666
59279,0.10833333333333334
59280,0.5533333333333333
59281,0.6766666666666666
59282,0.3466666666666667
59283,0.22166666666666668
59284,0.3233333333333333
59285,0.35833333333333334
59286,0.06333333333333332
59287,0.25666666666666665
59288,0.9516666666666667
59289,0.295
59290,0.7466666666666666
59291,0.32333333333333336
59292,0.4866666666666666
59293,0.015
59294,0.9316666666666666
59295,0.31666666666666665
59296,0.08666666666666667
59297,0.023333333333333334
59298,0.016666666666666666
59299,0.5566666666666666
59300,0.16666666666666669
59301,0.5183333333333333
59302,0.6416666666666666
59303,0.305
59304,0.04166666666666667
59305,0.12333333333333334
59306,0.05
59307,0.625
59308,0.01
59309,0.37
59310,0.2283333333333333
59311,0.7016666666666667
59312,0.27666666666666667
59313,0.815
59314,0.3133333333333333
59315,0.23333333333333334
59316,0.3966666666666666
59317,0.5233333333333333
59318,0.52
59319,0.7233333333333334
59320,0.715
59321,0.44500000000000006
59322,0.125
59323,0.08166666666666667
59324,0.7516666666666666
59325,0.12666666666666665
59326,0.2466666666666667
59327,0.06
59328,0.2966666666666667
59329,0.32833333333333337
59330,0.29166666666666663
59331,0.15
59332,0.4933333333333333
59333,0.21833333333333332
59334,0.6216666666666667
59335,0.27
59336,0.3433333333333333
59337,0.3483333333333333
59338,0.385
59339,0.07333333333333333
59340,0.8216666666666665
59341,0.5316666666666666
59342,0.21500000000000002
59343,0.25833333333333336
59344,0.73
59345,0.3616666666666667
59346,0.29166666666666663
59347,0.7316666666666667
59348,0.31666666666666665
59349,0.035
59350,0.5166666666666667
59351,0.3766666666666667
59352,0.8083333333333333
59353,0.7066666666666667
59354,0.9349999999999999
59355,0.16
59356,0.35500000000000004
59357,0.18
59358,0.695
59359,0.013333333333333334
59360,0.9233333333333333
59361,0.17833333333333334
59362,0.28500000000000003
59363,0.18666666666666665
59364,0.345
59365,0.17333333333333334
59366,0.37166666666666665
59367,0.7166666666666667
59368,0.9833333333333333
59369,0.75
59370,0.33333333333333337
59371,0.09666666666666668
59372,0.24666666666666665
59373,0.6883333333333334
59374,0.3633333333333334
59375,0.96
59376,0.5416666666666666
59377,0.54
59378,0.8283333333333334
59379,0.7633333333333333
59380,0.6266666666666667
59381,0.30166666666666664
59382,0.78
59383,0.98
59384,0.26166666666666666
59385,0.34833333333333333
59386,0.7566666666666667
59387,0.9383333333333334
59388,0.22666666666666668
59389,0.7683333333333333
59390,0.6183333333333333
59391,0.38666666666666666
59392,0.4716666666666667
59393,0.8283333333333334
59394,0.9116666666666667
59395,0.028333333333333335
59396,0.8066666666666666
59397,0.61
59398,0.3233333333333333
59399,0.03333333333333333
59400,0.8216666666666667
59401,0.58
59402,0.05499999999999999
59403,0.2383333333333333
59404,0.7749999999999999
59405,0.5850000000000001
59406,0.11666666666666667
59407,0.35833333333333334
59408,0.058333333333333334
59409,0.7333333333333333
59410,0.3533333333333334
59411,0.22166666666666668
59412,0.46833333333333327
59413,0.14666666666666667
59414,0.03833333333333333
59415,0.7366666666666666
59416,0.3416666666666666
59417,0.14166666666666666
59418,0.255
59419,0.095
59420,0.14333333333333334
59421,0.205
59422,0.7883333333333333
59423,0.38333333333333336
59424,0.9099999999999999
59425,0.6716666666666666
59426,0.18833333333333332
59427,0.18
59428,0.4683333333333334
59429,0.32
59430,0.2333333333333333
59431,0.33666666666666667
59432,0.2733333333333333
59433,0.01
59434,0.39333333333333337
59435,0.14333333333333334
59436,0.21000000000000002
59437,0.515
59438,0.34833333333333333
59439,0.025
59440,0.31666666666666665
59441,0.7166666666666666
59442,0.22999999999999998
59443,0.08
59444,0.7016666666666667
59445,0.63
59446,0.7850000000000001
59447,0.37000000000000005
59448,0.54
59449,0.6266666666666667
59450,0.5
59451,0.9650000000000001
59452,0.6233333333333333
59453,0.17333333333333334
59454,0.7150000000000001
59455,0.5633333333333334
59456,0.225
59457,0.98
59458,0.6933333333333334
59459,0.3666666666666667
59460,0.6583333333333334
59461,0.08333333333333333
59462,0.9650000000000001
59463,0.2
59464,0.255
59465,0.06333333333333334
59466,0.29833333333333334
59467,0.07666666666666666
59468,0.12000000000000001
59469,0.3716666666666667
59470,0.026666666666666665
59471,0.3
59472,0.825
59473,0.05666666666666667
59474,0.23833333333333334
59475,0.3216666666666667
59476,0.5416666666666666
59477,0.56
59478,0.35666666666666663
59479,0.18666666666666665
59480,0.16999999999999998
59481,0.105
59482,0.99
59483,0.19333333333333333
59484,0.31
59485,0.41000000000000003
59486,0.7016666666666667
59487,0.5116666666666666
59488,0.7566666666666667
59489,0.2783333333333333
59490,0.37999999999999995
59491,0.9416666666666667
59492,0.27499999999999997
59493,0.32666666666666666
59494,0.3733333333333333
59495,0.12333333333333332
59496,0.24
59497,0.9683333333333333
59498,0.32833333333333337
59499,0.08166666666666667
59500,0.9183333333333332
59501,0.4783333333333333
59502,0.8483333333333334
59503,0.6233333333333334
59504,0.14833333333333334
59505,0.32833333333333337
59506,0.5666666666666667
59507,0.31166666666666665
59508,0.6516666666666666
59509,0.43833333333333335
59510,0.3216666666666667
59511,0.25166666666666665
59512,0.2316666666666667
59513,0.7016666666666667
59514,0.21500000000000002
59515,0.595
59516,0.013333333333333334
59517,0.36666666666666664
59518,0.31166666666666665
59519,0.24666666666666665
59520,0.6533333333333333
59521,0.01
59522,0.38166666666666665
59523,0.045
59524,0.11000000000000001
59525,0.195
59526,0.7416666666666666
59527,0.53
59528,0.24333333333333335
59529,0.3983333333333333
59530,0.8666666666666667
59531,0.19166666666666668
59532,0.2316666666666667
59533,0.06166666666666667
59534,0.025
59535,0.29833333333333334
59536,0.57
59537,0.30833333333333335
59538,0.7766666666666666
59539,0.5866666666666667
59540,0.66
59541,0.015
59542,0.7849999999999999
59543,0.05
59544,0.265
59545,0.505
59546,0.16166666666666668
59547,0.26166666666666666
59548,0.31333333333333335
59549,0.018333333333333333
59550,0.5466666666666666
59551,0.5366666666666667
59552,0.125
59553,0.18833333333333335
59554,0.8049999999999999
59555,0.3766666666666667
59556,0.25166666666666665
59557,0.21166666666666667
59558,0.6950000000000001
59559,0.5466666666666666
59560,0.3566666666666667
59561,0.37
59562,0.14333333333333334
59563,0.26
59564,0.205
59565,0.5733333333333334
59566,0.5116666666666667
59567,0.34
59568,0.19166666666666665
59569,0.2366666666666667
59570,0.81
59571,0.3233333333333333
59572,0.3983333333333333
59573,0.006666666666666667
59574,0.9216666666666669
59575,0.20666666666666667
59576,0.45333333333333337
59577,0.40166666666666667
59578,0.07
59579,0.41333333333333333
59580,0.3383333333333333
59581,0.04
59582,0.011666666666666667
59583,0.5933333333333334
59584,0.16833333333333333
59585,0.45166666666666666
59586,0.6416666666666667
59587,0.36166666666666664
59588,0.4016666666666666
59589,0.13666666666666666
59590,0.21833333333333332
59591,0.06666666666666667
59592,0.03166666666666667
59593,0.32
59594,0.6633333333333333
59595,0.42500000000000004
59596,0.8416666666666666
59597,0.895
59598,0.021666666666666667
59599,0.7633333333333334
59600,0.38
59601,0.16833333333333333
59602,0.6866666666666666
59603,0.30666666666666664
59604,0.24333333333333335
59605,0.18333333333333332
59606,0.058333333333333334
59607,0.26166666666666666
59608,0.24166666666666664
59609,0.2783333333333334
59610,0.875
59611,0.3416666666666667
59612,0.96
59613,0.5016666666666666
59614,0.6000000000000001
59615,0.5966666666666667
59616,0.69
59617,0.05500000000000001
59618,0.46499999999999997
59619,0.33166666666666667
59620,0.29
59621,0.39166666666666666
59622,0.7183333333333334
59623,0.5816666666666668
59624,0.525
59625,0.285
59626,0.04666666666666667
59627,0.7383333333333334
59628,0.505
59629,0.22833333333333333
59630,0.7466666666666666
59631,0.12833333333333333
59632,0.16
59633,0.29166666666666663
59634,0.4983333333333334
59635,0.26666666666666666
59636,0.3
59637,0.5166666666666667
59638,0.845
59639,0.2733333333333333
59640,0.4283333333333333
59641,0.3233333333333333
59642,0.19
59643,0.08666666666666667
59644,0.6783333333333333
59645,0.3183333333333333
59646,0.21
59647,0.9383333333333335
59648,0.10333333333333333
59649,0.5983333333333333
59650,0.175
59651,0.3566666666666667
59652,0.02
59653,0.27666666666666667
59654,0.2316666666666667
59655,0.7033333333333334
59656,0.885
59657,0.9233333333333333
59658,0.5549999999999999
59659,0.018333333333333333
59660,0.6683333333333333
59661,0.7250000000000001
59662,0.8533333333333333
59663,0.8616666666666667
59664,0.055
59665,0.5816666666666667
59666,0.3383333333333333
59667,0.005
59668,0.42666666666666664
59669,0.19
59670,0.7033333333333333
59671,0.30833333333333335
59672,0.31666666666666665
59673,0.43166666666666664
59674,0.8216666666666665
59675,0.135
59676,0.33666666666666667
59677,0.9133333333333333
59678,0.35
59679,0.6766666666666666
59680,0.16833333333333333
59681,0.021666666666666667
59682,0.59
59683,0.27
59684,0.6333333333333333
59685,0.7483333333333333
59686,0.545
59687,0.7383333333333333
59688,0.12333333333333334
59689,0.6366666666666667
59690,0.3683333333333333
59691,0.31833333333333336
59692,0.05
59693,0.6316666666666667
59694,0.25
59695,0.19999999999999998
59696,0.885
59697,0.6900000000000001
59698,0.021666666666666667
59699,0.008333333333333333
59700,0.23666666666666666
59701,0.12333333333333334
59702,0.585
59703,0.6699999999999999
59704,0.22833333333333333
59705,0.13
59706,0.5083333333333334
59707,0.2433333333333333
59708,0.26333333333333336
59709,0.6733333333333333
59710,0.3933333333333333
59711,0.026666666666666665
59712,0.31666666666666665
59713,0.155
59714,0.9533333333333334
59715,0.8133333333333335
59716,0.6683333333333333
59717,0.28
59718,0.013333333333333332
59719,0.21000000000000002
59720,0.025
59721,0.26166666666666666
59722,0.47333333333333333
59723,0.16166666666666668
59724,0.2966666666666667
59725,0.44666666666666666
59726,0.105
59727,0.10999999999999999
59728,0.2866666666666667
59729,0.15833333333333333
59730,0.065
59731,0.065
59732,0.5216666666666667
59733,0.2033333333333333
59734,0.19833333333333333
59735,0.18166666666666667
59736,0.475
59737,0.31666666666666665
59738,0.44666666666666666
59739,0.32833333333333337
59740,0.56
59741,0.37
59742,0.8483333333333334
59743,0.5433333333333333
59744,0.30000000000000004
59745,0.16
59746,0.43833333333333335
59747,0.9916666666666666
59748,0.19333333333333336
59749,0.043333333333333335
59750,0.085
59751,0.235
59752,0.45499999999999996
59753,0.09
59754,0.2866666666666666
59755,0.535
59756,0.006666666666666667
59757,0.48833333333333334
59758,0.245
59759,0.6716666666666666
59760,0.39
59761,0.44833333333333336
59762,0.195
59763,0.10666666666666666
59764,0.045
59765,0.18
59766,0.6966666666666667
59767,0.44166666666666665
59768,0.045
59769,0.016666666666666666
59770,0.34500000000000003
59771,0.22666666666666668
59772,0.2583333333333333
59773,0.5616666666666666
59774,0.04666666666666667
59775,0.26166666666666666
59776,0.07666666666666666
59777,0.88
59778,0.19
59779,0.56
59780,0.19
59781,0.29833333333333334
59782,0.135
59783,0.39
59784,0.5016666666666667
59785,0.2966666666666667
59786,0.30833333333333335
59787,0.8416666666666666
59788,0.21833333333333332
59789,0.705
59790,0.6516666666666667
59791,0.10666666666666667
59792,0.68
59793,0.01
59794,0.9133333333333333
59795,0.9566666666666666
59796,0.32166666666666666
59797,0.035
59798,0.10333333333333332
59799,0.20333333333333334
59800,0.07333333333333333
59801,0.41500000000000004
59802,0.3833333333333333
59803,0.20500000000000002
59804,0.615
59805,0.15833333333333333
59806,0.6283333333333333
59807,0.3516666666666667
59808,0.2566666666666667
59809,0.37
59810,0.29
59811,0.39
59812,0.2416666666666667
59813,0.17833333333333332
59814,0.29
59815,0.905
59816,0.4116666666666667
59817,0.25
59818,0.47500000000000003
59819,0.23333333333333334
59820,0.37833333333333335
59821,0.6566666666666666
59822,0.6266666666666667
59823,0.2883333333333334
59824,0.5650000000000001
59825,0.31666666666666665
59826,0.6983333333333334
59827,0.8983333333333334
59828,0.235
59829,0.33000000000000007
59830,0.023333333333333334
59831,0.19666666666666668
59832,0.25666666666666665
59833,0.6316666666666666
59834,0.33
59835,0.29333333333333333
59836,0.10666666666666666
59837,0.7216666666666667
59838,0.08
59839,0.7616666666666667
59840,0.6666666666666666
59841,0.93
59842,0.19333333333333333
59843,0.3833333333333333
59844,0.22666666666666666
59845,0.17666666666666667
59846,0.3133333333333333
59847,0.42166666666666663
59848,0.38
59849,0.25333333333333335
59850,0.935
59851,0.175
59852,0.19166666666666665
59853,0.35500000000000004
59854,0.22499999999999998
59855,0.5733333333333333
59856,0.3416666666666667
59857,0.19333333333333333
59858,0.7816666666666666
59859,0.043333333333333335
59860,0.9516666666666667
59861,0.16833333333333333
59862,0.03833333333333333
59863,0.56
59864,0.30333333333333334
59865,0.5549999999999999
59866,0.3383333333333333
59867,0.8166666666666667
59868,0.16499999999999998
59869,0.44999999999999996
59870,0.12666666666666668
59871,0.30166666666666664
59872,0.03833333333333334
59873,0.33666666666666667
59874,0.12666666666666665
59875,0.3083333333333333
59876,0.24166666666666667
59877,0.41833333333333333
59878,0.94
59879,0.21499999999999997
59880,0.7549999999999999
59881,0.09166666666666667
59882,0.7366666666666667
59883,0.016666666666666666
59884,0.6166666666666667
59885,0.8066666666666666
59886,0.7833333333333333
59887,0.8616666666666666
59888,0.16666666666666669
59889,0.15
59890,0.18833333333333335
59891,0.33666666666666667
59892,0.08666666666666667
59893,0.02
59894,0.29333333333333333
59895,0.6950000000000001
59896,0.19333333333333333
59897,0.185
59898,0.29
59899,0.6566666666666667
59900,0.12666666666666668
59901,0.13
59902,0.17666666666666664
59903,0.6116666666666667
59904,0.09833333333333333
59905,0.6483333333333333
59906,0.065
59907,0.22
59908,0.29166666666666663
59909,0.04
59910,0.5916666666666667
59911,0.26999999999999996
59912,0.4916666666666667
59913,0.095
59914,0.5549999999999999
59915,0.01
59916,0.3283333333333333
59917,0.3516666666666667
59918,0.17333333333333334
59919,0.665
59920,0.23000000000000004
59921,0.08333333333333334
59922,0.3433333333333333
59923,0.38333333333333336
59924,0.32666666666666666
59925,0.99
59926,0.3666666666666667
59927,0.7183333333333334
59928,0.3733333333333333
59929,0.22666666666666668
59930,0.17666666666666667
59931,0.14
59932,0.6183333333333334
59933,0.07833333333333334
59934,0.18666666666666665
59935,0.30166666666666664
59936,0.5716666666666667
59937,0.185
59938,0.08333333333333334
59939,0.10833333333333334
59940,0.155
59941,0.11166666666666666
59942,0.36166666666666664
59943,0.39166666666666666
59944,0.19166666666666668
59945,0.5233333333333333
59946,0.46166666666666667
59947,0.13333333333333336
59948,0.25333333333333335
59949,0.9466666666666665
59950,0.185
59951,0.5766666666666667
59952,0.14833333333333334
59953,0.21166666666666667
59954,0.6716666666666666
59955,0.13833333333333334
59956,0.05333333333333334
59957,0.026666666666666665
59958,0.20333333333333334
59959,0.5083333333333334
59960,0.3766666666666666
59961,0.345
59962,0.215
59963,0.21166666666666667
59964,0.15166666666666667
59965,0.16333333333333333
59966,0.8916666666666666
59967,0.35
59968,0.325
59969,0.5366666666666667
59970,0.24333333333333335
59971,0.96
59972,0.7133333333333333
59973,0.30666666666666664
59974,0.3233333333333333
59975,0.43000000000000005
59976,0.19
59977,0.12333333333333332
59978,0.37333333333333335
59979,0.4633333333333333
59980,0.9383333333333334
59981,0.07666666666666666
59982,0.335
59983,0.10666666666666666
59984,0.185
59985,0.4733333333333333
59986,0.6866666666666666
59987,0.23833333333333334
59988,0.061666666666666675
59989,0.6166666666666667
59990,0.43833333333333335
59991,0.6666666666666666
59992,0.2633333333333333
59993,0.27
59994,0.19166666666666668
59995,0.9433333333333334
59996,0.23166666666666663
59997,0.6866666666666666
59998,0.26666666666666666
59999,0.715
60000,0.17833333333333332
60001,0.20833333333333334
60002,0.7533333333333333
60003,0.5633333333333334
60004,0.42833333333333334
60005,0.07166666666666666
60006,0.058333333333333334
60007,0.6533333333333333
60008,0.36166666666666664
60009,0.011666666666666667
60010,0.6966666666666668
60011,0.20666666666666667
60012,0.11333333333333334
60013,0.07833333333333334
60014,0.2833333333333333
60015,0.5483333333333333
60016,0.4866666666666667
60017,0.21833333333333338
60018,0.025
60019,0.9400000000000001
60020,0.5383333333333333
60021,0.29
60022,0.18666666666666665
60023,0.5866666666666667
60024,0.9033333333333333
60025,0.71
60026,0.19
60027,0.26833333333333337
60028,0.18666666666666668
60029,0.9850000000000001
60030,0.655
60031,0.07333333333333333
60032,0.31
60033,0.20166666666666663
60034,0.18166666666666667
60035,0.305
60036,0.10833333333333334
60037,0.205
60038,0.021666666666666667
60039,0.15666666666666668
60040,0.675
60041,0.22666666666666668
60042,0.3516666666666667
60043,0.2783333333333333
60044,0.05
60045,0.6433333333333333
60046,0.2583333333333333
60047,0.29000000000000004
60048,0.095
60049,0.6516666666666666
60050,0.39166666666666666
60051,0.9666666666666666
60052,0.2733333333333333
60053,0.24
60054,0.32833333333333337
60055,0.655
60056,0.77
60057,0.30833333333333335
60058,0.07833333333333334
60059,0.20500000000000002
60060,0.15166666666666667
60061,0.175
60062,0.26333333333333336
60063,0.16999999999999998
60064,0.6333333333333333
60065,0.016666666666666666
60066,0.06333333333333334
60067,0.14666666666666667
60068,0.3466666666666667
60069,0.26
60070,0.17166666666666666
60071,0.2733333333333333
60072,0.6799999999999999
60073,0.32333333333333336
60074,0.585
60075,0.17666666666666667
60076,0.23833333333333334
60077,0.041666666666666664
60078,0.045
60079,0.33333333333333337
60080,0.013333333333333334
60081,0.3183333333333333
60082,0.6383333333333333
60083,0.011666666666666667
60084,0.7933333333333333
60085,0.07500000000000001
60086,0.028333333333333335
60087,0.25666666666666665
60088,0.7433333333333333
60089,0.32666666666666666
60090,0.5166666666666666
60091,0.9616666666666667
60092,0.54
60093,0.005
60094,0.21666666666666667
60095,0.24666666666666667
60096,0.27666666666666667
60097,0.635
60098,0.39166666666666666
60099,0.58
60100,0.41833333333333333
60101,0.20833333333333337
60102,0.21
60103,0.32999999999999996
60104,0.515
60105,0.22499999999999998
60106,0.10666666666666666
60107,0.2016666666666667
60108,0.01
60109,0.5683333333333334
60110,0.6633333333333333
60111,0.295
60112,0.44999999999999996
60113,0.29000000000000004
60114,0.11333333333333334
60115,0.09333333333333334
60116,0.9850000000000001
60117,0.03833333333333333
60118,0.028333333333333335
60119,0.13833333333333334
60120,0.3416666666666667
60121,0.3466666666666667
60122,0.6966666666666667
60123,0.25666666666666665
60124,0.49833333333333335
60125,0.2766666666666666
60126,0.6966666666666667
60127,0.62
60128,0.38166666666666665
60129,0.30833333333333335
60130,0.49166666666666664
60131,0.8866666666666667
60132,0.9333333333333333
60133,0.6316666666666667
60134,0.3616666666666667
60135,0.195
60136,0.15833333333333333
60137,0.26
60138,0.06166666666666667
60139,0.07666666666666666
60140,0.2866666666666666
60141,0.08499999999999999
60142,0.20833333333333331
60143,0.9033333333333333
60144,0.8666666666666667
60145,0.2416666666666667
60146,0.6433333333333334
60147,0.41000000000000003
60148,0.11833333333333333
60149,0.2633333333333333
60150,0.5533333333333333
60151,0.9316666666666666
60152,0.14333333333333334
60153,0.4083333333333333
60154,0.7333333333333333
60155,0.18166666666666664
60156,0.015
60157,0.21000000000000002
60158,0.22166666666666668
60159,0.3283333333333333
60160,0.3383333333333333
60161,0.525
60162,0.1
60163,0.32166666666666666
60164,0.36
60165,0.06
60166,0.725
60167,0.006666666666666667
60168,0.3616666666666667
60169,0.11333333333333333
60170,0.2916666666666667
60171,0.04666666666666667
60172,0.36333333333333334
60173,0.6849999999999999
60174,0.4766666666666667
60175,0.3666666666666667
60176,0.09666666666666668
60177,0.011666666666666667
60178,0.07166666666666667
60179,0.19166666666666665
60180,0.16333333333333333
60181,0.115
60182,0.645
60183,0.1816666666666667
60184,0.33
60185,0.021666666666666667
60186,0.2583333333333333
60187,0.45333333333333337
60188,0.5549999999999999
60189,0.0033333333333333335
60190,0.6483333333333333
60191,0.03833333333333334
60192,0.325
60193,0.24333333333333335
60194,0.42500000000000004
60195,0.05333333333333333
60196,0.8049999999999999
60197,0.7749999999999999
60198,0.3633333333333334
60199,0.11000000000000001
60200,0.2583333333333333
60201,0.075
60202,0.005
60203,0.23166666666666666
60204,0.9266666666666667
60205,0.345
60206,0.31166666666666665
60207,0.9766666666666667
60208,0.15333333333333335
60209,0.7916666666666667
60210,0.18833333333333332
60211,0.96
60212,0.135
60213,0.36666666666666664
60214,0.02
60215,0.43999999999999995
60216,0.035
60217,0.3283333333333333
60218,0.03833333333333334
60219,0.08
60220,0.26
60221,0.17166666666666666
60222,0.4733333333333333
60223,0.4866666666666667
60224,0.49
60225,0.235
60226,0.30166666666666664
60227,0.33666666666666667
60228,0.03833333333333333
60229,0.04166666666666667
60230,0.30666666666666664
60231,0.9216666666666666
60232,0.5916666666666667
60233,0.995
60234,0.225
60235,0.5966666666666667
60236,0.17666666666666667
60237,0.18333333333333332
60238,0.56
60239,0.9316666666666666
60240,0.8166666666666667
60241,0.3333333333333333
60242,0.043333333333333335
60243,0.05333333333333333
60244,0.31166666666666665
60245,0.10666666666666666
60246,0.295
60247,0.30333333333333334
60248,0.31166666666666665
60249,0.315
60250,0.7783333333333333
60251,0.03333333333333333
60252,0.155
60253,0.9466666666666665
60254,0.02
60255,0.7383333333333333
60256,0.025
60257,0.18333333333333332
60258,0.38333333333333336
60259,0.25333333333333335
60260,0.38999999999999996
60261,0.6566666666666666
60262,0.018333333333333333
60263,0.15999999999999998
60264,0.018333333333333333
60265,0.09
60266,0.3333333333333333
60267,0.24833333333333335
60268,0.013333333333333334
60269,0.6366666666666667
60270,0.22499999999999998
60271,0.235
60272,0.7483333333333333
60273,0.375
60274,0.235
60275,0.4166666666666667
60276,0.5216666666666667
60277,0.255
60278,0.4716666666666667
60279,0.185
60280,0.195
60281,0.29833333333333334
60282,0.09333333333333332
60283,0.665
60284,0.21000000000000002
60285,0.32166666666666666
60286,0.03833333333333333
60287,0.505
60288,0.35500000000000004
60289,0.27666666666666667
60290,0.8933333333333333
60291,0.47166666666666657
60292,0.018333333333333333
60293,0.33999999999999997
60294,0.42499999999999993
60295,0.19833333333333333
60296,0.06333333333333332
60297,0.04666666666666667
60298,0.21500000000000002
60299,0.95
60300,0.485
60301,0.09333333333333332
60302,0.23333333333333334
60303,0.30833333333333335
60304,0.6033333333333333
60305,0.9716666666666667
60306,0.235
60307,0.3433333333333333
60308,0.44333333333333336
60309,0.6183333333333333
60310,0.30000000000000004
60311,0.9749999999999999
60312,0.3466666666666667
60313,0.9333333333333333
60314,0.6216666666666666
60315,0.6166666666666666
60316,0.16166666666666668
60317,0.013333333333333334
60318,0.595
60319,0.33166666666666667
60320,0.4066666666666666
60321,0.8733333333333334
60322,0.6033333333333334
60323,0.4816666666666667
60324,0.10166666666666666
60325,0.6383333333333333
60326,0.315
60327,0.9483333333333333
60328,0.03333333333333333
60329,0.6816666666666666
60330,0.9366666666666665
60331,0.2583333333333333
60332,0.6233333333333333
60333,0.28
60334,0.16333333333333333
60335,0.09166666666666667
60336,0.32833333333333337
60337,0.3566666666666667
60338,0.10999999999999999
60339,0.385
60340,0.38
60341,0.24499999999999997
60342,0.62
60343,0.21
60344,0.3283333333333333
60345,0.013333333333333332
60346,0.10666666666666666
60347,0.8800000000000001
60348,0.12833333333333333
60349,0.6633333333333333
60350,0.2433333333333333
60351,0.20833333333333334
60352,0.16333333333333333
60353,0.6733333333333333
60354,0.31
60355,0.060000000000000005
60356,0.15166666666666667
60357,0.21166666666666667
60358,0.3516666666666667
60359,0.07166666666666667
60360,0.15
60361,0.8183333333333334
60362,0.5283333333333333
60363,0.21166666666666667
60364,0.09833333333333333
60365,0.495
60366,0.006666666666666667
60367,0.38666666666666666
60368,0.5066666666666667
60369,0.17666666666666667
60370,0.11666666666666667
60371,0.5316666666666667
60372,0.19499999999999998
60373,0.36833333333333335
60374,0.215
60375,0.5483333333333333
60376,0.7266666666666667
60377,0.04833333333333333
60378,0.32833333333333337
60379,0.935
60380,0.39166666666666666
60381,0.63
60382,0.15000000000000002
60383,0.28833333333333333
60384,0.05
60385,0.16999999999999998
60386,0.5183333333333333
60387,0.53
60388,0.17
60389,0.9366666666666666
60390,0.11499999999999999
60391,0.21333333333333332
60392,0.5966666666666667
60393,0.03666666666666667
60394,0.21333333333333332
60395,0.5083333333333333
60396,0.48833333333333334
60397,0.9433333333333334
60398,0.31666666666666665
60399,0.06833333333333333
60400,0.7683333333333334
60401,0.16
60402,0.2
60403,0.9583333333333333
60404,0.4066666666666666
60405,0.06833333333333333
60406,0.13666666666666666
60407,0.2383333333333333
60408,0.5566666666666666
60409,0.7083333333333334
60410,0.2916666666666667
60411,0.10500000000000001
60412,0.725
60413,0.09166666666666667
60414,0.6849999999999999
60415,0.28500000000000003
60416,0.6066666666666667
60417,0.49833333333333335
60418,0.3416666666666667
60419,0.17
60420,0.13166666666666665
60421,0.73
60422,0.6866666666666666
60423,0.7716666666666666
60424,0.7216666666666667
60425,0.2416666666666667
60426,0.5666666666666668
60427,0.5783333333333334
60428,0.5466666666666666
60429,0.33
60430,0.12333333333333334
60431,0.3433333333333334
60432,0.22
60433,0.645
60434,0.21166666666666667
60435,0.335
60436,0.6966666666666668
60437,0.04833333333333334
60438,0.865
60439,0.18333333333333335
60440,0.9466666666666667
60441,0.6533333333333333
60442,0.07833333333333334
60443,0.07833333333333334
60444,0.17333333333333334
60445,0.33499999999999996
60446,0.26166666666666666
60447,0.5900000000000001
60448,0.10833333333333334
60449,0.9383333333333335
60450,0.19999999999999998
60451,0.09500000000000001
60452,0.3433333333333333
60453,0.45333333333333337
60454,0.38
60455,0.2533333333333333
60456,0.57
60457,0.635
60458,0.2116666666666667
60459,0.03166666666666667
60460,0.8716666666666666
60461,0.4116666666666666
60462,0.33166666666666667
60463,0.38
60464,0.3433333333333333
60465,0.03333333333333333
60466,0.6649999999999999
60467,0.8083333333333333
60468,0.016666666666666666
60469,0.04166666666666667
60470,0.7716666666666667
60471,0.29833333333333334
60472,0.04833333333333333
60473,0.255
60474,0.7216666666666667
60475,0.8333333333333333
60476,0.165
60477,0.38
60478,0.29
60479,0.08166666666666667
60480,0.6483333333333333
60481,0.11000000000000001
60482,0.5566666666666666
60483,0.12166666666666666
60484,0.08333333333333333
60485,0.07999999999999999
60486,0.6233333333333333
60487,0.14166666666666666
60488,0.61
60489,0.23000000000000004
60490,0.6983333333333334
60491,0.6266666666666667
60492,0.9016666666666667
60493,0.3066666666666667
60494,0.525
60495,0.2866666666666667
60496,0.7783333333333333
60497,0.335
60498,0.635
60499,0.18666666666666665
60500,0.58
60501,0.5616666666666666
60502,0.3233333333333333
60503,0.375
60504,0.9283333333333335
60505,0.016666666666666666
60506,0.5733333333333334
60507,0.54
60508,0.645
60509,0.4716666666666666
60510,0.8099999999999999
60511,0.665
60512,0.026666666666666665
60513,0.135
60514,0.17
60515,0.45166666666666666
60516,0.44500000000000006
60517,0.17500000000000002
60518,0.81
60519,0.3433333333333333
60520,0.03666666666666667
60521,0.655
60522,0.5516666666666666
60523,0.165
60524,0.3816666666666666
60525,0.855
60526,0.7583333333333333
60527,0.31
60528,0.10666666666666667
60529,0.19000000000000003
60530,0.5316666666666666
60531,0.4866666666666666
60532,0.7033333333333334
60533,0.6133333333333333
60534,0.535
60535,0.49
60536,0.09666666666666665
60537,0.6183333333333333
60538,0.365
60539,0.915
60540,0.5083333333333333
60541,0.32166666666666666
60542,0.245
60543,0.23000000000000004
60544,0.16166666666666668
60545,0.83
60546,0.13166666666666665
60547,0.17
60548,0.3816666666666667
60549,0.5766666666666667
60550,0.28833333333333333
60551,0.15833333333333333
60552,0.33
60553,0.19333333333333333
60554,0.5416666666666666
60555,0.685
60556,0.09000000000000001
60557,0.3716666666666667
60558,0.115
60559,0.25
60560,0.8400000000000001
60561,0.18166666666666667
60562,0.8983333333333333
60563,0.7449999999999999
60564,0.4883333333333333
60565,0.04
60566,0.185
60567,0.575
60568,0.6516666666666666
60569,0.04666666666666667
60570,0.15833333333333333
60571,0.16333333333333333
60572,0.2866666666666666
60573,0.22166666666666662
60574,0.8583333333333334
60575,0.6933333333333334
60576,0.245
60577,0.03833333333333334
60578,0.3433333333333334
60579,0.7766666666666666
60580,0.18166666666666667
60581,0.035
60582,0.97
60583,0.3766666666666667
60584,0.965
60585,0.935
60586,0.40166666666666667
60587,0.195
60588,0.035
60589,0.11666666666666665
60590,0.5916666666666667
60591,0.6983333333333334
60592,0.5133333333333333
60593,0.66
60594,0.3733333333333333
60595,0.44000000000000006
60596,0.13666666666666666
60597,0.6416666666666667
60598,0.38
60599,0.2316666666666667
60600,0.14666666666666667
60601,0.055
60602,0.31333333333333335
60603,0.21666666666666667
60604,0.625
60605,0.33666666666666667
60606,0.15666666666666668
60607,0.20833333333333334
60608,0.09833333333333334
60609,0.135
60610,0.3716666666666667
60611,0.2316666666666667
60612,0.011666666666666667
60613,0.705
60614,0.018333333333333333
60615,0.4116666666666666
60616,0.9216666666666666
60617,0.11333333333333334
60618,0.45999999999999996
60619,0.5183333333333333
60620,0.235
60621,0.26
60622,0.55
60623,0.765
60624,0.3383333333333333
60625,0.8716666666666666
60626,0.035
60627,0.2316666666666667
60628,0.15333333333333332
60629,0.051666666666666666
60630,0.13833333333333336
60631,0.22333333333333333
60632,0.32166666666666666
60633,0.016666666666666666
60634,0.6349999999999999
60635,0.3233333333333333
60636,0.3166666666666667
60637,0.03166666666666666
60638,0.5033333333333333
60639,0.48166666666666663
60640,0.14833333333333334
60641,0.11833333333333332
60642,0.7083333333333334
60643,0.65
60644,0.205
60645,0.915
60646,0.4733333333333334
60647,0.22666666666666668
60648,0.7283333333333334
60649,0.03
60650,0.9233333333333333
60651,0.235
60652,0.11666666666666667
60653,0.18833333333333332
60654,0.565
60655,0.40166666666666667
60656,0.03333333333333333
60657,0.06833333333333333
60658,0.9733333333333332
60659,0.9833333333333334
60660,0.025
60661,0.4716666666666667
60662,0.9616666666666667
60663,0.33333333333333337
60664,0.17833333333333334
60665,0.12
60666,0.6316666666666666
60667,0.48333333333333334
60668,0.20833333333333334
60669,0.33499999999999996
60670,0.030000000000000002
60671,0.05166666666666666
60672,0.15333333333333335
60673,0.09166666666666667
60674,0.355
60675,0.18833333333333335
60676,0.21833333333333335
60677,0.3116666666666667
60678,0.5516666666666666
60679,0.9099999999999999
60680,0.10166666666666668
60681,0.135
60682,0.32166666666666666
60683,0.725
60684,0.07
60685,0.060000000000000005
60686,0.2633333333333333
60687,0.2633333333333333
60688,0.11833333333333335
60689,0.06
60690,0.365
60691,0.4883333333333334
60692,0.20666666666666667
60693,0.7616666666666667
60694,0.33666666666666667
60695,0.05500000000000001
60696,0.4833333333333333
60697,0.018333333333333333
60698,0.64
60699,0.10333333333333333
60700,0.38333333333333336
60701,0.22999999999999998
60702,0.31666666666666665
60703,0.23833333333333334
60704,0.03333333333333333
60705,0.18
60706,0.31833333333333336
60707,0.32166666666666666
60708,0.7716666666666666
60709,0.4733333333333334
60710,0.17166666666666666
60711,0.11333333333333334
60712,0.31833333333333336
60713,0.8133333333333334
60714,0.9116666666666668
60715,0.3616666666666667
60716,0.8799999999999999
60717,0.35
60718,0.20166666666666666
60719,0.011666666666666667
60720,0.5716666666666668
60721,0.16666666666666666
60722,0.9549999999999998
60723,0.5900000000000001
60724,0.6833333333333333
60725,0.32
60726,0.485
60727,0.32166666666666666
60728,0.025
60729,0.32833333333333337
60730,0.6333333333333333
60731,0.145
60732,0.3183333333333333
60733,0.9383333333333334
60734,0.4716666666666667
60735,0.3633333333333333
60736,0.2816666666666667
60737,0.9166666666666667
60738,0.10333333333333333
60739,0.28
60740,0.72
60741,0.2783333333333333
60742,0.10333333333333333
60743,0.6483333333333333
60744,0.35833333333333334
60745,0.03333333333333333
60746,0.07333333333333333
60747,0.018333333333333333
60748,0.305
60749,0.125
60750,0.33166666666666667
60751,0.05333333333333333
60752,0.23666666666666664
60753,0.6016666666666667
60754,0.3
60755,0.12333333333333335
60756,0.30833333333333335
60757,0.6316666666666667
60758,0.6033333333333333
60759,0.18666666666666668
60760,0.33499999999999996
60761,0.36
60762,0.21666666666666667
60763,0.325
60764,0.31
60765,0.345
60766,0.26666666666666666
60767,0.6233333333333333
60768,0.395
60769,0.25666666666666665
60770,0.5216666666666667
60771,0.5283333333333333
60772,0.24333333333333335
60773,0.26999999999999996
60774,0.11666666666666667
60775,0.2783333333333334
60776,0.12000000000000001
60777,0.25166666666666665
60778,0.38333333333333336
60779,0.31333333333333335
60780,0.385
60781,0.26666666666666666
60782,0.21500000000000002
60783,0.43666666666666665
60784,0.24666666666666667
60785,0.03333333333333333
60786,0.026666666666666665
60787,0.5916666666666667
60788,0.9916666666666667
60789,0.08
60790,0.37333333333333335
60791,0.11333333333333334
60792,0.3783333333333333
60793,0.3416666666666667
60794,0.16166666666666668
60795,0.15666666666666668
60796,0.7883333333333333
60797,0.3616666666666667
60798,0.3983333333333333
60799,0.8599999999999999
60800,0.7133333333333333
60801,0.155
60802,0.19833333333333333
60803,0.34833333333333333
60804,0.6716666666666667
60805,0.03666666666666667
60806,0.11499999999999999
60807,0.07
60808,0.45166666666666666
60809,0.4916666666666667
60810,0.09500000000000001
60811,0.13833333333333334
60812,0.06333333333333332
60813,0.32
60814,0.105
60815,0.3933333333333333
60816,0.5083333333333333
60817,0.07833333333333334
60818,0.75
60819,0.21333333333333335
60820,0.985
60821,0.185
60822,0.6116666666666667
60823,0.32
60824,0.19833333333333333
60825,0.685
60826,0.015000000000000001
60827,0.018333333333333333
60828,0.21333333333333332
60829,0.19999999999999998
60830,0.16666666666666669
60831,0.25166666666666665
60832,0.14666666666666667
60833,0.006666666666666667
60834,0.7083333333333334
60835,0.7
60836,0.32499999999999996
60837,0.028333333333333335
60838,0.3616666666666667
60839,0.19166666666666668
60840,0.37
60841,0.215
60842,0.7533333333333334
60843,0.9216666666666666
60844,0.3283333333333333
60845,0.6349999999999999
60846,0.6083333333333333
60847,0.325
60848,0.5883333333333334
60849,0.475
60850,0.39
60851,0.38666666666666666
60852,0.7683333333333333
60853,0.5433333333333333
60854,0.08499999999999999
60855,0.415
60856,0.10166666666666667
60857,0.35
60858,0.6533333333333333
60859,0.7883333333333333
60860,0.0016666666666666668
60861,0.35833333333333334
60862,0.7016666666666667
60863,0.295
60864,0.17666666666666667
60865,0.19
60866,0.5299999999999999
60867,0.6016666666666667
60868,0.08166666666666667
60869,0.5383333333333333
60870,0.32499999999999996
60871,0.7916666666666667
60872,0.735
60873,0.18
60874,0.2833333333333333
60875,0.14666666666666667
60876,0.20500000000000002
60877,0.21333333333333332
60878,0.37
60879,0.2866666666666666
60880,0.03666666666666667
60881,0.6533333333333333
60882,0.3383333333333333
60883,0.11333333333333334
60884,0.023333333333333334
60885,0.10333333333333335
60886,0.935
60887,0.09166666666666667
60888,0.9333333333333333
60889,0.19833333333333336
60890,0.40499999999999997
60891,0.19833333333333336
60892,0.29666666666666663
60893,0.6866666666666668
60894,0.32333333333333336
60895,0.2866666666666667
60896,0.365
60897,0.7016666666666667
60898,0.31333333333333335
60899,0.23500000000000001
60900,0.28500000000000003
60901,0.7366666666666667
60902,0.53
60903,0.4
60904,0.065
60905,0.09666666666666668
60906,0.24333333333333335
60907,0.03166666666666666
60908,0.225
60909,0.3583333333333333
60910,0.07333333333333333
60911,0.34833333333333333
60912,0.21833333333333332
60913,0.15166666666666667
60914,0.6833333333333333
60915,0.29
60916,0.21999999999999997
60917,0.2733333333333334
60918,0.21833333333333332
60919,0.9333333333333333
60920,0.31000000000000005
60921,0.315
60922,0.165
60923,0.16333333333333333
60924,0.051666666666666666
60925,0.355
60926,0.175
60927,0.41833333333333333
60928,0.34
60929,0.6016666666666667
60930,0.315
60931,0.17333333333333334
60932,0.595
60933,0.05333333333333333
60934,0.125
60935,0.9949999999999999
60936,0.44333333333333336
60937,0.4033333333333333
60938,0.20499999999999996
60939,0.42333333333333334
60940,0.8783333333333334
60941,0.2616666666666667
60942,0.22833333333333333
60943,0.25333333333333335
60944,0.3383333333333333
60945,0.45
60946,0.013333333333333332
60947,0.006666666666666667
60948,0.6283333333333333
60949,0.6916666666666667
60950,0.3516666666666667
60951,0.7233333333333334
60952,0.2366666666666667
60953,0.44166666666666665
60954,0.17500000000000002
60955,0.67
60956,0.7849999999999999
60957,0.03833333333333334
60958,0.5283333333333333
60959,0.6849999999999999
60960,0.043333333333333335
60961,0.6433333333333333
60962,0.30666666666666664
60963,0.5533333333333333
60964,0.3516666666666666
60965,0.42666666666666664
60966,0.345
60967,0.42
60968,0.14333333333333334
60969,0.3416666666666667
60970,0.42333333333333334
60971,0.265
60972,0.9266666666666667
60973,0.025
60974,0.34500000000000003
60975,0.195
60976,0.09166666666666667
60977,0.24833333333333335
60978,0.19499999999999998
60979,0.03333333333333333
60980,0.6966666666666667
60981,0.8916666666666666
60982,0.085
60983,0.5683333333333334
60984,0.23833333333333334
60985,0.6649999999999999
60986,0.4783333333333333
60987,0.17833333333333334
60988,0.6666666666666667
60989,0.505
60990,0.18666666666666665
60991,0.19833333333333333
60992,0.03833333333333333
60993,0.7183333333333334
60994,0.6133333333333333
60995,0.2866666666666667
60996,0.9933333333333334
60997,0.12
60998,0.11833333333333335
60999,0.645
61000,0.18666666666666665
61001,0.11833333333333332
61002,0.9066666666666666
61003,0.7466666666666666
61004,0.5750000000000001
61005,0.8600000000000001
61006,0.7966666666666666
61007,0.6749999999999999
61008,0.155
61009,0.23833333333333334
61010,0.8883333333333333
61011,0.3633333333333334
61012,0.6083333333333333
61013,0.42
61014,0.935
61015,0.2733333333333333
61016,0.2866666666666667
61017,0.7666666666666666
61018,0.35
61019,0.5116666666666667
61020,0.8966666666666667
61021,0.255
61022,0.8700000000000001
61023,0.5033333333333333
61024,0.3516666666666667
61025,0.5616666666666666
61026,0.2816666666666667
61027,0.25
61028,0.425
61029,0.03333333333333333
61030,0.43500000000000005
61031,0.9500000000000001
61032,0.43666666666666665
61033,0.15
61034,0.016666666666666666
61035,0.6983333333333334
61036,0.7000000000000001
61037,0.9333333333333333
61038,0.058333333333333334
61039,0.245
61040,0.5533333333333333
61041,0.83
61042,0.10166666666666667
61043,0.37
61044,0.12833333333333333
61045,0.9333333333333333
61046,0.26
61047,0.2316666666666667
61048,0.03
61049,0.185
61050,0.05833333333333334
61051,0.04666666666666667
61052,0.19666666666666668
61053,0.9316666666666666
61054,0.485
61055,0.175
61056,0.16833333333333333
61057,0.03833333333333334
61058,0.5416666666666667
61059,0.6016666666666667
61060,0.67
61061,0.2533333333333333
61062,0.48333333333333334
61063,0.8616666666666666
61064,0.1733333333333333
61065,0.36833333333333335
61066,0.08833333333333335
61067,0.3416666666666666
61068,0.15166666666666667
61069,0.6216666666666667
61070,0.18833333333333332
61071,0.5266666666666666
61072,0.09333333333333334
61073,0.3283333333333333
61074,0.32166666666666666
61075,0.5416666666666667
61076,0.7166666666666667
61077,0.6516666666666667
61078,0.10166666666666668
61079,0.07
61080,0.31666666666666665
61081,0.6333333333333334
61082,0.7066666666666667
61083,0.18333333333333335
61084,0.245
61085,0.9383333333333335
61086,0.27166666666666667
61087,0.17666666666666667
61088,0.5449999999999999
61089,0.7949999999999999
61090,0.17833333333333332
61091,0.395
61092,0.275
61093,0.9000000000000001
61094,0.5766666666666667
61095,0.2833333333333333
61096,0.12666666666666665
61097,0.1
61098,0.375
61099,0.12833333333333333
61100,0.31833333333333336
61101,0.33999999999999997
61102,0.9483333333333334
61103,0.29333333333333333
61104,0.7566666666666666
61105,0.14833333333333332
61106,0.195
61107,0.11666666666666667
61108,0.7466666666666666
61109,0.665
61110,0.185
61111,0.18333333333333332
61112,0.043333333333333335
61113,0.24833333333333332
61114,0.008333333333333333
61115,0.32666666666666666
61116,0.9416666666666667
61117,0.24
61118,0.7150000000000001
61119,0.026666666666666665
61120,0.815
61121,0.13166666666666668
61122,0.315
61123,0.2516666666666667
61124,0.11333333333333334
61125,0.09
61126,0.2683333333333333
61127,0.2966666666666667
61128,0.27666666666666667
61129,0.22166666666666662
61130,0.5833333333333334
61131,0.46833333333333327
61132,0.16833333333333333
61133,0.545
61134,0.43833333333333335
61135,0.33166666666666667
61136,0.30333333333333334
61137,0.3283333333333333
61138,0.15666666666666668
61139,0.12
61140,0.53
61141,0.29333333333333333
61142,0.45833333333333337
61143,0.6766666666666667
61144,0.8416666666666668
61145,0.45999999999999996
61146,0.37
61147,0.6983333333333333
61148,0.21500000000000002
61149,0.6900000000000001
61150,0.3516666666666667
61151,0.23833333333333334
61152,0.6916666666666667
61153,0.19666666666666666
61154,0.13833333333333334
61155,0.48
61156,0.925
61157,0.45833333333333337
61158,0.9116666666666667
61159,0.1983333333333333
61160,0.8033333333333332
61161,0.9733333333333333
61162,0.5950000000000001
61163,0.9616666666666666
61164,0.20666666666666667
61165,0.18333333333333332
61166,0.25166666666666665
61167,0.5
61168,0.55
61169,0.24
61170,0.23666666666666666
61171,0.555
61172,0.18333333333333335
61173,0.018333333333333333
61174,0.6900000000000001
61175,0.41500000000000004
61176,0.2833333333333333
61177,0.51
61178,0.12333333333333335
61179,0.41833333333333333
61180,0.5433333333333333
61181,0.2016666666666667
61182,0.385
61183,0.7483333333333333
61184,0.19333333333333333
61185,0.4666666666666667
61186,0.10833333333333334
61187,0.19499999999999998
61188,0.9466666666666667
61189,0.37833333333333335
61190,0.6566666666666667
61191,0.28833333333333333
61192,0.4116666666666667
61193,0.8783333333333332
61194,0.9216666666666666
61195,0.22499999999999998
61196,0.255
61197,0.5916666666666667
61198,0.5983333333333334
61199,0.10666666666666666
61200,0.016666666666666666
61201,0.18
61202,0.22333333333333333
61203,0.028333333333333335
61204,0.09333333333333334
61205,0.13833333333333336
61206,0.6316666666666666
61207,0.265
61208,0.7083333333333334
61209,0.22666666666666668
61210,0.36833333333333335
61211,0.2583333333333333
61212,0.42166666666666663
61213,0.335
61214,0.27
61215,0.685
61216,0.72
61217,0.3683333333333333
61218,0.11333333333333334
61219,0.016666666666666666
61220,0.14
61221,0.23333333333333334
61222,0.16333333333333333
61223,0.08333333333333333
61224,0.06666666666666667
61225,0.11666666666666665
61226,0.40166666666666667
61227,0.22166666666666665
61228,0.03333333333333333
61229,0.53
61230,0.03166666666666667
61231,0.17166666666666666
61232,0.3883333333333333
61233,0.5116666666666666
61234,0.23000000000000004
61235,0.8933333333333333
61236,0.5766666666666667
61237,0.018333333333333333
61238,0.8999999999999999
61239,0.905
61240,0.6616666666666666
61241,0.40499999999999997
61242,0.7083333333333333
61243,0.295
61244,0.19833333333333336
61245,0.28833333333333333
61246,0.215
61247,0.12166666666666667
61248,0.29166666666666663
61249,0.4666666666666667
61250,0.515
61251,0.18166666666666667
61252,0.955
61253,0.8583333333333334
61254,0.42499999999999993
61255,0.9233333333333333
61256,0.65
61257,0.495
61258,0.215
61259,0.5416666666666667
61260,0.3483333333333334
61261,0.7816666666666667
61262,0.6766666666666667
61263,0.7333333333333333
61264,0.21166666666666667
61265,0.028333333333333335
61266,0.58
61267,0.6333333333333333
61268,0.3583333333333334
61269,0.265
61270,0.35333333333333333
61271,0.7566666666666666
61272,0.28833333333333333
61273,0.51
61274,0.175
61275,0.15
61276,0.7216666666666667
61277,0.575
61278,0.7833333333333334
61279,0.025
61280,0.035
61281,0.215
61282,0.3883333333333333
61283,0.3
61284,0.24
61285,0.12166666666666665
61286,0.09
61287,0.13333333333333333
61288,0.43500000000000005
61289,0.33999999999999997
61290,0.32
61291,0.6783333333333333
61292,0.93
61293,0.11166666666666666
61294,0.32833333333333337
61295,0.07166666666666666
61296,0.45999999999999996
61297,0.27166666666666667
61298,0.6766666666666666
61299,0.013333333333333332
61300,0.91
61301,0.021666666666666667
61302,0.16666666666666666
61303,0.20666666666666667
61304,0.16333333333333333
61305,0.16166666666666668
61306,0.175
61307,0.33166666666666667
61308,0.32166666666666666
61309,0.25666666666666665
61310,0.44999999999999996
61311,0.23833333333333334
61312,0.305
61313,0.05
61314,0.9883333333333333
61315,0.7133333333333333
61316,0.13
61317,0.9083333333333334
61318,0.11833333333333333
61319,0.6950000000000001
61320,0.2533333333333333
61321,0.9450000000000001
61322,0.6833333333333333
61323,0.008333333333333333
61324,0.42333333333333334
61325,0.5533333333333333
61326,0.13166666666666668
61327,0.08833333333333333
61328,0.6116666666666667
61329,0.7533333333333333
61330,0.6533333333333334
61331,0.3516666666666667
61332,0.27666666666666667
61333,0.36333333333333334
61334,0.7216666666666667
61335,0.43666666666666665
61336,0.8766666666666667
61337,0.73
61338,0.44666666666666666
61339,0.44999999999999996
61340,0.5783333333333334
61341,0.67
61342,0.7816666666666667
61343,0.5733333333333333
61344,0.7266666666666667
61345,0.5
61346,0.215
61347,0.775
61348,0.7933333333333332
61349,0.32333333333333336
61350,0.4633333333333334
61351,0.41
61352,0.03166666666666667
61353,0.245
61354,0.35833333333333334
61355,0.006666666666666667
61356,0.7866666666666666
61357,0.23666666666666664
61358,0.9316666666666666
61359,0.445
61360,0.028333333333333335
61361,0.028333333333333335
61362,0.7433333333333333
61363,0.9833333333333333
61364,0.7583333333333334
61365,0.39666666666666667
61366,0.3083333333333333
61367,0.37166666666666665
61368,0.7183333333333334
61369,0.4966666666666667
61370,0.37833333333333335
61371,0.4716666666666667
61372,0.051666666666666666
61373,0.005
61374,0.13
61375,0.016666666666666666
61376,0.14333333333333334
61377,0.15166666666666667
61378,0.255
61379,0.9316666666666666
61380,0.3716666666666667
61381,0.8683333333333334
61382,0.495
61383,0.3816666666666667
61384,0.5733333333333334
61385,0.67
61386,0.23333333333333334
61387,0.5383333333333333
61388,0.25
61389,0.66
61390,0.6283333333333333
61391,0.33333333333333337
61392,0.265
61393,0.31166666666666665
61394,0.17166666666666666
61395,0.3016666666666667
61396,0.3383333333333333
61397,0.3033333333333333
61398,0.04833333333333333
61399,0.24333333333333335
61400,0.14166666666666666
61401,0.23166666666666666
61402,0.025
61403,0.2783333333333333
61404,0.41500000000000004
61405,0.27999999999999997
61406,0.15666666666666668
61407,0.03833333333333334
61408,0.375
61409,0.23666666666666666
61410,0.04833333333333333
61411,0.29
61412,0.34833333333333333
61413,0.2866666666666667
61414,0.9483333333333333
61415,0.94
61416,0.38333333333333336
61417,0.7533333333333333
61418,0.9233333333333333
61419,0.09
61420,0.485
61421,0.33666666666666667
61422,0.5433333333333333
61423,0.13333333333333333
61424,0.3883333333333333
61425,0.49
61426,0.8283333333333334
61427,0.30666666666666664
61428,0.18166666666666667
61429,0.715
61430,0.18333333333333332
61431,0.8200000000000001
61432,0.29333333333333333
61433,0.14333333333333334
61434,0.9299999999999999
61435,0.2683333333333333
61436,0.565
61437,0.22166666666666662
61438,0.445
61439,0.8666666666666667
61440,0.30833333333333335
61441,0.475
61442,0.19666666666666668
61443,0.5833333333333333
61444,0.14833333333333332
61445,0.043333333333333335
61446,0.095
61447,0.13833333333333334
61448,0.08333333333333334
61449,0.16333333333333333
61450,0.12833333333333333
61451,0.13833333333333334
61452,0.16833333333333333
61453,0.4716666666666667
61454,0.15833333333333333
61455,0.17833333333333332
61456,0.29500000000000004
61457,0.5666666666666667
61458,0.6533333333333334
61459,0.28500000000000003
61460,0.5666666666666667
61461,0.42999999999999994
61462,0.5383333333333333
61463,0.93
61464,0.26999999999999996
61465,0.021666666666666667
61466,0.06333333333333332
61467,0.6533333333333333
61468,0.27666666666666667
61469,0.37333333333333335
61470,0.145
61471,0.4083333333333333
61472,0.2833333333333333
61473,0.2633333333333333
61474,0.305
61475,0.35333333333333333
61476,0.4933333333333333
61477,0.3916666666666666
61478,0.745
61479,0.3433333333333333
61480,0.7883333333333333
61481,0.03
61482,0.03666666666666667
61483,0.12166666666666667
61484,0.24
61485,0.14333333333333334
61486,0.10166666666666668
61487,0.16
61488,0.8183333333333334
61489,0.3416666666666667
61490,0.041666666666666664
61491,0.5083333333333333
61492,0.3116666666666667
61493,0.62
61494,0.3466666666666667
61495,0.40166666666666667
61496,0.7533333333333333
61497,0.175
61498,0.22333333333333333
61499,0.6216666666666666
61500,0.14833333333333334
61501,0.6599999999999999
61502,0.24833333333333335
61503,0.03666666666666667
61504,0.3516666666666667
61505,0.05666666666666667
61506,0.635
61507,0.016666666666666666
61508,0.515
61509,0.13166666666666668
61510,0.7616666666666667
61511,0.21666666666666667
61512,0.6483333333333333
61513,0.16833333333333333
61514,0.15166666666666667
61515,0.115
61516,0.4066666666666667
61517,0.2416666666666667
61518,0.19333333333333333
61519,0.25166666666666665
61520,0.045
61521,0.29333333333333333
61522,0.7766666666666666
61523,0.34500000000000003
61524,0.9983333333333333
61525,0.6183333333333333
61526,0.16833333333333333
61527,0.6866666666666666
61528,0.4666666666666667
61529,0.0033333333333333335
61530,0.6866666666666666
61531,0.36666666666666664
61532,0.9299999999999999
61533,0.30833333333333335
61534,0.41333333333333333
61535,0.6516666666666667
61536,0.275
61537,0.48
61538,0.5483333333333333
61539,0.18166666666666667
61540,0.3516666666666667
61541,0.7816666666666667
61542,0.41833333333333333
61543,0.7000000000000001
61544,0.18166666666666667
61545,0.14666666666666667
61546,0.75
61547,0.7066666666666667
61548,0.31666666666666665
61549,0.5666666666666667
61550,0.7
61551,0.185
61552,0.26166666666666666
61553,0.5766666666666667
61554,0.13166666666666665
61555,0.42666666666666664
61556,0.2533333333333333
61557,0.5233333333333334
61558,0.16
61559,0.42500000000000004
61560,0.2516666666666667
61561,0.24333333333333335
61562,0.32666666666666666
61563,0.42833333333333334
61564,0.6233333333333333
61565,0.3616666666666667
61566,0.016666666666666666
61567,0.15166666666666667
61568,0.12666666666666665
61569,0.051666666666666666
61570,0.03333333333333333
61571,0.025
61572,0.135
61573,0.7283333333333333
61574,0.6583333333333333
61575,0.41
61576,0.2566666666666667
61577,0.7633333333333333
61578,0.5483333333333333
61579,0.028333333333333335
61580,0.021666666666666667
61581,0.7833333333333333
61582,0.3383333333333333
61583,0.345
61584,0.35500000000000004
61585,0.3566666666666667
61586,0.6516666666666666
61587,0.38666666666666666
61588,0.3383333333333333
61589,0.21000000000000002
61590,0.24833333333333335
61591,0.35333333333333333
61592,0.20833333333333334
61593,0.5
61594,0.3566666666666667
61595,0.24
61596,0.24333333333333335
61597,0.655
61598,0.08
61599,0.635
61600,0.3333333333333333
61601,0.3716666666666667
61602,0.025
61603,0.295
61604,0.23833333333333334
61605,0.535
61606,0.6633333333333333
61607,0.023333333333333334
61608,0.9183333333333333
61609,0.04666666666666666
61610,0.6733333333333333
61611,0.09999999999999999
61612,0.26166666666666666
61613,0.49
61614,0.845
61615,0.4083333333333333
61616,0.03833333333333333
61617,0.16333333333333333
61618,0.8899999999999999
61619,0.8133333333333335
61620,0.15166666666666667
61621,0.35833333333333334
61622,0.3983333333333333
61623,0.11
61624,0.3733333333333333
61625,0.235
61626,0.5033333333333333
61627,0.5983333333333333
61628,0.31666666666666665
61629,0.7716666666666666
61630,0.3583333333333333
61631,0.3
61632,0.6683333333333334
61633,0.15666666666666665
61634,0.16833333333333333
61635,0.34833333333333333
61636,0.02333333333333333
61637,0.7016666666666667
61638,0.20666666666666667
61639,0.12000000000000001
61640,0.075
61641,0.3
61642,0.24666666666666665
61643,0.26333333333333336
61644,0.35
61645,0.23166666666666666
61646,0.095
61647,0.24666666666666665
61648,0.38999999999999996
61649,0.6733333333333333
61650,0.31833333333333336
61651,0.4600000000000001
61652,0.7000000000000001
61653,0.20833333333333334
61654,0.2316666666666667
61655,0.22499999999999998
61656,0.28
61657,0.26
61658,0.245
61659,0.6533333333333333
61660,0.5750000000000001
61661,0.35000000000000003
61662,0.4083333333333333
61663,0.6633333333333333
61664,0.31
61665,0.4083333333333333
61666,0.13
61667,0.2583333333333333
61668,0.14833333333333334
61669,0.028333333333333335
61670,0.2366666666666667
61671,0.21166666666666667
61672,0.3466666666666667
61673,0.3583333333333334
61674,0.3966666666666667
61675,0.7150000000000001
61676,0.9916666666666667
61677,0.7833333333333334
61678,0.57
61679,0.14166666666666666
61680,0.30333333333333334
61681,0.043333333333333335
61682,0.09333333333333334
61683,0.12833333333333333
61684,0.19166666666666665
61685,0.5616666666666666
61686,0.33499999999999996
61687,0.17833333333333332
61688,0.23833333333333334
61689,0.6033333333333334
61690,0.13166666666666665
61691,0.22999999999999998
61692,0.335
61693,0.5566666666666666
61694,0.7216666666666667
61695,0.36333333333333334
61696,0.965
61697,0.09666666666666668
61698,0.05
61699,0.18999999999999997
61700,0.925
61701,0.3916666666666666
61702,0.3416666666666667
61703,0.7666666666666667
61704,0.33999999999999997
61705,0.9616666666666666
61706,0.16333333333333333
61707,0.205
61708,0.26166666666666666
61709,0.15666666666666665
61710,0.48
61711,0.41333333333333333
61712,0.25
61713,0.6200000000000001
61714,0.23666666666666666
61715,0.07166666666666667
61716,0.44833333333333336
61717,0.9816666666666667
61718,0.11666666666666667
61719,0.24833333333333335
61720,0.885
61721,0.9433333333333334
61722,0.15833333333333333
61723,0.6516666666666667
61724,0.22333333333333333
61725,0.2733333333333333
61726,0.023333333333333334
61727,0.11666666666666667
61728,0.26666666666666666
61729,0.6749999999999999
61730,0.7583333333333333
61731,0.065
61732,0.6983333333333333
61733,0.7283333333333334
61734,0.5133333333333334
61735,0.08833333333333333
61736,0.545
61737,0.3466666666666667
61738,0.8633333333333333
61739,0.5783333333333334
61740,0.024999999999999998
61741,0.22166666666666668
61742,0.30000000000000004
61743,0.043333333333333335
61744,0.595
61745,0.66
61746,0.5833333333333334
61747,0.21333333333333332
61748,0.10166666666666666
61749,0.1816666666666667
61750,0.016666666666666666
61751,0.7033333333333334
61752,0.38833333333333336
61753,0.021666666666666667
61754,0.43500000000000005
61755,0.09
61756,0.21333333333333335
61757,0.08833333333333333
61758,0.6766666666666667
61759,0.17833333333333334
61760,0.805
61761,0.5216666666666666
61762,0.32666666666666666
61763,0.6
61764,0.5616666666666666
61765,0.645
61766,0.14166666666666666
61767,0.37
61768,0.011666666666666667
61769,0.24833333333333332
61770,0.43999999999999995
61771,0.7350000000000001
61772,0.6983333333333334
61773,0.5466666666666666
61774,0.66
61775,0.195
61776,0.7116666666666667
61777,0.23166666666666666
61778,0.34833333333333333
61779,0.645
61780,0.03166666666666667
61781,0.9433333333333334
61782,0.5750000000000001
61783,0.275
61784,0.31333333333333335
61785,0.051666666666666666
61786,0.3416666666666667
61787,0.6816666666666666
61788,0.05333333333333333
61789,0.235
61790,0.14333333333333334
61791,0.48333333333333334
61792,0.7233333333333333
61793,0.4683333333333334
61794,0.25666666666666665
61795,0.013333333333333334
61796,0.395
61797,0.47
61798,0.5366666666666666
61799,0.29000000000000004
61800,0.08666666666666667
61801,0.645
61802,0.28
61803,0.02666666666666667
61804,0.043333333333333335
61805,0.27166666666666667
61806,0.135
61807,0.7533333333333333
61808,0.5650000000000001
61809,0.35
61810,0.36166666666666664
61811,0.9416666666666667
61812,0.3666666666666667
61813,0.04
61814,0.265
61815,0.905
61816,0.9516666666666667
61817,0.8016666666666667
61818,0.7183333333333333
61819,0.018333333333333333
61820,0.3716666666666667
61821,0.6816666666666666
61822,0.12
61823,0.32666666666666666
61824,0.9166666666666667
61825,0.4
61826,0.6900000000000001
61827,0.07666666666666666
61828,0.08333333333333333
61829,0.66
61830,0.17833333333333334
61831,0.6966666666666667
61832,0.20500000000000002
61833,0.11666666666666667
61834,0.07166666666666667
61835,0.11833333333333333
61836,0.485
61837,0.10833333333333334
61838,0.79
61839,0.3516666666666667
61840,0.5650000000000001
61841,0.21166666666666667
61842,0.6633333333333333
61843,0.07833333333333334
61844,0.135
61845,0.2633333333333333
61846,0.285
61847,0.13833333333333334
61848,0.6383333333333333
61849,0.72
61850,0.04
61851,0.5983333333333333
61852,0.06833333333333333
61853,0.26666666666666666
61854,0.14833333333333334
61855,0.32833333333333337
61856,0.12333333333333335
61857,0.705
61858,0.03333333333333333
61859,0.19666666666666666
61860,0.825
61861,0.9166666666666665
61862,0.6599999999999999
61863,0.24166666666666664
61864,0.2416666666666667
61865,0.09
61866,0.26166666666666666
61867,0.24999999999999997
61868,0.48333333333333334
61869,0.8466666666666667
61870,0.3466666666666667
61871,0.5449999999999999
61872,0.041666666666666664
61873,0.5183333333333333
61874,0.9199999999999999
61875,0.13
61876,0.5266666666666666
61877,0.15
61878,0.65
61879,0.10166666666666668
61880,0.065
61881,0.7433333333333333
61882,0.19833333333333333
61883,0.4633333333333333
61884,0.20666666666666667
61885,0.30000000000000004
61886,0.17833333333333334
61887,0.45333333333333337
61888,0.005
61889,0.7083333333333334
61890,0.3566666666666667
61891,0.021666666666666667
61892,0.2366666666666667
61893,0.6683333333333333
61894,0.09666666666666668
61895,0.24833333333333335
61896,0.3733333333333333
61897,0.7050000000000001
61898,0.9866666666666666
61899,0.31833333333333336
61900,0.02666666666666667
61901,0.665
61902,0.10500000000000001
61903,0.2866666666666666
61904,0.9416666666666667
61905,0.18666666666666665
61906,0.2966666666666667
61907,0.32833333333333337
61908,0.24666666666666667
61909,0.23666666666666666
61910,0.05333333333333334
61911,0.8933333333333333
61912,0.5816666666666667
61913,0.43333333333333335
61914,0.5833333333333334
61915,0.20833333333333331
61916,0.4833333333333333
61917,0.51
61918,0.06499999999999999
61919,0.2366666666666667
61920,0.17666666666666667
61921,0.11499999999999999
61922,0.57
61923,0.675
61924,0.17333333333333334
61925,0.15833333333333335
61926,0.875
61927,0.9616666666666667
61928,0.07166666666666667
61929,0.21999999999999997
61930,0.21833333333333332
61931,0.03166666666666667
61932,0.49833333333333335
61933,0.2
61934,0.09
61935,0.32999999999999996
61936,0.125
61937,0.9649999999999999
61938,0.1
61939,0.9283333333333335
61940,0.26833333333333337
61941,0.6183333333333333
61942,0.125
61943,0.6766666666666666
61944,0.315
61945,0.45666666666666667
61946,0.295
61947,0.15999999999999998
61948,0.3083333333333333
61949,0.145
61950,0.9133333333333333
61951,0.7849999999999999
61952,0.028333333333333335
61953,0.915
61954,0.08333333333333334
61955,0.06666666666666667
61956,0.5183333333333333
61957,0.6033333333333334
61958,0.5066666666666667
61959,0.075
61960,0.5466666666666666
61961,0.23500000000000001
61962,0.17
61963,0.4716666666666667
61964,0.7666666666666666
61965,0.235
61966,0.03333333333333333
61967,0.38666666666666666
61968,0.22833333333333333
61969,0.023333333333333334
61970,0.735
61971,0.18333333333333332
61972,0.11666666666666667
61973,0.185
61974,0.1716666666666667
61975,0.7566666666666666
61976,0.34833333333333333
61977,0.22166666666666668
61978,0.29833333333333334
61979,0.08000000000000002
61980,0.285
61981,0.29833333333333334
61982,0.8683333333333334
61983,0.05
61984,0.021666666666666667
61985,0.705
61986,0.2583333333333333
61987,0.7233333333333334
61988,0.515
61989,0.4783333333333333
61990,0.41333333333333333
61991,0.5866666666666667
61992,0.3466666666666667
61993,0.11499999999999999
61994,0.4966666666666667
61995,0.45833333333333337
61996,0.56
61997,0.7216666666666667
61998,0.04833333333333334
61999,0.6866666666666666
62000,0.52
62001,0.75
62002,0.61
62003,0.4733333333333333
62004,0.4666666666666667
62005,0.02
62006,0.10666666666666666
62007,0.21166666666666667
62008,0.16166666666666668
62009,0.016666666666666666
62010,0.6683333333333333
62011,0.19500000000000003
62012,0.2866666666666666
62013,0.36
62014,0.3016666666666667
62015,0.065
62016,0.17333333333333334
62017,0.7083333333333334
62018,0.03666666666666667
62019,0.365
62020,0.3
62021,0.395
62022,0.935
62023,0.9383333333333332
62024,0.6266666666666667
62025,0.41000000000000003
62026,0.32
62027,0.9116666666666666
62028,0.7516666666666667
62029,0.18166666666666667
62030,0.6383333333333333
62031,0.14166666666666666
62032,0.04166666666666667
62033,0.73
62034,0.4033333333333333
62035,0.19166666666666665
62036,0.42333333333333334
62037,0.3283333333333333
62038,0.5116666666666667
62039,0.48
62040,0.2733333333333333
62041,0.5316666666666667
62042,0.4816666666666667
62043,0.15
62044,0.4166666666666667
62045,0.5233333333333334
62046,0.21000000000000002
62047,0.5116666666666666
62048,0.17333333333333334
62049,0.39166666666666666
62050,0.03666666666666667
62051,0.3566666666666667
62052,0.3816666666666666
62053,0.33999999999999997
62054,0.675
62055,0.12
62056,0.45666666666666667
62057,0.285
62058,0.03166666666666667
62059,0.35666666666666663
62060,0.25666666666666665
62061,0.03333333333333333
62062,0.22333333333333333
62063,0.32833333333333337
62064,0.365
62065,0.36333333333333334
62066,0.605
62067,0.365
62068,0.04666666666666666
62069,0.30500000000000005
62070,0.5333333333333333
62071,0.09
62072,0.9116666666666666
62073,0.13833333333333334
62074,0.445
62075,0.09333333333333335
62076,0.385
62077,0.14
62078,0.34
62079,0.39
62080,0.19333333333333336
62081,0.19166666666666668
62082,0.6749999999999999
62083,0.9016666666666667
62084,0.24
62085,0.24333333333333335
62086,0.21000000000000002
62087,0.9766666666666666
62088,0.26833333333333337
62089,0.175
62090,0.16333333333333333
62091,0.355
62092,0.5683333333333334
62093,0.08
62094,0.42666666666666664
62095,0.18166666666666664
62096,0.3833333333333333
62097,0.565
62098,0.30666666666666664
62099,0.7983333333333333
62100,0.34833333333333333
62101,0.665
62102,0.65
62103,0.7883333333333333
62104,0.325
62105,0.10999999999999999
62106,0.24166666666666667
62107,0.26166666666666666
62108,0.36
62109,0.15666666666666665
62110,0.4683333333333334
62111,0.6883333333333334
62112,0.08333333333333333
62113,0.02
62114,0.40499999999999997
62115,0.31666666666666665
62116,0.6316666666666667
62117,0.7433333333333334
62118,0.24833333333333335
62119,0.07333333333333335
62120,0.21166666666666664
62121,0.7716666666666667
62122,0.67
62123,0.3933333333333333
62124,0.5116666666666666
62125,0.31666666666666665
62126,0.525
62127,0.016666666666666666
62128,0.31166666666666665
62129,0.08166666666666667
62130,0.14166666666666666
62131,0.6333333333333333
62132,0.07333333333333333
62133,0.13499999999999998
62134,0.7466666666666667
62135,0.29000000000000004
62136,0.9466666666666665
62137,0.04666666666666667
62138,0.22333333333333333
62139,0.7916666666666667
62140,0.7116666666666667
62141,0.835
62142,0.5083333333333333
62143,0.3333333333333333
62144,0.7383333333333334
62145,0.8
62146,0.37166666666666665
62147,0.20333333333333334
62148,0.2866666666666667
62149,0.048333333333333325
62150,0.495
62151,0.5266666666666666
62152,0.27166666666666667
62153,0.18
62154,0.9716666666666667
62155,0.32666666666666666
62156,0.11333333333333334
62157,0.27166666666666667
62158,0.245
62159,0.31499999999999995
62160,0.675
62161,0.03
62162,0.6216666666666667
62163,0.395
62164,0.7683333333333333
62165,0.15333333333333332
62166,0.31333333333333335
62167,0.9
62168,0.20500000000000002
62169,0.6783333333333332
62170,0.31
62171,0.2816666666666667
62172,0.29333333333333333
62173,0.7116666666666667
62174,0.3466666666666667
62175,0.2533333333333333
62176,0.45666666666666667
62177,0.05666666666666667
62178,0.08
62179,0.5
62180,0.5783333333333333
62181,0.32166666666666666
62182,0.30166666666666664
62183,0.31666666666666665
62184,0.2783333333333333
62185,0.3666666666666667
62186,0.12666666666666668
62187,0.22166666666666665
62188,0.41333333333333333
62189,0.4983333333333333
62190,0.22666666666666668
62191,0.6416666666666667
62192,0.03333333333333333
62193,0.20166666666666666
62194,0.6100000000000001
62195,0.5666666666666667
62196,0.17666666666666667
62197,0.08499999999999999
62198,0.6433333333333334
62199,0.375
62200,0.8883333333333334
62201,0.23833333333333334
62202,0.27666666666666667
62203,0.15666666666666668
62204,0.30333333333333334
62205,0.19166666666666665
62206,0.7866666666666666
62207,0.725
62208,0.31333333333333335
62209,0.5016666666666667
62210,0.3633333333333334
62211,0.44666666666666666
62212,0.635
62213,0.7433333333333333
62214,0.22333333333333333
62215,0.3416666666666667
62216,0.5166666666666666
62217,0.5383333333333333
62218,0.22666666666666666
62219,0.23833333333333334
62220,0.38666666666666666
62221,0.6483333333333333
62222,0.325
62223,0.9283333333333332
62224,0.685
62225,0.675
62226,0.3216666666666667
62227,0.1
62228,0.13
62229,0.4033333333333333
62230,0.19666666666666666
62231,0.31333333333333335
62232,0.625
62233,0.3816666666666666
62234,0.039999999999999994
62235,0.07666666666666667
62236,0.18166666666666667
62237,0.11166666666666666
62238,0.185
62239,0.9100000000000001
62240,0.3566666666666667
62241,0.09166666666666667
62242,0.07500000000000001
62243,0.19833333333333336
62244,0.2816666666666667
62245,0.22333333333333333
62246,0.01
62247,0.3266666666666666
62248,0.32166666666666666
62249,0.7983333333333333
62250,0.25666666666666665
62251,0.0
62252,0.325
62253,0.7216666666666667
62254,0.29833333333333334
62255,0.3866666666666667
62256,0.29333333333333333
62257,0.27166666666666667
62258,0.7716666666666667
62259,0.3
62260,0.27166666666666667
62261,0.6
62262,0.9183333333333333
62263,0.025
62264,0.8616666666666666
62265,0.026666666666666665
62266,0.025
62267,0.29666666666666663
62268,0.5733333333333334
62269,0.16833333333333333
62270,0.16999999999999998
62271,0.26
62272,0.6950000000000001
62273,0.15666666666666668
62274,0.028333333333333335
62275,0.021666666666666667
62276,0.185
62277,0.8283333333333334
62278,0.043333333333333335
62279,0.38666666666666666
62280,0.435
62281,0.011666666666666667
62282,0.023333333333333334
62283,0.16833333333333333
62284,0.4033333333333333
62285,0.165
62286,0.4
62287,0.675
62288,0.5533333333333333
62289,0.73
62290,0.265
62291,0.9116666666666666
62292,0.305
62293,0.635
62294,0.30333333333333334
62295,0.12333333333333332
62296,0.2583333333333333
62297,0.12333333333333332
62298,0.10666666666666667
62299,0.08666666666666667
62300,0.5716666666666667
62301,0.17666666666666667
62302,0.19833333333333336
62303,0.37666666666666665
62304,0.6366666666666667
62305,0.21333333333333335
62306,0.175
62307,0.34833333333333333
62308,0.3833333333333334
62309,0.6599999999999999
62310,0.06333333333333332
62311,0.09333333333333334
62312,0.30000000000000004
62313,0.4033333333333333
62314,0.3
62315,0.515
62316,0.09333333333333334
62317,0.03
62318,0.44
62319,0.3183333333333333
62320,0.58
62321,0.4966666666666667
62322,0.016666666666666666
62323,0.18000000000000002
62324,0.008333333333333333
62325,0.75
62326,0.6683333333333333
62327,0.48833333333333334
62328,0.225
62329,0.26666666666666666
62330,0.04833333333333334
62331,0.085
62332,0.10666666666666667
62333,0.07166666666666666
62334,0.3616666666666667
62335,0.315
62336,0.95
62337,0.195
62338,0.3066666666666667
62339,0.675
62340,0.7316666666666667
62341,0.7016666666666667
62342,0.97
62343,0.30833333333333335
62344,0.03833333333333333
62345,0.08833333333333333
62346,0.025
62347,0.135
62348,0.18166666666666667
62349,0.2866666666666667
62350,0.8516666666666667
62351,0.61
62352,0.056666666666666664
62353,0.45666666666666667
62354,0.46499999999999997
62355,0.5333333333333333
62356,0.30833333333333335
62357,0.5383333333333333
62358,0.16833333333333333
62359,0.545
62360,0.325
62361,0.03666666666666667
62362,0.3516666666666667
62363,0.9766666666666666
62364,0.575
62365,0.06666666666666667
62366,0.7216666666666667
62367,0.7333333333333334
62368,0.17833333333333332
62369,0.3983333333333333
62370,0.9766666666666667
62371,0.31666666666666665
62372,0.125
62373,0.09333333333333332
62374,0.17833333333333332
62375,0.36333333333333334
62376,0.22166666666666665
62377,0.41000000000000003
62378,0.6583333333333333
62379,0.36666666666666664
62380,0.23666666666666666
62381,0.2816666666666667
62382,0.975
62383,0.34833333333333333
62384,0.17833333333333332
62385,0.008333333333333333
62386,0.3
62387,0.99
62388,0.83
62389,0.31833333333333336
62390,0.15666666666666668
62391,0.9716666666666667
62392,0.051666666666666666
62393,0.6166666666666667
62394,0.245
62395,0.275
62396,0.2533333333333333
62397,0.3933333333333333
62398,0.7366666666666667
62399,0.12833333333333333
62400,0.12833333333333335
62401,0.10666666666666669
62402,0.3333333333333333
62403,0.20666666666666667
62404,0.725
62405,0.6916666666666667
62406,0.485
62407,0.375
62408,0.013333333333333334
62409,0.03833333333333334
62410,0.06166666666666666
62411,0.030000000000000002
62412,0.2816666666666667
62413,0.3466666666666667
62414,0.1466666666666667
62415,0.17000000000000004
62416,0.5650000000000001
62417,0.5716666666666667
62418,0.22666666666666668
62419,0.17833333333333334
62420,0.2983333333333333
62421,0.5483333333333333
62422,0.2866666666666667
62423,0.16999999999999998
62424,0.41500000000000004
62425,0.5283333333333333
62426,0.02
62427,0.2583333333333333
62428,0.21
62429,0.575
62430,0.4066666666666667
62431,0.8316666666666666
62432,0.7516666666666667
62433,0.26166666666666666
62434,0.5533333333333333
62435,0.195
62436,0.62
62437,0.32666666666666666
62438,0.6116666666666667
62439,0.615
62440,0.26166666666666666
62441,0.05
62442,0.14833333333333334
62443,0.25
62444,0.3766666666666667
62445,0.49
62446,0.6816666666666666
62447,0.35666666666666663
62448,0.8783333333333334
62449,0.48333333333333334
62450,0.31666666666666665
62451,0.3966666666666666
62452,0.125
62453,0.3383333333333333
62454,0.30999999999999994
62455,0.9450000000000001
62456,0.048333333333333325
62457,0.3583333333333334
62458,0.12
62459,0.635
62460,0.75
62461,0.24
62462,0.12333333333333335
62463,0.22833333333333333
62464,0.27999999999999997
62465,0.9466666666666668
62466,0.8800000000000001
62467,0.59
62468,0.6816666666666666
62469,0.9316666666666666
62470,0.30833333333333335
62471,0.3283333333333333
62472,0.006666666666666667
62473,0.21333333333333335
62474,0.245
62475,0.5716666666666667
62476,0.5283333333333333
62477,0.805
62478,0.2516666666666667
62479,0.8533333333333333
62480,0.01
62481,0.04166666666666667
62482,0.27
62483,0.6733333333333333
62484,0.155
62485,0.6916666666666667
62486,0.16999999999999998
62487,0.16833333333333333
62488,0.6433333333333334
62489,0.2683333333333333
62490,0.4066666666666666
62491,0.7916666666666667
62492,0.235
62493,0.19666666666666666
62494,0.16166666666666668
62495,0.28833333333333333
62496,0.14666666666666667
62497,0.15500000000000003
62498,0.5766666666666667
62499,0.2833333333333333
62500,0.21
62501,0.13833333333333334
62502,0.9883333333333333
62503,0.32166666666666666
62504,0.8966666666666667
62505,0.5416666666666667
62506,0.18666666666666665
62507,0.6916666666666667
62508,0.07333333333333333
62509,0.3466666666666667
62510,0.7066666666666667
62511,0.1716666666666667
62512,0.5666666666666667
62513,0.04666666666666667
62514,0.23666666666666666
62515,0.29333333333333333
62516,0.6333333333333333
62517,0.3616666666666667
62518,0.23333333333333334
62519,0.9216666666666666
62520,0.3783333333333333
62521,0.15666666666666668
62522,0.06
62523,0.2366666666666667
62524,0.6183333333333333
62525,0.07166666666666667
62526,0.935
62527,0.008333333333333333
62528,0.8183333333333332
62529,0.19333333333333333
62530,0.5683333333333334
62531,0.6066666666666667
62532,0.5716666666666667
62533,0.7716666666666667
62534,0.09999999999999999
62535,0.9866666666666668
62536,0.7316666666666666
62537,0.3283333333333333
62538,0.995
62539,0.38166666666666665
62540,0.15666666666666668
62541,0.08
62542,0.43833333333333335
62543,0.018333333333333333
62544,0.19166666666666668
62545,0.16166666666666668
62546,0.3183333333333333
62547,0.24333333333333335
62548,0.17
62549,0.3433333333333334
62550,0.6683333333333333
62551,0.255
62552,0.9850000000000001
62553,0.4733333333333333
62554,0.4916666666666667
62555,0.7066666666666667
62556,0.28833333333333333
62557,0.7966666666666667
62558,0.4433333333333333
62559,0.625
62560,0.7116666666666667
62561,0.7816666666666666
62562,0.5933333333333333
62563,0.16
62564,0.14166666666666666
62565,0.7733333333333333
62566,0.5566666666666666
62567,0.14666666666666667
62568,0.20833333333333334
62569,0.23666666666666664
62570,0.5366666666666667
62571,0.6716666666666666
62572,0.08
62573,0.5966666666666667
62574,0.5616666666666668
62575,0.5449999999999999
62576,0.09666666666666666
62577,0.2816666666666667
62578,0.75
62579,0.25333333333333335
62580,0.25166666666666665
62581,0.6633333333333333
62582,0.405
62583,0.32999999999999996
62584,0.17333333333333334
62585,0.015000000000000001
62586,0.3466666666666667
62587,0.5566666666666666
62588,0.12333333333333332
62589,0.39166666666666666
62590,0.10999999999999999
62591,0.745
62592,0.24666666666666665
62593,0.29500000000000004
62594,0.9583333333333333
62595,0.051666666666666666
62596,0.22333333333333333
62597,0.08
62598,0.3483333333333333
62599,0.37
62600,0.29333333333333333
62601,0.02
62602,0.5733333333333334
62603,0.8216666666666668
62604,0.5066666666666667
62605,0.2683333333333333
62606,0.9516666666666667
62607,0.31
62608,0.6633333333333333
62609,0.9866666666666667
62610,0.33166666666666667
62611,0.2
62612,0.09333333333333334
62613,0.03333333333333333
62614,0.78
62615,0.016666666666666666
62616,0.6516666666666666
62617,0.8783333333333333
62618,0.13166666666666668
62619,0.705
62620,0.7083333333333334
62621,0.3616666666666667
62622,0.0016666666666666668
62623,0.16666666666666666
62624,0.013333333333333334
62625,0.21166666666666667
62626,0.15333333333333332
62627,0.2816666666666667
62628,0.17500000000000002
62629,0.07833333333333334
62630,0.755
62631,0.47500000000000003
62632,0.6699999999999999
62633,0.30666666666666664
62634,0.32333333333333336
62635,0.15833333333333333
62636,0.7016666666666667
62637,0.9233333333333333
62638,0.21166666666666667
62639,0.7583333333333334
62640,0.03666666666666667
62641,0.18
62642,0.725
62643,0.11499999999999999
62644,0.315
62645,0.43833333333333335
62646,0.565
62647,0.535
62648,0.025
62649,0.05166666666666666
62650,0.03333333333333333
62651,0.355
62652,0.22000000000000003
62653,0.15166666666666667
62654,0.625
62655,0.6233333333333334
62656,0.36666666666666664
62657,0.35000000000000003
62658,0.17333333333333334
62659,0.37166666666666665
62660,0.3333333333333333
62661,0.26333333333333336
62662,0.01
62663,0.8633333333333333
62664,0.16
62665,0.075
62666,0.9083333333333334
62667,0.43499999999999994
62668,0.7566666666666667
62669,0.02333333333333333
62670,0.54
62671,0.051666666666666666
62672,0.09666666666666668
62673,0.49166666666666664
62674,0.33
62675,0.5583333333333332
62676,0.47
62677,0.6616666666666666
62678,0.11
62679,0.04666666666666666
62680,0.4716666666666667
62681,0.34500000000000003
62682,0.33999999999999997
62683,0.3416666666666667
62684,0.3833333333333333
62685,0.7850000000000001
62686,0.6916666666666667
62687,0.96
62688,0.028333333333333335
62689,0.11333333333333334
62690,0.24833333333333335
62691,0.9550000000000001
62692,0.5800000000000001
62693,0.12666666666666668
62694,0.5016666666666667
62695,0.23833333333333334
62696,0.8216666666666667
62697,0.265
62698,0.6599999999999999
62699,0.15666666666666668
62700,0.6516666666666666
62701,0.39999999999999997
62702,0.4916666666666667
62703,0.925
62704,0.395
62705,0.24166666666666664
62706,0.8666666666666667
62707,0.8966666666666667
62708,0.74
62709,0.08333333333333334
62710,0.5483333333333333
62711,0.41500000000000004
62712,0.36833333333333335
62713,0.9200000000000002
62714,0.20166666666666666
62715,0.7766666666666666
62716,0.5116666666666667
62717,0.3433333333333333
62718,0.7783333333333333
62719,0.275
62720,0.2916666666666667
62721,0.16333333333333333
62722,0.3566666666666667
62723,0.3416666666666667
62724,0.33333333333333337
62725,0.17833333333333334
62726,0.18833333333333332
62727,0.16
62728,0.17500000000000002
62729,0.095
62730,0.905
62731,0.6699999999999999
62732,0.185
62733,0.10666666666666666
62734,0.615
62735,0.22166666666666668
62736,0.22333333333333333
62737,0.3333333333333333
62738,0.5066666666666666
62739,0.26166666666666666
62740,0.3283333333333333
62741,0.33333333333333337
62742,0.09
62743,0.32
62744,0.028333333333333335
62745,0.26
62746,0.27666666666666667
62747,0.4716666666666667
62748,0.6166666666666667
62749,0.11000000000000001
62750,0.36333333333333334
62751,0.765
62752,0.03333333333333333
62753,0.12833333333333335
62754,0.915
62755,0.058333333333333334
62756,0.7949999999999999
62757,0.14833333333333334
62758,0.15333333333333332
62759,0.035
62760,0.9283333333333332
62761,0.7133333333333333
62762,0.23333333333333334
62763,0.12833333333333335
62764,0.555
62765,0.5333333333333333
62766,0.5816666666666667
62767,0.39
62768,0.5566666666666666
62769,0.675
62770,0.675
62771,0.6983333333333334
62772,0.21833333333333332
62773,0.5933333333333333
62774,0.03333333333333333
62775,0.6566666666666666
62776,0.6616666666666666
62777,0.2916666666666667
62778,0.6583333333333333
62779,0.09666666666666666
62780,0.32333333333333336
62781,0.195
62782,0.22666666666666668
62783,0.06166666666666666
62784,0.3783333333333333
62785,0.6166666666666667
62786,0.56
62787,0.11333333333333334
62788,0.63
62789,0.16
62790,0.08333333333333333
62791,0.16666666666666669
62792,0.3833333333333333
62793,0.6116666666666667
62794,0.02
62795,0.6950000000000001
62796,0.2733333333333333
62797,0.645
62798,0.42666666666666664
62799,0.8916666666666666
62800,0.9449999999999998
62801,0.725
62802,0.8400000000000001
62803,0.44499999999999995
62804,0.13833333333333334
62805,0.6783333333333333
62806,0.82
62807,0.04666666666666667
62808,0.42833333333333334
62809,0.3883333333333333
62810,0.011666666666666667
62811,0.20166666666666666
62812,0.12666666666666668
62813,0.4833333333333334
62814,0.7050000000000001
62815,0.8916666666666666
62816,0.52
62817,0.09833333333333333
62818,0.21166666666666667
62819,0.17666666666666664
62820,0.5316666666666666
62821,0.9366666666666666
62822,0.03833333333333334
62823,0.8166666666666667
62824,0.9866666666666666
62825,0.8933333333333333
62826,0.16833333333333333
62827,0.6133333333333334
62828,0.18999999999999997
62829,0.5216666666666666
62830,0.4033333333333333
62831,0.11500000000000002
62832,0.015
62833,0.33666666666666667
62834,0.11666666666666667
62835,0.5316666666666667
62836,0.018333333333333333
62837,0.08166666666666667
62838,0.7866666666666666
62839,0.42333333333333334
62840,0.09
62841,0.21333333333333332
62842,0.7733333333333333
62843,0.3333333333333333
62844,0.8816666666666666
62845,0.35500000000000004
62846,0.23833333333333334
62847,0.12666666666666668
62848,0.26333333333333336
62849,0.5583333333333333
62850,0.21833333333333332
62851,0.25
62852,0.8783333333333333
62853,0.11499999999999999
62854,0.7966666666666667
62855,0.22333333333333333
62856,0.16333333333333333
62857,0.5616666666666666
62858,0.18
62859,0.9149999999999999
62860,0.07833333333333334
62861,0.76
62862,0.18666666666666668
62863,0.135
62864,0.30000000000000004
62865,0.535
62866,0.30666666666666664
62867,0.345
62868,0.31
62869,0.8466666666666667
62870,0.2916666666666667
62871,0.355
62872,0.42500000000000004
62873,0.013333333333333334
62874,0.2833333333333333
62875,0.305
62876,0.275
62877,0.33999999999999997
62878,0.4933333333333333
62879,0.665
62880,0.6233333333333334
62881,0.175
62882,0.03166666666666666
62883,0.7149999999999999
62884,0.235
62885,0.46499999999999997
62886,0.5983333333333334
62887,0.69
62888,0.18333333333333335
62889,0.125
62890,0.12166666666666667
62891,0.9466666666666665
62892,0.17500000000000002
62893,0.17333333333333334
62894,0.485
62895,0.7483333333333334
62896,0.11166666666666666
62897,0.185
62898,0.14500000000000002
62899,0.155
62900,0.77
62901,0.53
62902,0.905
62903,0.46499999999999997
62904,0.3833333333333333
62905,0.29000000000000004
62906,0.4966666666666667
62907,0.043333333333333335
62908,0.15833333333333333
62909,0.7583333333333334
62910,0.385
62911,0.08499999999999999
62912,0.3983333333333333
62913,0.11666666666666667
62914,0.15
62915,0.41833333333333333
62916,0.5666666666666667
62917,0.021666666666666667
62918,0.06333333333333332
62919,0.32
62920,0.155
62921,0.915
62922,0.17333333333333334
62923,0.43666666666666665
62924,0.29
62925,0.7733333333333333
62926,0.665
62927,0.3316666666666666
62928,0.39166666666666666
62929,0.16166666666666665
62930,0.9666666666666666
62931,0.5449999999999999
62932,0.18833333333333332
62933,0.55
62934,0.30333333333333334
62935,0.21333333333333335
62936,0.965
62937,0.5266666666666666
62938,0.2533333333333333
62939,0.13
62940,0.11166666666666666
62941,0.04
62942,0.34
62943,0.4016666666666666
62944,0.5700000000000001
62945,0.7466666666666666
62946,0.02
62947,0.185
62948,0.29666666666666663
62949,0.21833333333333332
62950,0.9233333333333333
62951,0.78
62952,0.07
62953,0.2633333333333333
62954,0.15
62955,0.15
62956,0.19333333333333333
62957,0.13333333333333333
62958,0.22166666666666665
62959,0.2
62960,0.21666666666666667
62961,0.3916666666666666
62962,0.055
62963,0.6316666666666667
62964,0.6749999999999999
62965,0.12000000000000001
62966,0.7083333333333333
62967,0.9166666666666667
62968,0.6950000000000001
62969,0.5716666666666668
62970,0.35333333333333333
62971,0.10833333333333334
62972,0.6716666666666666
62973,0.675
62974,0.5833333333333334
62975,0.2033333333333333
62976,0.24666666666666665
62977,0.27499999999999997
62978,0.42166666666666663
62979,0.8966666666666667
62980,0.6583333333333333
62981,0.89
62982,0.7383333333333333
62983,0.6883333333333334
62984,0.3483333333333334
62985,0.5233333333333333
62986,0.9266666666666667
62987,0.19
62988,0.435
62989,0.5266666666666666
62990,0.12833333333333333
62991,0.35333333333333333
62992,0.355
62993,0.20833333333333334
62994,0.3716666666666667
62995,0.33333333333333337
62996,0.06833333333333333
62997,0.435
62998,0.42833333333333334
62999,0.045
63000,0.735
63001,0.13166666666666668
63002,0.25666666666666665
63003,0.3016666666666667
63004,0.7516666666666666
63005,0.3083333333333333
63006,0.6900000000000001
63007,0.32833333333333337
63008,0.26666666666666666
63009,0.08333333333333334
63010,0.6950000000000001
63011,0.3516666666666667
63012,0.36
63013,0.22666666666666666
63014,0.38166666666666665
63015,0.23833333333333334
63016,0.25833333333333336
63017,0.8216666666666668
63018,0.24333333333333335
63019,0.315
63020,0.9283333333333335
63021,0.17333333333333334
63022,0.14666666666666667
63023,0.6233333333333333
63024,0.04166666666666667
63025,0.095
63026,0.8216666666666667
63027,0.8900000000000001
63028,0.013333333333333334
63029,0.9099999999999999
63030,0.17666666666666667
63031,0.5449999999999999
63032,0.7116666666666667
63033,0.7166666666666667
63034,0.72
63035,0.03666666666666667
63036,0.12000000000000001
63037,0.5133333333333333
63038,0.17833333333333334
63039,0.38166666666666665
63040,0.58
63041,0.9383333333333335
63042,0.013333333333333334
63043,0.03666666666666667
63044,0.03833333333333334
63045,0.24666666666666667
63046,0.6316666666666666
63047,0.26
63048,0.395
63049,0.20499999999999996
63050,0.805
63051,0.335
63052,0.615
63053,0.2783333333333333
63054,0.2833333333333333
63055,0.19666666666666666
63056,0.4033333333333333
63057,0.33166666666666667
63058,0.32
63059,0.9533333333333334
63060,0.3016666666666667
63061,0.5583333333333333
63062,0.36
63063,0.03833333333333334
63064,0.5633333333333334
63065,0.15
63066,0.15
63067,0.5183333333333333
63068,0.78
63069,0.15333333333333332
63070,0.11333333333333333
63071,0.59
63072,0.355
63073,0.7016666666666667
63074,0.6883333333333334
63075,0.6849999999999999
63076,0.03166666666666667
63077,0.22
63078,0.31666666666666665
63079,0.39999999999999997
63080,0.27166666666666667
63081,0.4883333333333333
63082,0.21000000000000002
63083,0.013333333333333332
63084,0.6616666666666666
63085,0.09833333333333333
63086,0.8533333333333333
63087,0.6966666666666667
63088,0.5800000000000001
63089,0.505
63090,0.23333333333333334
63091,0.11833333333333335
63092,0.2733333333333333
63093,0.325
63094,0.31333333333333335
63095,0.08666666666666667
63096,0.32833333333333337
63097,0.59
63098,0.051666666666666666
63099,0.9000000000000001
63100,0.13333333333333333
63101,0.27666666666666667
63102,0.155
63103,0.2683333333333333
63104,0.19499999999999998
63105,0.7
63106,0.3516666666666666
63107,0.5916666666666668
63108,0.6716666666666666
63109,0.20666666666666667
63110,0.3833333333333333
63111,0.725
63112,0.41000000000000003
63113,0.38666666666666666
63114,0.3833333333333333
63115,0.25666666666666665
63116,0.35333333333333333
63117,0.15333333333333335
63118,0.5066666666666667
63119,0.2366666666666667
63120,0.22166666666666668
63121,0.27999999999999997
63122,0.6616666666666666
63123,0.09833333333333334
63124,0.013333333333333332
63125,0.20500000000000002
63126,0.305
63127,0.018333333333333333
63128,0.005
63129,0.07
63130,0.535
63131,0.19833333333333333
63132,0.43833333333333335
63133,0.8433333333333335
63134,0.895
63135,0.5366666666666667
63136,0.925
63137,0.565
63138,0.35333333333333333
63139,0.33
63140,0.9366666666666665
63141,0.5983333333333333
63142,0.22333333333333333
63143,0.4883333333333333
63144,0.10833333333333334
63145,0.035
63146,0.15
63147,0.5183333333333334
63148,0.2416666666666667
63149,0.345
63150,0.8516666666666666
63151,0.12833333333333333
63152,0.9166666666666666
63153,0.9950000000000001
63154,0.2816666666666667
63155,0.7083333333333334
63156,0.195
63157,0.29333333333333333
63158,0.58
63159,0.6483333333333333
63160,0.4166666666666667
63161,0.41333333333333333
63162,0.4666666666666667
63163,0.26166666666666666
63164,0.5283333333333333
63165,0.4816666666666667
63166,0.3416666666666667
63167,0.01
63168,0.2916666666666667
63169,0.18333333333333332
63170,0.09666666666666666
63171,0.3516666666666667
63172,0.11333333333333333
63173,0.2783333333333333
63174,0.38833333333333336
63175,0.27166666666666667
63176,0.37166666666666665
63177,0.5066666666666666
63178,0.03333333333333333
63179,0.22833333333333333
63180,0.22333333333333333
63181,0.028333333333333335
63182,0.14833333333333334
63183,0.24833333333333335
63184,0.5233333333333333
63185,0.2683333333333333
63186,0.44833333333333336
63187,0.43333333333333335
63188,0.3783333333333333
63189,0.12333333333333335
63190,0.5833333333333334
63191,0.6883333333333334
63192,0.10166666666666668
63193,0.21000000000000002
63194,0.12333333333333334
63195,0.19499999999999998
63196,0.9466666666666665
63197,0.055
63198,0.10833333333333334
63199,0.13833333333333334
63200,0.021666666666666667
63201,0.7333333333333334
63202,0.3733333333333333
63203,0.6666666666666667
63204,0.475
63205,0.016666666666666666
63206,0.43333333333333335
63207,0.7216666666666667
63208,0.23666666666666666
63209,0.03
63210,0.9583333333333333
63211,0.285
63212,0.8083333333333333
63213,0.25
63214,0.6733333333333333
63215,0.7066666666666667
63216,0.14833333333333332
63217,0.023333333333333334
63218,0.07666666666666666
63219,0.9016666666666666
63220,0.43666666666666665
63221,0.8133333333333334
63222,0.21999999999999997
63223,0.5833333333333334
63224,0.15833333333333333
63225,0.16166666666666668
63226,0.11666666666666667
63227,0.255
63228,0.15833333333333333
63229,0.035
63230,0.7883333333333333
63231,0.6900000000000001
63232,0.8899999999999999
63233,0.05333333333333333
63234,0.2583333333333333
63235,0.7066666666666667
63236,0.36166666666666664
63237,0.4666666666666667
63238,0.225
63239,0.39666666666666667
63240,0.8716666666666666
63241,0.20833333333333334
63242,0.35333333333333333
63243,0.18333333333333332
63244,0.15666666666666668
63245,0.21166666666666667
63246,0.5766666666666667
63247,0.66
63248,0.915
63249,0.32333333333333336
63250,0.26166666666666666
63251,0.5266666666666666
63252,0.6983333333333334
63253,0.36333333333333334
63254,0.44833333333333336
63255,0.19333333333333333
63256,0.7233333333333333
63257,0.17833333333333334
63258,0.375
63259,0.2833333333333334
63260,0.30833333333333335
63261,0.4083333333333333
63262,0.27166666666666667
63263,0.24666666666666665
63264,0.04
63265,0.06666666666666667
63266,0.14166666666666666
63267,0.9366666666666665
63268,0.5366666666666666
63269,0.165
63270,0.5
63271,0.21999999999999997
63272,0.52
63273,0.6783333333333332
63274,0.023333333333333334
63275,0.1
63276,0.016666666666666666
63277,0.4666666666666667
63278,0.10500000000000001
63279,0.3883333333333333
63280,0.7083333333333333
63281,0.17833333333333334
63282,0.16333333333333333
63283,0.10333333333333333
63284,0.29166666666666663
63285,0.9216666666666666
63286,0.3766666666666667
63287,0.35833333333333334
63288,0.9716666666666667
63289,0.64
63290,0.6150000000000001
63291,0.3783333333333333
63292,0.11166666666666666
63293,0.14
63294,0.7583333333333334
63295,0.3783333333333333
63296,0.18
63297,0.3766666666666667
63298,0.016666666666666666
63299,0.3683333333333333
63300,0.31666666666666665
63301,0.01
63302,0.13833333333333334
63303,0.28
63304,0.20833333333333334
63305,0.8583333333333334
63306,0.11833333333333332
63307,0.21
63308,0.04
63309,0.3333333333333333
63310,0.44833333333333336
63311,0.021666666666666667
63312,0.6316666666666667
63313,0.14666666666666667
63314,0.9266666666666667
63315,0.03666666666666667
63316,0.22
63317,0.21833333333333332
63318,0.03
63319,0.45333333333333337
63320,0.7350000000000001
63321,0.9866666666666666
63322,0.2066666666666667
63323,0.6133333333333334
63324,0.09333333333333334
63325,0.24166666666666667
63326,0.645
63327,0.25833333333333336
63328,0.215
63329,0.18666666666666665
63330,0.02
63331,0.6616666666666666
63332,0.295
63333,0.13
63334,0.74
63335,0.40666666666666673
63336,0.3333333333333333
63337,0.915
63338,0.6433333333333333
63339,0.6116666666666667
63340,0.24
63341,0.021666666666666667
63342,0.3783333333333333
63343,0.005
63344,0.22166666666666668
63345,0.7466666666666667
63346,0.11000000000000001
63347,0.3683333333333333
63348,0.7683333333333333
63349,0.19166666666666668
63350,0.9533333333333331
63351,0.16999999999999998
63352,0.3516666666666667
63353,0.28833333333333333
63354,0.13166666666666668
63355,0.2683333333333333
63356,0.20166666666666666
63357,0.04166666666666667
63358,0.635
63359,0.04
63360,0.11666666666666667
63361,0.5666666666666667
63362,0.29333333333333333
63363,0.7350000000000001
63364,0.3766666666666667
63365,0.235
63366,0.7749999999999999
63367,0.3616666666666667
63368,0.49
63369,0.655
63370,0.7116666666666667
63371,0.45333333333333337
63372,0.8533333333333333
63373,0.8616666666666667
63374,0.3733333333333333
63375,0.045
63376,0.7233333333333333
63377,0.015000000000000001
63378,0.7066666666666667
63379,0.62
63380,0.745
63381,0.2683333333333333
63382,0.38
63383,0.3466666666666667
63384,0.3783333333333333
63385,0.13833333333333334
63386,0.085
63387,0.026666666666666665
63388,0.15166666666666667
63389,0.14
63390,0.7066666666666667
63391,0.03833333333333333
63392,0.925
63393,0.19666666666666666
63394,0.22833333333333333
63395,0.9183333333333334
63396,0.2316666666666667
63397,0.7466666666666667
63398,0.28833333333333333
63399,0.22833333333333333
63400,0.9333333333333333
63401,0.6649999999999999
63402,0.6483333333333334
63403,0.8516666666666667
63404,0.4816666666666667
63405,0.46
63406,0.325
63407,0.13666666666666666
63408,0.09333333333333334
63409,0.043333333333333335
63410,0.19166666666666668
63411,0.3383333333333334
63412,0.3566666666666667
63413,0.3283333333333333
63414,0.7066666666666667
63415,0.7233333333333334
63416,0.12
63417,0.6033333333333333
63418,0.35833333333333334
63419,0.03833333333333333
63420,0.3483333333333334
63421,0.665
63422,0.5650000000000001
63423,0.008333333333333333
63424,0.195
63425,0.5149999999999999
63426,0.5266666666666666
63427,0.3566666666666667
63428,0.16666666666666666
63429,0.12666666666666665
63430,0.22
63431,0.135
63432,0.12833333333333335
63433,0.46166666666666667
63434,0.2116666666666667
63435,0.2583333333333333
63436,0.16166666666666668
63437,0.735
63438,0.2816666666666667
63439,0.6716666666666666
63440,0.22333333333333333
63441,0.5733333333333334
63442,0.27166666666666667
63443,0.5833333333333333
63444,0.5116666666666667
63445,0.245
63446,0.9299999999999999
63447,0.5766666666666667
63448,0.5149999999999999
63449,0.36833333333333335
63450,0.135
63451,0.09333333333333334
63452,0.7150000000000001
63453,0.6583333333333333
63454,0.21166666666666667
63455,0.23333333333333334
63456,0.27166666666666667
63457,0.595
63458,0.325
63459,0.12000000000000001
63460,0.29666666666666663
63461,0.335
63462,0.42000000000000004
63463,0.021666666666666667
63464,0.11666666666666667
63465,0.24666666666666665
63466,0.22500000000000003
63467,0.555
63468,0.135
63469,0.4816666666666667
63470,0.16833333333333333
63471,0.485
63472,0.12166666666666667
63473,0.6583333333333333
63474,0.35333333333333333
63475,0.5933333333333333
63476,0.10166666666666666
63477,0.40499999999999997
63478,0.21666666666666667
63479,0.26
63480,0.23166666666666666
63481,0.24166666666666664
63482,0.10833333333333334
63483,0.026666666666666665
63484,0.43666666666666665
63485,0.19
63486,0.145
63487,0.305
63488,0.9416666666666667
63489,0.5216666666666667
63490,0.7883333333333333
63491,0.315
63492,0.31666666666666665
63493,0.29
63494,0.8166666666666667
63495,0.20166666666666666
63496,0.17833333333333334
63497,0.55
63498,0.02666666666666667
63499,0.795
63500,0.2866666666666666
63501,0.5099999999999999
63502,0.8550000000000001
63503,0.8533333333333335
63504,0.27666666666666667
63505,0.9366666666666668
63506,0.15333333333333332
63507,0.2583333333333333
63508,0.043333333333333335
63509,0.18
63510,0.22166666666666668
63511,0.3766666666666667
63512,0.9416666666666667
63513,0.26
63514,0.6666666666666666
63515,0.7883333333333333
63516,0.73
63517,0.3133333333333333
63518,0.2483333333333333
63519,0.035
63520,0.71
63521,0.25166666666666665
63522,0.6666666666666667
63523,0.15666666666666668
63524,0.5983333333333334
63525,0.79
63526,0.5566666666666666
63527,0.17666666666666667
63528,0.355
63529,0.5616666666666666
63530,0.5816666666666667
63531,0.5833333333333334
63532,0.06666666666666667
63533,0.6516666666666666
63534,0.2633333333333333
63535,0.3266666666666667
63536,0.38333333333333336
63537,0.34500000000000003
63538,0.4733333333333333
63539,0.6333333333333334
63540,0.625
63541,0.745
63542,0.6283333333333334
63543,0.6783333333333333
63544,0.18666666666666668
63545,0.63
63546,0.11833333333333335
63547,0.10500000000000001
63548,0.021666666666666667
63549,0.14166666666666666
63550,0.6216666666666666
63551,0.05
63552,0.24833333333333335
63553,0.6933333333333334
63554,0.275
63555,0.7166666666666667
63556,0.7783333333333333
63557,0.4083333333333333
63558,0.20833333333333331
63559,0.12333333333333332
63560,0.5566666666666666
63561,0.9383333333333334
63562,0.16833333333333333
63563,0.475
63564,0.14500000000000002
63565,0.5483333333333332
63566,0.7616666666666667
63567,0.92
63568,0.6966666666666667
63569,0.31833333333333336
63570,0.08333333333333334
63571,0.07999999999999999
63572,0.19
63573,0.2916666666666667
63574,0.21166666666666667
63575,0.8116666666666666
63576,0.03333333333333333
63577,0.185
63578,0.22833333333333333
63579,0.22666666666666668
63580,0.7616666666666667
63581,0.14333333333333334
63582,0.265
63583,0.32
63584,0.4866666666666667
63585,0.5083333333333333
63586,0.495
63587,0.165
63588,0.30333333333333334
63589,0.7749999999999999
63590,0.20666666666666667
63591,0.635
63592,0.66
63593,0.18166666666666667
63594,0.3883333333333333
63595,0.12333333333333335
63596,0.03333333333333333
63597,0.32666666666666666
63598,0.365
63599,0.08166666666666667
63600,0.8483333333333334
63601,0.9550000000000001
63602,0.9016666666666666
63603,0.24333333333333332
63604,0.5716666666666667
63605,0.058333333333333334
63606,0.165
63607,0.62
63608,0.9066666666666667
63609,0.7683333333333334
63610,0.44333333333333336
63611,0.3733333333333333
63612,0.01
63613,0.39999999999999997
63614,0.14833333333333334
63615,0.6483333333333333
63616,0.13666666666666666
63617,0.6066666666666666
63618,0.03833333333333333
63619,0.19666666666666666
63620,0.36833333333333335
63621,0.10666666666666667
63622,0.3433333333333333
63623,0.6933333333333332
63624,0.645
63625,0.605
63626,0.31000000000000005
63627,0.49333333333333335
63628,0.98
63629,0.06833333333333333
63630,0.32166666666666666
63631,0.14833333333333334
63632,0.14666666666666667
63633,0.2583333333333333
63634,0.5966666666666667
63635,0.3766666666666667
63636,0.22666666666666668
63637,0.4433333333333333
63638,0.3933333333333333
63639,0.6633333333333333
63640,0.06666666666666667
63641,0.5166666666666667
63642,0.5833333333333334
63643,0.17666666666666667
63644,0.26333333333333336
63645,0.315
63646,0.23166666666666666
63647,0.7033333333333334
63648,0.675
63649,0.14833333333333332
63650,0.8599999999999999
63651,0.05
63652,0.3833333333333333
63653,0.051666666666666666
63654,0.385
63655,0.7416666666666667
63656,0.16166666666666665
63657,0.3016666666666667
63658,0.3566666666666667
63659,0.6766666666666666
63660,0.4733333333333333
63661,0.59
63662,0.6050000000000001
63663,0.37833333333333335
63664,0.22333333333333333
63665,0.36333333333333334
63666,0.395
63667,0.615
63668,0.37333333333333335
63669,0.32166666666666666
63670,0.5466666666666666
63671,0.05
63672,0.09833333333333333
63673,0.015
63674,0.13
63675,0.1716666666666667
63676,0.26999999999999996
63677,0.45333333333333337
63678,0.3866666666666666
63679,0.5416666666666666
63680,0.7016666666666667
63681,0.06166666666666667
63682,0.17666666666666667
63683,0.7316666666666667
63684,0.2316666666666667
63685,0.4683333333333334
63686,0.25499999999999995
63687,0.42666666666666664
63688,0.315
63689,0.09666666666666668
63690,0.20833333333333334
63691,0.7933333333333333
63692,0.27166666666666667
63693,0.5416666666666666
63694,0.27999999999999997
63695,0.095
63696,0.38
63697,0.5533333333333333
63698,0.22833333333333333
63699,0.31333333333333335
63700,0.16833333333333333
63701,0.21833333333333335
63702,0.15
63703,0.20833333333333331
63704,0.5766666666666667
63705,0.33499999999999996
63706,0.6616666666666666
63707,0.165
63708,0.28500000000000003
63709,0.26666666666666666
63710,0.03666666666666667
63711,0.77
63712,0.46499999999999997
63713,0.3533333333333333
63714,0.495
63715,0.04666666666666667
63716,0.29166666666666663
63717,0.2783333333333333
63718,0.39999999999999997
63719,0.5433333333333333
63720,0.26999999999999996
63721,0.25333333333333335
63722,0.5783333333333334
63723,0.30166666666666664
63724,0.2833333333333333
63725,0.8999999999999999
63726,0.2033333333333333
63727,0.9516666666666667
63728,0.3633333333333333
63729,0.20500000000000002
63730,0.4733333333333334
63731,0.21166666666666667
63732,0.3183333333333333
63733,0.29333333333333333
63734,0.6216666666666666
63735,0.6566666666666667
63736,0.03166666666666666
63737,0.5516666666666666
63738,0.57
63739,0.5783333333333334
63740,0.18666666666666665
63741,0.7716666666666667
63742,0.17833333333333334
63743,0.05
63744,0.6433333333333333
63745,0.9566666666666667
63746,0.295
63747,0.045
63748,0.6533333333333333
63749,0.18333333333333332
63750,0.485
63751,0.8616666666666666
63752,0.2316666666666667
63753,0.075
63754,0.6483333333333333
63755,0.05333333333333334
63756,0.11833333333333335
63757,0.195
63758,0.20166666666666666
63759,0.21333333333333335
63760,0.6733333333333333
63761,0.8883333333333332
63762,0.9066666666666667
63763,0.045
63764,0.16833333333333333
63765,0.013333333333333334
63766,0.9733333333333334
63767,0.02333333333333333
63768,0.011666666666666667
63769,0.4216666666666667
63770,0.7866666666666666
63771,0.39166666666666666
63772,0.5983333333333333
63773,0.18333333333333335
63774,0.7666666666666666
63775,0.25
63776,0.185
63777,0.18833333333333332
63778,0.8083333333333333
63779,0.6533333333333333
63780,0.715
63781,0.04833333333333334
63782,0.28
63783,0.08
63784,0.505
63785,0.11333333333333334
63786,0.011666666666666667
63787,0.27166666666666667
63788,0.285
63789,0.8066666666666666
63790,0.2683333333333333
63791,0.25833333333333336
63792,0.15333333333333332
63793,0.1716666666666667
63794,0.32833333333333337
63795,0.12333333333333332
63796,0.035
63797,0.3766666666666667
63798,0.4866666666666667
63799,0.2316666666666667
63800,0.06
63801,0.155
63802,0.21333333333333332
63803,0.7283333333333334
63804,0.6666666666666666
63805,0.9383333333333332
63806,0.6483333333333333
63807,0.06
63808,0.075
63809,0.3583333333333334
63810,0.5566666666666666
63811,0.9233333333333333
63812,0.165
63813,0.025
63814,0.5683333333333334
63815,0.155
63816,0.99
63817,0.16666666666666669
63818,0.75
63819,0.225
63820,0.6866666666666666
63821,0.13999999999999999
63822,0.7666666666666667
63823,0.3566666666666667
63824,0.17
63825,0.7866666666666667
63826,0.315
63827,0.18666666666666668
63828,0.355
63829,0.24833333333333335
63830,0.8466666666666667
63831,0.6633333333333333
63832,0.92
63833,0.5316666666666666
63834,0.7566666666666667
63835,0.195
63836,0.8
63837,0.6133333333333333
63838,0.155
63839,0.16499999999999998
63840,0.7383333333333333
63841,0.085
63842,0.815
63843,0.5916666666666667
63844,0.03333333333333333
63845,0.5983333333333334
63846,0.15833333333333333
63847,0.24833333333333335
63848,0.6866666666666668
63849,0.35666666666666663
63850,0.205
63851,0.9516666666666667
63852,0.27499999999999997
63853,0.3716666666666667
63854,0.35333333333333333
63855,0.63
63856,0.5733333333333334
63857,0.19166666666666668
63858,0.28
63859,0.725
63860,0.05333333333333333
63861,0.01
63862,0.21666666666666667
63863,0.675
63864,0.72
63865,0.35833333333333334
63866,0.3433333333333333
63867,0.875
63868,0.4966666666666666
63869,0.6133333333333333
63870,0.8916666666666667
63871,0.021666666666666667
63872,0.9566666666666667
63873,0.2916666666666667
63874,0.5566666666666666
63875,0.8533333333333333
63876,0.7616666666666666
63877,0.028333333333333335
63878,0.24333333333333335
63879,0.18833333333333335
63880,0.45166666666666666
63881,0.6466666666666666
63882,0.15666666666666665
63883,0.30166666666666664
63884,0.015000000000000001
63885,0.13833333333333334
63886,0.09833333333333333
63887,0.9583333333333333
63888,0.9083333333333333
63889,0.39
63890,0.655
63891,0.021666666666666667
63892,0.44833333333333336
63893,0.30333333333333334
63894,0.8166666666666667
63895,0.09666666666666666
63896,0.22166666666666668
63897,0.46166666666666667
63898,0.19666666666666666
63899,0.5783333333333334
63900,0.6216666666666667
63901,0.1716666666666667
63902,0.07
63903,0.72
63904,0.26
63905,0.245
63906,0.27999999999999997
63907,0.030000000000000002
63908,0.013333333333333334
63909,0.19333333333333333
63910,0.7233333333333333
63911,0.7600000000000001
63912,0.265
63913,0.055
63914,0.22666666666666668
63915,0.43666666666666665
63916,0.44833333333333336
63917,0.33
63918,0.20166666666666666
63919,0.19666666666666666
63920,0.155
63921,0.05
63922,0.7516666666666667
63923,0.6133333333333333
63924,0.6666666666666666
63925,0.5449999999999999
63926,0.165
63927,0.28
63928,0.35833333333333334
63929,0.8199999999999998
63930,0.3
63931,0.9566666666666667
63932,0.08333333333333333
63933,0.09333333333333334
63934,0.6699999999999999
63935,0.10666666666666666
63936,0.4116666666666666
63937,0.03666666666666667
63938,0.155
63939,0.14833333333333334
63940,0.145
63941,0.355
63942,0.26166666666666666
63943,0.37666666666666665
63944,0.4433333333333333
63945,0.14833333333333334
63946,0.6733333333333333
63947,0.3366666666666666
63948,0.30166666666666664
63949,0.06666666666666667
63950,0.15666666666666665
63951,0.9866666666666668
63952,0.245
63953,0.30333333333333334
63954,0.30666666666666664
63955,0.36333333333333334
63956,0.18166666666666664
63957,0.385
63958,0.22666666666666666
63959,0.3966666666666666
63960,0.29833333333333334
63961,0.3933333333333333
63962,0.48
63963,0.745
63964,0.5266666666666666
63965,0.07333333333333333
63966,0.22833333333333333
63967,0.26666666666666666
63968,0.016666666666666666
63969,0.7416666666666666
63970,0.2816666666666667
63971,0.12666666666666665
63972,0.17166666666666666
63973,0.9466666666666668
63974,0.3383333333333333
63975,0.205
63976,0.7766666666666668
63977,0.20333333333333334
63978,0.6733333333333333
63979,0.24833333333333332
63980,0.16333333333333333
63981,0.7166666666666667
63982,0.7533333333333333
63983,0.46166666666666667
63984,0.95
63985,0.515
63986,0.175
63987,0.6183333333333333
63988,0.485
63989,0.7083333333333334
63990,0.07500000000000001
63991,0.015
63992,0.9116666666666668
63993,0.03833333333333333
63994,0.7433333333333334
63995,0.6766666666666666
63996,0.8966666666666667
63997,0.21
63998,0.4
63999,0.5966666666666667
64000,0.9166666666666667
64001,0.625
64002,0.5283333333333333
64003,0.5833333333333333
64004,0.9266666666666667
64005,0.515
64006,0.9616666666666667
64007,0.28833333333333333
64008,0.3416666666666667
64009,0.09833333333333334
64010,0.6416666666666666
64011,0.7583333333333333
64012,0.69
64013,0.8083333333333333
64014,0.9349999999999998
64015,0.19
64016,0.4983333333333333
64017,0.8866666666666666
64018,0.92
64019,0.7316666666666667
64020,0.3766666666666667
64021,0.6950000000000001
64022,0.5366666666666666
64023,0.31333333333333335
64024,0.2683333333333333
64025,0.28833333333333333
64026,0.13666666666666666
64027,0.195
64028,0.9883333333333333
64029,0.6983333333333334
64030,0.3533333333333334
64031,0.26
64032,0.605
64033,0.49166666666666664
64034,0.925
64035,0.20333333333333337
64036,0.0033333333333333335
64037,0.049999999999999996
64038,0.45666666666666667
64039,0.7066666666666667
64040,0.49666666666666665
64041,0.10666666666666667
64042,0.7466666666666666
64043,0.31666666666666665
64044,0.44333333333333336
64045,0.6116666666666667
64046,0.6716666666666666
64047,0.495
64048,0.33666666666666667
64049,0.3683333333333333
64050,0.5533333333333333
64051,0.325
64052,0.045
64053,0.3666666666666667
64054,0.18333333333333332
64055,0.015
64056,0.035
64057,0.8600000000000001
64058,0.6566666666666666
64059,0.9916666666666667
64060,0.23333333333333334
64061,0.5
64062,0.06666666666666667
64063,0.23333333333333334
64064,0.15333333333333335
64065,0.30833333333333335
64066,0.021666666666666667
64067,0.4933333333333333
64068,0.24833333333333332
64069,0.06333333333333332
64070,0.8466666666666667
64071,0.605
64072,0.64
64073,0.5433333333333333
64074,0.9133333333333334
64075,0.36833333333333335
64076,0.08166666666666667
64077,0.16
64078,0.021666666666666667
64079,0.17333333333333334
64080,0.635
64081,0.3816666666666667
64082,0.69
64083,0.8183333333333334
64084,0.27
64085,0.13666666666666666
64086,0.2633333333333333
64087,0.5616666666666666
64088,0.09666666666666668
64089,0.021666666666666667
64090,0.6583333333333333
64091,0.345
64092,0.2583333333333333
64093,0.13166666666666665
64094,0.37
64095,0.31000000000000005
64096,0.5633333333333332
64097,0.365
64098,0.375
64099,0.575
64100,0.37833333333333335
64101,0.23833333333333334
64102,0.11
64103,0.35833333333333334
64104,0.7883333333333333
64105,0.6716666666666666
64106,0.6583333333333333
64107,0.71
64108,0.5133333333333333
64109,0.33166666666666667
64110,0.051666666666666666
64111,0.26
64112,0.25
64113,0.16666666666666669
64114,0.13
64115,0.365
64116,0.31333333333333335
64117,0.4483333333333333
64118,0.08
64119,0.19
64120,0.6383333333333333
64121,0.6916666666666667
64122,0.195
64123,0.19
64124,0.145
64125,0.05499999999999999
64126,0.09333333333333334
64127,0.135
64128,0.6466666666666667
64129,0.04833333333333334
64130,0.6183333333333333
64131,0.2516666666666667
64132,0.19666666666666666
64133,0.585
64134,0.49
64135,0.175
64136,0.59
64137,0.07833333333333334
64138,0.43499999999999994
64139,0.355
64140,0.12833333333333335
64141,0.2683333333333333
64142,0.32
64143,0.7666666666666666
64144,0.6183333333333334
64145,0.33166666666666667
64146,0.18333333333333335
64147,0.565
64148,0.78
64149,0.46166666666666667
64150,0.325
64151,0.9466666666666665
64152,0.21833333333333332
64153,0.32
64154,0.07833333333333334
64155,0.22333333333333333
64156,0.35333333333333333
64157,0.41833333333333333
64158,0.3533333333333334
64159,0.09166666666666667
64160,0.22166666666666668
64161,0.18333333333333332
64162,0.9583333333333333
64163,0.625
64164,0.49333333333333335
64165,0.355
64166,0.41
64167,0.028333333333333335
64168,0.53
64169,0.715
64170,0.36
64171,0.2783333333333333
64172,0.8799999999999999
64173,0.1
64174,0.3633333333333334
64175,0.31833333333333336
64176,0.7483333333333334
64177,0.11499999999999999
64178,0.05333333333333334
64179,0.2866666666666666
64180,0.4666666666666667
64181,0.1683333333333333
64182,0.7
64183,0.2816666666666667
64184,0.085
64185,0.36000000000000004
64186,0.31666666666666665
64187,0.18666666666666665
64188,0.26999999999999996
64189,0.6533333333333333
64190,0.7533333333333334
64191,0.78
64192,0.35833333333333334
64193,0.8883333333333333
64194,0.31333333333333335
64195,0.025
64196,0.3916666666666667
64197,0.845
64198,0.39666666666666667
64199,0.25333333333333335
64200,0.4166666666666667
64201,0.6066666666666667
64202,0.08833333333333333
64203,0.6283333333333333
64204,0.8266666666666667
64205,0.15333333333333332
64206,0.060000000000000005
64207,0.8883333333333334
64208,0.08833333333333335
64209,0.745
64210,0.19833333333333336
64211,0.42666666666666664
64212,0.14500000000000002
64213,0.16999999999999998
64214,0.3566666666666667
64215,0.21499999999999997
64216,0.39
64217,0.5249999999999999
64218,0.7083333333333333
64219,0.22166666666666668
64220,0.03666666666666667
64221,0.04833333333333334
64222,0.6983333333333334
64223,0.2583333333333333
64224,0.7983333333333333
64225,0.24
64226,0.5700000000000001
64227,0.5916666666666667
64228,0.4683333333333334
64229,0.8899999999999999
64230,0.685
64231,0.16333333333333333
64232,0.275
64233,0.345
64234,0.6683333333333332
64235,0.7783333333333333
64236,0.025
64237,0.5816666666666667
64238,0.4066666666666667
64239,0.245
64240,0.7383333333333334
64241,0.5483333333333333
64242,0.37499999999999994
64243,0.19166666666666668
64244,0.735
64245,0.39
64246,0.42666666666666664
64247,0.7200000000000001
64248,0.3433333333333333
64249,0.35833333333333334
64250,0.7849999999999999
64251,0.4716666666666666
64252,0.73
64253,0.38166666666666665
64254,0.13833333333333334
64255,0.28833333333333333
64256,0.5483333333333333
64257,0.6916666666666667
64258,0.008333333333333333
64259,0.20666666666666667
64260,0.3783333333333333
64261,0.45666666666666667
64262,0.295
64263,0.5466666666666666
64264,0.5233333333333333
64265,0.2916666666666667
64266,0.3516666666666667
64267,0.27166666666666667
64268,0.385
64269,0.16999999999999998
64270,0.33666666666666667
64271,0.7033333333333334
64272,0.7483333333333333
64273,0.16333333333333333
64274,0.30166666666666664
64275,0.16499999999999998
64276,0.6216666666666667
64277,0.7116666666666667
64278,0.39
64279,0.3416666666666667
64280,0.36
64281,0.6950000000000001
64282,0.19166666666666665
64283,0.31
64284,0.21999999999999997
64285,0.38000000000000006
64286,0.205
64287,0.3666666666666667
64288,0.6416666666666666
64289,0.39166666666666666
64290,0.2366666666666667
64291,0.67
64292,0.32166666666666666
64293,0.32666666666666666
64294,0.8300000000000001
64295,0.9283333333333335
64296,0.42166666666666663
64297,0.385
64298,0.4916666666666667
64299,0.6833333333333333
64300,0.9916666666666667
64301,0.023333333333333334
64302,0.3983333333333333
64303,0.5416666666666666
64304,0.3466666666666667
64305,0.42333333333333334
64306,0.29000000000000004
64307,0.5416666666666667
64308,0.6216666666666667
64309,0.39
64310,0.405
64311,0.13666666666666666
64312,0.845
64313,0.335
64314,0.44666666666666666
64315,0.135
64316,0.4116666666666666
64317,0.635
64318,0.6616666666666666
64319,0.7133333333333334
64320,0.6849999999999999
64321,0.06
64322,0.3216666666666667
64323,0.18500000000000003
64324,0.11833333333333335
64325,0.6983333333333334
64326,0.58
64327,0.22499999999999998
64328,0.315
64329,0.095
64330,0.10500000000000001
64331,0.45999999999999996
64332,0.8316666666666668
64333,0.07666666666666666
64334,0.5916666666666667
64335,0.3533333333333333
64336,0.7216666666666667
64337,0.295
64338,0.8966666666666667
64339,0.265
64340,0.9683333333333333
64341,0.6883333333333332
64342,0.44166666666666665
64343,0.4066666666666666
64344,0.27166666666666667
64345,0.42333333333333334
64346,0.29333333333333333
64347,0.39666666666666667
64348,0.62
64349,0.018333333333333333
64350,0.4783333333333334
64351,0.345
64352,0.23833333333333334
64353,0.2966666666666667
64354,0.08333333333333333
64355,0.24166666666666664
64356,0.40166666666666667
64357,0.4933333333333334
64358,0.21333333333333332
64359,0.19333333333333333
64360,0.305
64361,0.006666666666666667
64362,0.3516666666666667
64363,0.5433333333333333
64364,0.8266666666666667
64365,0.7083333333333334
64366,0.5483333333333333
64367,0.3983333333333333
64368,0.5399999999999999
64369,0.6233333333333333
64370,0.03166666666666667
64371,0.725
64372,0.8466666666666667
64373,0.008333333333333333
64374,0.7166666666666666
64375,0.19
64376,0.20833333333333331
64377,0.3216666666666667
64378,0.6733333333333333
64379,0.3733333333333333
64380,0.20666666666666667
64381,0.285
64382,0.6433333333333334
64383,0.6383333333333333
64384,0.7583333333333333
64385,0.07
64386,0.18833333333333332
64387,0.5700000000000001
64388,0.42500000000000004
64389,0.08833333333333335
64390,0.3333333333333333
64391,0.44
64392,0.9866666666666666
64393,0.455
64394,0.12666666666666665
64395,0.73
64396,0.02
64397,0.19833333333333333
64398,0.018333333333333333
64399,0.6216666666666667
64400,0.33999999999999997
64401,0.17
64402,0.17
64403,0.8383333333333334
64404,0.6016666666666667
64405,0.6383333333333333
64406,0.4666666666666667
64407,0.4750000000000001
64408,0.45166666666666666
64409,0.23833333333333334
64410,0.36
64411,0.37
64412,0.355
64413,0.2516666666666667
64414,0.9483333333333333
64415,0.4883333333333334
64416,0.15
64417,0.2016666666666667
64418,0.01
64419,0.27
64420,0.3766666666666667
64421,0.5083333333333333
64422,0.23666666666666666
64423,0.62
64424,0.1983333333333333
64425,0.21833333333333338
64426,0.006666666666666667
64427,0.715
64428,0.3433333333333333
64429,0.17500000000000002
64430,0.5733333333333334
64431,0.9166666666666667
64432,0.20833333333333331
64433,0.35666666666666663
64434,0.051666666666666666
64435,0.06666666666666667
64436,0.7116666666666666
64437,0.385
64438,0.3466666666666667
64439,0.36
64440,0.3783333333333333
64441,0.5216666666666666
64442,0.13166666666666668
64443,0.7816666666666667
64444,0.17500000000000002
64445,0.05333333333333334
64446,0.7333333333333333
64447,0.39
64448,0.5983333333333334
64449,0.19499999999999998
64450,0.7566666666666667
64451,0.2033333333333333
64452,0.9866666666666668
64453,0.365
64454,0.028333333333333335
64455,0.15333333333333332
64456,0.013333333333333332
64457,0.32666666666666666
64458,0.12000000000000001
64459,0.15166666666666667
64460,0.6466666666666666
64461,0.115
64462,0.14666666666666667
64463,0.3383333333333333
64464,0.060000000000000005
64465,0.99
64466,0.02
64467,0.37
64468,0.3066666666666667
64469,0.51
64470,0.016666666666666666
64471,0.275
64472,0.57
64473,0.7966666666666667
64474,0.17500000000000002
64475,0.915
64476,0.7283333333333333
64477,0.6533333333333333
64478,0.66
64479,0.09
64480,0.28500000000000003
64481,0.17166666666666666
64482,0.7683333333333333
64483,0.26166666666666666
64484,0.17
64485,0.14666666666666667
64486,0.06499999999999999
64487,0.21000000000000002
64488,0.2733333333333334
64489,0.7133333333333334
64490,0.52
64491,0.12000000000000001
64492,0.16333333333333333
64493,0.15000000000000002
64494,0.32666666666666666
64495,0.31666666666666665
64496,0.42500000000000004
64497,0.20833333333333331
64498,0.485
64499,0.11
64500,0.7116666666666667
64501,0.03666666666666667
64502,0.10833333333333334
64503,0.2816666666666667
64504,0.31666666666666665
64505,0.5283333333333333
64506,0.4016666666666666
64507,0.08166666666666668
64508,0.42166666666666663
64509,0.8266666666666667
64510,0.5116666666666667
64511,0.53
64512,0.15666666666666668
64513,0.19333333333333333
64514,0.3383333333333334
64515,0.7950000000000002
64516,0.2766666666666666
64517,0.18166666666666667
64518,0.62
64519,0.10166666666666667
64520,0.25333333333333335
64521,0.043333333333333335
64522,0.18500000000000003
64523,0.45166666666666666
64524,0.165
64525,0.065
64526,0.15666666666666665
64527,0.17666666666666667
64528,0.07666666666666667
64529,0.18
64530,0.29333333333333333
64531,0.27
64532,0.13666666666666666
64533,0.5266666666666666
64534,0.22999999999999998
64535,0.041666666666666664
64536,0.15
64537,0.2866666666666667
64538,0.15666666666666668
64539,0.96
64540,0.73
64541,0.545
64542,0.22333333333333333
64543,0.2683333333333333
64544,0.4766666666666667
64545,0.24333333333333332
64546,0.09666666666666668
64547,0.625
64548,0.5666666666666667
64549,0.04833333333333334
64550,0.24333333333333335
64551,0.21666666666666667
64552,0.5966666666666667
64553,0.011666666666666667
64554,0.26
64555,0.23166666666666666
64556,0.15333333333333332
64557,0.41333333333333333
64558,0.9183333333333332
64559,0.6116666666666667
64560,0.245
64561,0.13333333333333333
64562,0.5933333333333334
64563,0.245
64564,0.2933333333333333
64565,0.9483333333333335
64566,0.71
64567,0.6783333333333333
64568,0.6866666666666666
64569,0.52
64570,0.01
64571,0.37
64572,0.8200000000000001
64573,0.17500000000000002
64574,0.7283333333333333
64575,0.20500000000000002
64576,0.27166666666666667
64577,0.27666666666666667
64578,0.585
64579,0.56
64580,0.18166666666666667
64581,0.09999999999999999
64582,0.22333333333333333
64583,0.31666666666666665
64584,0.5316666666666667
64585,0.185
64586,0.6483333333333333
64587,0.45999999999999996
64588,0.4666666666666667
64589,0.025
64590,0.38333333333333336
64591,0.40833333333333327
64592,0.3966666666666666
64593,0.23166666666666666
64594,0.22333333333333333
64595,0.4533333333333333
64596,0.32666666666666666
64597,0.28
64598,0.585
64599,0.9716666666666667
64600,0.08
64601,0.9716666666666667
64602,0.7850000000000001
64603,0.5733333333333334
64604,0.155
64605,0.17666666666666667
64606,0.3733333333333333
64607,0.7200000000000001
64608,0.6716666666666666
64609,0.01
64610,0.15333333333333332
64611,0.31
64612,0.2
64613,0.27166666666666667
64614,0.6
64615,0.03166666666666667
64616,0.9116666666666668
64617,0.32499999999999996
64618,0.4066666666666666
64619,0.24
64620,0.365
64621,0.52
64622,0.24666666666666667
64623,0.065
64624,0.20500000000000002
64625,0.9416666666666668
64626,0.065
64627,0.18166666666666664
64628,0.31666666666666665
64629,0.235
64630,0.24333333333333335
64631,0.43000000000000005
64632,0.15166666666666667
64633,0.635
64634,0.175
64635,0.7283333333333334
64636,0.2833333333333333
64637,0.31833333333333336
64638,0.26833333333333337
64639,0.15666666666666668
64640,0.3266666666666667
64641,0.4066666666666667
64642,0.13333333333333333
64643,0.34833333333333333
64644,0.31666666666666665
64645,0.43833333333333335
64646,0.2533333333333333
64647,0.7016666666666667
64648,0.375
64649,0.3333333333333333
64650,0.8883333333333333
64651,0.28
64652,0.011666666666666667
64653,0.29833333333333334
64654,0.8583333333333334
64655,0.495
64656,0.655
64657,0.6416666666666667
64658,0.56
64659,0.025
64660,0.21166666666666667
64661,0.23
64662,0.21999999999999997
64663,0.03666666666666667
64664,0.14166666666666666
64665,0.375
64666,0.008333333333333333
64667,0.25
64668,0.16666666666666669
64669,0.5533333333333333
64670,0.66
64671,0.11166666666666666
64672,0.04833333333333334
64673,0.01
64674,0.29500000000000004
64675,0.6866666666666668
64676,0.56
64677,0.19333333333333333
64678,0.018333333333333333
64679,0.14666666666666667
64680,0.9766666666666666
64681,0.15166666666666667
64682,0.35333333333333333
64683,0.2766666666666666
64684,0.023333333333333334
64685,0.1716666666666667
64686,0.39499999999999996
64687,0.22500000000000003
64688,0.7549999999999999
64689,0.9550000000000001
64690,0.11833333333333332
64691,0.23833333333333334
64692,0.5116666666666667
64693,0.15166666666666667
64694,0.7916666666666665
64695,0.9550000000000001
64696,0.075
64697,0.02
64698,0.65
64699,0.505
64700,0.3633333333333333
64701,0.17666666666666667
64702,0.030000000000000002
64703,0.935
64704,0.24166666666666664
64705,0.9749999999999999
64706,0.5733333333333334
64707,0.095
64708,0.02666666666666667
64709,0.18333333333333332
64710,0.2833333333333333
64711,0.3616666666666667
64712,0.39333333333333337
64713,0.5433333333333333
64714,0.7016666666666667
64715,0.45166666666666666
64716,0.6816666666666668
64717,0.42166666666666675
64718,0.085
64719,0.17
64720,0.645
64721,0.7016666666666667
64722,0.02666666666666667
64723,0.6616666666666667
64724,0.34500000000000003
64725,0.6000000000000001
64726,0.19333333333333336
64727,0.215
64728,0.9283333333333332
64729,0.455
64730,0.17666666666666667
64731,0.3566666666666667
64732,0.62
64733,0.9883333333333334
64734,0.11333333333333333
64735,0.255
64736,0.013333333333333334
64737,0.6133333333333334
64738,0.96
64739,0.98
64740,0.07999999999999999
64741,0.31666666666666665
64742,0.3816666666666667
64743,0.5733333333333334
64744,0.018333333333333333
64745,0.02
64746,0.8416666666666667
64747,0.2683333333333333
64748,0.11666666666666667
64749,0.17666666666666667
64750,0.6816666666666666
64751,0.6633333333333333
64752,0.8799999999999999
64753,0.675
64754,0.17833333333333332
64755,0.12166666666666667
64756,0.21999999999999997
64757,0.043333333333333335
64758,0.665
64759,0.3016666666666667
64760,0.665
64761,0.11
64762,0.33
64763,0.395
64764,0.7516666666666666
64765,0.6266666666666667
64766,0.215
64767,0.245
64768,0.8416666666666666
64769,0.20166666666666666
64770,0.3783333333333333
64771,0.13
64772,0.09333333333333334
64773,0.8833333333333333
64774,0.37
64775,0.21333333333333335
64776,0.235
64777,0.3816666666666667
64778,0.17333333333333334
64779,0.5016666666666667
64780,0.5033333333333333
64781,0.215
64782,0.46166666666666667
64783,0.5800000000000001
64784,0.5549999999999999
64785,0.38666666666666666
64786,0.6483333333333333
64787,0.34333333333333327
64788,0.37166666666666665
64789,0.29666666666666663
64790,0.25
64791,0.7016666666666667
64792,0.22333333333333333
64793,0.21
64794,0.6
64795,0.20666666666666667
64796,0.65
64797,0.01
64798,0.11
64799,0.5299999999999999
64800,0.3766666666666666
64801,0.4666666666666667
64802,0.5283333333333333
64803,0.2816666666666667
64804,0.3516666666666666
64805,0.16999999999999998
64806,0.08833333333333333
64807,0.7533333333333333
64808,0.07666666666666666
64809,0.25166666666666665
64810,0.12333333333333332
64811,0.31833333333333336
64812,0.36166666666666664
64813,0.29
64814,0.55
64815,0.21833333333333335
64816,0.19499999999999998
64817,0.8800000000000001
64818,0.33333333333333337
64819,0.6916666666666667
64820,0.21666666666666667
64821,0.30833333333333335
64822,0.1433333333333333
64823,0.34
64824,0.11333333333333334
64825,0.37166666666666665
64826,0.77
64827,0.42000000000000004
64828,0.29500000000000004
64829,0.29333333333333333
64830,0.67
64831,0.5183333333333333
64832,0.7916666666666667
64833,0.01
64834,0.075
64835,0.22166666666666662
64836,0.4166666666666667
64837,0.5800000000000001
64838,0.495
64839,0.35833333333333334
64840,0.4816666666666667
64841,0.175
64842,0.30166666666666664
64843,0.59
64844,0.5583333333333333
64845,0.46166666666666667
64846,0.5666666666666667
64847,0.31
64848,0.065
64849,0.54
64850,0.37
64851,0.2
64852,0.21166666666666667
64853,0.2966666666666667
64854,0.7483333333333334
64855,0.31833333333333336
64856,0.4516666666666667
64857,0.6216666666666667
64858,0.64
64859,0.2566666666666667
64860,0.245
64861,0.13833333333333334
64862,0.3416666666666667
64863,0.4833333333333334
64864,0.37666666666666665
64865,0.375
64866,0.29333333333333333
64867,0.021666666666666667
64868,0.28833333333333333
64869,0.3516666666666667
64870,0.22333333333333336
64871,0.46499999999999997
64872,0.595
64873,0.8500000000000001
64874,0.6249999999999999
64875,0.45166666666666666
64876,0.16499999999999998
64877,0.07333333333333333
64878,0.16
64879,0.2633333333333333
64880,0.6133333333333333
64881,0.08
64882,0.5666666666666667
64883,0.6916666666666667
64884,0.505
64885,0.7516666666666667
64886,0.3683333333333333
64887,0.08166666666666667
64888,0.3583333333333333
64889,0.26166666666666666
64890,0.061666666666666675
64891,0.32666666666666666
64892,0.545
64893,0.795
64894,0.4916666666666667
64895,0.44666666666666666
64896,0.15666666666666665
64897,0.5983333333333334
64898,0.3966666666666666
64899,0.33499999999999996
64900,0.46166666666666667
64901,0.2583333333333333
64902,0.4766666666666667
64903,0.735
64904,0.13833333333333334
64905,0.8966666666666667
64906,0.9633333333333334
64907,0.18
64908,0.5266666666666667
64909,0.12166666666666667
64910,0.4816666666666667
64911,0.15
64912,0.31833333333333336
64913,0.21000000000000002
64914,0.03666666666666667
64915,0.35666666666666663
64916,0.5066666666666667
64917,0.04666666666666667
64918,0.6283333333333333
64919,0.5583333333333333
64920,0.605
64921,0.6183333333333333
64922,0.3966666666666667
64923,0.075
64924,0.755
64925,0.9116666666666666
64926,0.8
64927,0.44666666666666666
64928,0.35333333333333333
64929,0.235
64930,0.16999999999999998
64931,0.17
64932,0.08833333333333333
64933,0.08166666666666667
64934,0.1816666666666667
64935,0.2733333333333333
64936,0.19
64937,0.6983333333333333
64938,0.22666666666666663
64939,0.9016666666666666
64940,0.3516666666666667
64941,0.43166666666666664
64942,0.025
64943,0.14
64944,0.5083333333333333
64945,0.31
64946,0.013333333333333334
64947,0.011666666666666667
64948,0.61
64949,0.5466666666666666
64950,0.61
64951,0.9066666666666667
64952,0.525
64953,0.051666666666666666
64954,0.22833333333333333
64955,0.2516666666666667
64956,0.2916666666666667
64957,0.035
64958,0.7433333333333334
64959,0.37333333333333335
64960,0.8033333333333332
64961,0.7783333333333333
64962,0.6633333333333333
64963,0.8733333333333333
64964,0.13833333333333334
64965,0.51
64966,0.29833333333333334
64967,0.2816666666666667
64968,0.39
64969,0.025
64970,0.21
64971,0.375
64972,0.4
64973,0.6166666666666667
64974,0.44166666666666665
64975,0.085
64976,0.135
64977,0.65
64978,0.27
64979,0.8966666666666667
64980,0.4683333333333334
64981,0.5766666666666667
64982,0.255
64983,0.5499999999999999
64984,0.2916666666666667
64985,0.20500000000000002
64986,0.635
64987,0.275
64988,0.16666666666666669
64989,0.6566666666666667
64990,0.23666666666666664
64991,0.23333333333333334
64992,0.02
64993,0.145
64994,0.02
64995,0.6733333333333333
64996,0.7500000000000001
64997,0.9133333333333333
64998,0.22
64999,0.31166666666666665
65000,0.3516666666666667
65001,0.135
65002,0.23333333333333334
65003,0.9383333333333335
65004,0.36666666666666664
65005,0.5833333333333334
65006,0.45166666666666666
65007,0.6883333333333334
65008,0.295
65009,0.9133333333333333
65010,0.245
65011,0.2716666666666666
65012,0.4033333333333333
65013,0.16
65014,0.34500000000000003
65015,0.6666666666666666
65016,0.10166666666666666
65017,0.16999999999999998
65018,0.15
65019,0.625
65020,0.72
65021,0.325
65022,0.01
65023,0.13833333333333334
65024,0.19666666666666666
65025,0.35000000000000003
65026,0.5666666666666667
65027,0.2416666666666667
65028,0.13333333333333333
65029,0.35
65030,0.4483333333333333
65031,0.285
65032,0.10666666666666669
65033,0.34833333333333333
65034,0.8766666666666667
65035,0.09666666666666666
65036,0.39666666666666667
65037,0.9233333333333333
65038,0.5333333333333333
65039,0.7316666666666667
65040,0.75
65041,0.33666666666666667
65042,0.17666666666666667
65043,0.2416666666666667
65044,0.2466666666666667
65045,0.6666666666666666
65046,0.19
65047,0.22666666666666666
65048,0.10833333333333334
65049,0.24833333333333335
65050,0.2833333333333333
65051,0.11
65052,0.7150000000000001
65053,0.4033333333333333
65054,0.10833333333333334
65055,0.15333333333333332
65056,0.31666666666666665
65057,0.5083333333333333
65058,0.32166666666666666
65059,0.12333333333333335
65060,0.14833333333333334
65061,0.9716666666666667
65062,0.6366666666666666
65063,0.635
65064,0.5683333333333334
65065,0.11833333333333333
65066,0.12
65067,0.6033333333333334
65068,0.013333333333333334
65069,0.32166666666666666
65070,0.3666666666666667
65071,0.3933333333333333
65072,0.3333333333333333
65073,0.675
65074,0.9483333333333333
65075,0.7383333333333334
65076,0.31999999999999995
65077,0.011666666666666667
65078,0.25166666666666665
65079,0.08666666666666667
65080,0.03
65081,0.46499999999999997
65082,0.62
65083,0.19166666666666665
65084,0.4266666666666667
65085,0.295
65086,0.37
65087,0.42333333333333334
65088,0.37333333333333335
65089,0.43166666666666664
65090,0.22666666666666666
65091,0.060000000000000005
65092,0.3333333333333333
65093,0.25666666666666665
65094,0.2866666666666667
65095,0.6633333333333333
65096,0.011666666666666667
65097,0.305
65098,0.6133333333333333
65099,0.40166666666666667
65100,0.42833333333333334
65101,0.25
65102,0.18333333333333335
65103,0.39
65104,0.6866666666666666
65105,0.14166666666666666
65106,0.915
65107,0.045000000000000005
65108,0.75
65109,0.013333333333333334
65110,0.13333333333333333
65111,0.555
65112,0.69
65113,0.10999999999999999
65114,0.04833333333333333
65115,0.5033333333333333
65116,0.45666666666666667
65117,0.30833333333333335
65118,0.8
65119,0.39666666666666667
65120,0.8716666666666666
65121,0.12666666666666668
65122,0.425
65123,0.9833333333333334
65124,0.615
65125,0.575
65126,0.09166666666666666
65127,0.15500000000000003
65128,0.37333333333333335
65129,0.29333333333333333
65130,0.6833333333333333
65131,0.5516666666666666
65132,0.9266666666666667
65133,0.20333333333333334
65134,0.17
65135,0.11333333333333334
65136,0.9133333333333333
65137,0.22666666666666668
65138,0.01
65139,0.2316666666666667
65140,0.5016666666666667
65141,0.7483333333333333
65142,0.5766666666666667
65143,0.9000000000000001
65144,0.6216666666666666
65145,0.6283333333333334
65146,0.6966666666666667
65147,0.13833333333333334
65148,0.14166666666666666
65149,0.18166666666666664
65150,0.16666666666666669
65151,0.17333333333333334
65152,0.6183333333333334
65153,0.11166666666666666
65154,0.21
65155,0.0033333333333333335
65156,0.016666666666666666
65157,0.14833333333333332
65158,0.18666666666666668
65159,0.3183333333333333
65160,0.5833333333333334
65161,0.235
65162,0.45999999999999996
65163,0.41333333333333333
65164,0.20833333333333331
65165,0.9566666666666667
65166,0.35333333333333333
65167,0.27666666666666667
65168,0.315
65169,0.33666666666666667
65170,0.145
65171,0.25
65172,0.3366666666666666
65173,0.3783333333333333
65174,0.3783333333333333
65175,0.3416666666666667
65176,0.20166666666666666
65177,0.19333333333333336
65178,0.13499999999999998
65179,0.18
65180,0.74
65181,0.5916666666666667
65182,0.15333333333333332
65183,0.6766666666666667
65184,0.72
65185,0.22000000000000003
65186,0.72
65187,0.7000000000000001
65188,0.7116666666666667
65189,0.5599999999999999
65190,0.26666666666666666
65191,0.20833333333333334
65192,0.026666666666666665
65193,0.2783333333333333
65194,0.185
65195,0.14
65196,0.7549999999999999
65197,0.5033333333333334
65198,0.05333333333333333
65199,0.5049999999999999
65200,0.8383333333333334
65201,0.56
65202,0.77
65203,0.325
65204,0.22833333333333333
65205,0.76
65206,0.2783333333333333
65207,0.22166666666666668
65208,0.03166666666666667
65209,0.7533333333333334
65210,0.375
65211,0.29333333333333333
65212,0.5316666666666667
65213,0.7066666666666667
65214,0.41000000000000003
65215,0.56
65216,0.33166666666666667
65217,0.06166666666666666
65218,0.7333333333333333
65219,0.185
65220,0.21833333333333332
65221,0.61
65222,0.905
65223,0.24166666666666667
65224,0.26
65225,0.685
65226,0.6766666666666666
65227,0.03166666666666667
65228,0.3983333333333334
65229,0.55
65230,0.3633333333333334
65231,0.9466666666666668
65232,0.9716666666666667
65233,0.25166666666666665
65234,0.3133333333333333
65235,0.8983333333333334
65236,0.5516666666666666
65237,0.9683333333333333
65238,0.42333333333333334
65239,0.94
65240,0.31833333333333336
65241,0.008333333333333333
65242,0.1
65243,0.10333333333333333
65244,0.7666666666666666
65245,0.26
65246,0.011666666666666667
65247,0.13999999999999999
65248,0.7266666666666666
65249,0.7749999999999999
65250,0.08833333333333333
65251,0.16833333333333333
65252,0.3183333333333333
65253,0.35333333333333333
65254,0.23333333333333334
65255,0.15500000000000003
65256,0.6783333333333333
65257,0.23166666666666663
65258,0.018333333333333333
65259,0.36
65260,0.41666666666666674
65261,0.5
65262,0.13666666666666666
65263,0.9033333333333333
65264,0.5266666666666667
65265,0.035
65266,0.43333333333333335
65267,0.925
65268,0.7266666666666667
65269,0.25333333333333335
65270,0.245
65271,0.9316666666666666
65272,0.07666666666666666
65273,0.285
65274,0.46499999999999997
65275,0.5700000000000001
65276,0.3
65277,0.145
65278,0.7866666666666666
65279,0.185
65280,0.3583333333333333
65281,0.20333333333333334
65282,0.02
65283,0.22833333333333333
65284,0.78
65285,0.5716666666666668
65286,0.095
65287,0.051666666666666666
65288,0.42833333333333334
65289,0.25
65290,0.14666666666666667
65291,0.21166666666666667
65292,0.7216666666666667
65293,0.41833333333333333
65294,0.71
65295,0.39
65296,0.21666666666666667
65297,0.5866666666666667
65298,0.05333333333333333
65299,0.008333333333333333
65300,0.1883333333333333
65301,0.21333333333333332
65302,0.4833333333333334
65303,0.4966666666666666
65304,0.12000000000000001
65305,0.7983333333333333
65306,0.06166666666666667
65307,0.76
65308,0.3566666666666667
65309,0.44499999999999995
65310,0.19833333333333333
65311,0.5583333333333332
65312,0.6116666666666667
65313,0.7183333333333333
65314,0.5433333333333332
65315,0.2833333333333333
65316,0.023333333333333334
65317,0.4666666666666667
65318,0.18666666666666665
65319,0.20166666666666666
65320,0.10333333333333333
65321,0.31833333333333336
65322,0.8716666666666666
65323,0.4733333333333333
65324,0.4083333333333333
65325,0.06333333333333334
65326,0.35
65327,0.42500000000000004
65328,0.3533333333333333
65329,0.5716666666666667
65330,0.20666666666666667
65331,0.8883333333333334
65332,0.7316666666666666
65333,0.185
65334,0.305
65335,0.635
65336,0.25999999999999995
65337,0.24166666666666664
65338,0.325
65339,0.4933333333333333
65340,0.4883333333333333
65341,0.5983333333333333
65342,0.2633333333333333
65343,0.085
65344,0.5433333333333333
65345,0.24833333333333335
65346,0.36
65347,0.8816666666666666
65348,0.5783333333333334
65349,0.3333333333333333
65350,0.3566666666666667
65351,0.016666666666666666
65352,0.2316666666666667
65353,0.10666666666666666
65354,0.31833333333333336
65355,0.021666666666666667
65356,0.4916666666666667
65357,0.13833333333333334
65358,0.605
65359,0.17166666666666666
65360,0.021666666666666667
65361,0.19
65362,0.21166666666666667
65363,0.5183333333333333
65364,0.03333333333333333
65365,0.5633333333333334
65366,0.25666666666666665
65367,0.5616666666666668
65368,0.19666666666666666
65369,0.26333333333333336
65370,0.36
65371,0.12666666666666668
65372,0.6449999999999999
65373,0.018333333333333333
65374,0.6983333333333334
65375,0.5316666666666667
65376,0.6733333333333333
65377,0.2916666666666667
65378,0.31666666666666665
65379,0.015
65380,0.2916666666666667
65381,0.24
65382,0.4783333333333334
65383,0.8966666666666667
65384,0.37333333333333335
65385,0.6300000000000001
65386,0.38499999999999995
65387,0.8266666666666667
65388,0.09166666666666667
65389,0.10500000000000001
65390,0.04
65391,0.135
65392,0.385
65393,0.64
65394,0.21666666666666667
65395,0.38666666666666666
65396,0.39166666666666666
65397,0.4933333333333333
65398,0.8333333333333333
65399,0.25
65400,0.09833333333333333
65401,0.245
65402,0.34500000000000003
65403,0.165
65404,0.635
65405,0.29
65406,0.011666666666666667
65407,0.19666666666666668
65408,0.6516666666666666
65409,0.6883333333333334
65410,0.21500000000000002
65411,0.01
65412,0.6916666666666667
65413,0.5166666666666666
65414,0.145
65415,0.6516666666666667
65416,0.18333333333333335
65417,0.39
65418,0.2733333333333333
65419,0.9549999999999998
65420,0.03666666666666666
65421,0.7083333333333334
65422,0.7466666666666667
65423,0.20666666666666667
65424,0.405
65425,0.255
65426,0.4033333333333333
65427,0.41833333333333333
65428,0.365
65429,0.10166666666666668
65430,0.6433333333333333
65431,0.15833333333333333
65432,0.7250000000000001
65433,0.9883333333333333
65434,0.38
65435,0.16499999999999998
65436,0.43333333333333335
65437,0.2866666666666666
65438,0.8066666666666666
65439,0.9816666666666667
65440,0.01
65441,0.9216666666666666
65442,0.16833333333333333
65443,0.7516666666666667
65444,0.09000000000000001
65445,0.18833333333333335
65446,0.5066666666666667
65447,0.42333333333333334
65448,0.19
65449,0.9283333333333335
65450,0.5983333333333334
65451,0.315
65452,0.36
65453,0.016666666666666666
65454,0.13
65455,0.605
65456,0.9450000000000001
65457,0.415
65458,0.22
65459,0.011666666666666667
65460,0.3716666666666667
65461,0.18000000000000002
65462,0.1716666666666667
65463,0.52
65464,0.18833333333333332
65465,0.175
65466,0.44666666666666666
65467,0.9866666666666667
65468,0.6966666666666667
65469,0.30166666666666664
65470,0.13166666666666665
65471,0.9683333333333333
65472,0.4966666666666667
65473,0.33499999999999996
65474,0.67
65475,0.36666666666666664
65476,0.705
65477,0.8816666666666666
65478,0.3383333333333333
65479,0.3333333333333333
65480,0.12166666666666667
65481,0.8066666666666666
65482,0.2816666666666666
65483,0.5116666666666667
65484,0.06166666666666667
65485,0.215
65486,0.62
65487,0.245
65488,0.27
65489,0.06333333333333332
65490,0.9149999999999999
65491,0.22333333333333333
65492,0.16
65493,0.315
65494,0.41333333333333333
65495,0.39999999999999997
65496,0.04
65497,0.5983333333333333
65498,0.3583333333333333
65499,0.15333333333333335
65500,0.5066666666666666
65501,0.9433333333333334
65502,0.1983333333333333
65503,0.845
65504,0.4716666666666667
65505,0.305
65506,0.6866666666666666
65507,0.6616666666666666
65508,0.14833333333333334
65509,0.20666666666666667
65510,0.66
65511,0.3783333333333333
65512,0.15000000000000002
65513,0.41000000000000003
65514,0.225
65515,0.36166666666666664
65516,0.5516666666666666
65517,0.5183333333333333
65518,0.31333333333333335
65519,0.7416666666666667
65520,0.14833333333333334
65521,0.935
65522,0.18
65523,0.395
65524,0.20666666666666667
65525,0.65
65526,0.28500000000000003
65527,0.10333333333333333
65528,0.4266666666666667
65529,0.26833333333333337
65530,0.525
65531,0.043333333333333335
65532,0.26166666666666666
65533,0.5966666666666667
65534,0.11666666666666667
65535,0.31333333333333335
65536,0.33166666666666667
65537,0.14166666666666666
65538,0.7949999999999999
65539,0.2833333333333334
65540,0.175
65541,0.26166666666666666
65542,0.3466666666666667
65543,0.05
65544,0.04
65545,0.5016666666666666
65546,0.7849999999999999
65547,0.12333333333333335
65548,0.065
65549,0.15666666666666665
65550,0.47
65551,0.16666666666666666
65552,0.22333333333333333
65553,0.64
65554,0.7683333333333334
65555,0.355
65556,0.3516666666666666
65557,0.04833333333333333
65558,0.6066666666666667
65559,0.48
65560,0.955
65561,0.6900000000000001
65562,0.31166666666666665
65563,0.14166666666666666
65564,0.025
65565,0.5466666666666666
65566,0.7166666666666666
65567,0.375
65568,0.26166666666666666
65569,0.2733333333333333
65570,0.058333333333333334
65571,0.7516666666666667
65572,0.7
65573,0.7749999999999999
65574,0.6733333333333332
65575,0.6116666666666667
65576,0.44999999999999996
65577,0.27666666666666667
65578,0.73
65579,0.8116666666666668
65580,0.46166666666666667
65581,0.7400000000000001
65582,0.185
65583,0.6316666666666666
65584,0.5316666666666667
65585,0.43333333333333335
65586,0.12
65587,0.6216666666666667
65588,0.105
65589,0.08166666666666667
65590,0.12999999999999998
65591,0.06833333333333333
65592,0.24
65593,0.47
65594,0.4816666666666667
65595,0.03166666666666667
65596,0.13666666666666666
65597,0.33166666666666667
65598,0.32499999999999996
65599,0.5216666666666667
65600,0.7066666666666667
65601,0.22000000000000003
65602,0.555
65603,0.17833333333333332
65604,0.011666666666666667
65605,0.20166666666666666
65606,0.32833333333333337
65607,0.31166666666666665
65608,0.2816666666666667
65609,0.6333333333333334
65610,0.8966666666666667
65611,0.5466666666666667
65612,0.24000000000000002
65613,0.5616666666666666
65614,0.29333333333333333
65615,0.12333333333333334
65616,0.8233333333333334
65617,0.29
65618,0.7883333333333333
65619,0.265
65620,0.15
65621,0.23500000000000001
65622,0.18166666666666667
65623,0.225
65624,0.44666666666666666
65625,0.04
65626,0.8866666666666667
65627,0.4116666666666666
65628,0.04166666666666667
65629,0.015000000000000001
65630,0.02333333333333333
65631,0.745
65632,0.22499999999999998
65633,0.5516666666666667
65634,0.375
65635,0.06333333333333334
65636,0.9316666666666666
65637,0.255
65638,0.08166666666666667
65639,0.18666666666666665
65640,0.42666666666666664
65641,0.07500000000000001
65642,0.4816666666666667
65643,0.30999999999999994
65644,0.8383333333333334
65645,0.035
65646,0.245
65647,0.265
65648,0.8183333333333334
65649,0.3016666666666667
65650,0.8116666666666668
65651,0.8266666666666667
65652,0.26166666666666666
65653,0.6900000000000001
65654,0.3566666666666667
65655,0.7033333333333334
65656,0.26666666666666666
65657,0.8566666666666666
65658,0.21833333333333332
65659,0.21666666666666667
65660,0.06833333333333333
65661,0.9666666666666666
65662,0.25333333333333335
65663,0.2633333333333333
65664,0.13666666666666666
65665,0.2833333333333333
65666,0.16333333333333333
65667,0.21666666666666667
65668,0.5333333333333333
65669,0.17833333333333334
65670,0.8866666666666667
65671,0.27666666666666667
65672,0.29333333333333333
65673,0.515
65674,0.18
65675,0.16833333333333333
65676,0.2866666666666667
65677,0.29333333333333333
65678,0.165
65679,0.2966666666666667
65680,0.9333333333333333
65681,0.16333333333333333
65682,0.9333333333333333
65683,0.006666666666666667
65684,0.14
65685,0.41000000000000003
65686,0.105
65687,0.20500000000000002
65688,0.15
65689,0.7883333333333333
65690,0.5700000000000001
65691,0.9133333333333333
65692,0.415
65693,0.44
65694,0.985
65695,0.27499999999999997
65696,0.2683333333333333
65697,0.22
65698,0.6866666666666668
65699,0.62
65700,0.195
65701,0.006666666666666667
65702,0.42000000000000004
65703,0.6166666666666667
65704,0.865
65705,0.4483333333333333
65706,0.4016666666666666
65707,0.45999999999999996
65708,0.4866666666666667
65709,0.18333333333333332
65710,0.13666666666666666
65711,0.058333333333333334
65712,0.32166666666666666
65713,0.98
65714,0.6733333333333333
65715,0.135
65716,0.35333333333333333
65717,0.3133333333333333
65718,0.10499999999999998
65719,0.5366666666666666
65720,0.46833333333333327
65721,0.9266666666666666
65722,0.43499999999999994
65723,0.4716666666666667
65724,0.5650000000000001
65725,0.7666666666666666
65726,0.265
65727,0.8083333333333333
65728,0.37333333333333335
65729,0.21999999999999997
65730,0.28500000000000003
65731,0.29833333333333334
65732,0.4983333333333333
65733,0.3933333333333333
65734,0.135
65735,0.24833333333333335
65736,0.4883333333333334
65737,0.33333333333333337
65738,0.6916666666666667
65739,0.33166666666666667
65740,0.7166666666666667
65741,0.42000000000000004
65742,0.05
65743,0.22499999999999998
65744,0.12000000000000001
65745,0.4083333333333333
65746,0.48
65747,0.5416666666666667
65748,0.051666666666666666
65749,0.65
65750,0.475
65751,0.6283333333333334
65752,0.9416666666666667
65753,0.5083333333333333
65754,0.2683333333333333
65755,0.43666666666666665
65756,0.018333333333333333
65757,0.3683333333333333
65758,0.935
65759,0.305
65760,0.2866666666666667
65761,0.055
65762,0.6716666666666666
65763,0.73
65764,0.39499999999999996
65765,0.5216666666666667
65766,0.4116666666666667
65767,0.9750000000000001
65768,0.2
65769,0.7133333333333334
65770,0.185
65771,0.7033333333333333
65772,0.6266666666666667
65773,0.9116666666666666
65774,0.10833333333333334
65775,0.21833333333333338
65776,0.5583333333333333
65777,0.39
65778,0.22666666666666668
65779,0.93
65780,0.6783333333333333
65781,0.13
65782,0.9299999999999999
65783,0.23
65784,0.006666666666666667
65785,0.7183333333333333
65786,0.2583333333333333
65787,0.495
65788,0.7000000000000001
65789,0.19
65790,0.16
65791,0.021666666666666667
65792,0.9983333333333333
65793,0.028333333333333335
65794,0.5083333333333333
65795,0.18666666666666665
65796,0.16333333333333333
65797,0.03333333333333333
65798,0.8800000000000001
65799,0.026666666666666665
65800,0.3416666666666667
65801,0.075
65802,0.305
65803,0.35333333333333333
65804,0.505
65805,0.4066666666666667
65806,0.2683333333333333
65807,0.39166666666666666
65808,0.4083333333333333
65809,0.37
65810,0.051666666666666666
65811,0.31333333333333335
65812,0.26
65813,0.43000000000000005
65814,0.01
65815,0.041666666666666664
65816,0.185
65817,0.2316666666666667
65818,0.2
65819,0.3933333333333333
65820,0.2466666666666667
65821,0.06333333333333332
65822,0.37833333333333335
65823,0.31999999999999995
65824,0.006666666666666667
65825,0.30666666666666664
65826,0.023333333333333334
65827,0.21833333333333332
65828,0.43833333333333335
65829,0.025
65830,0.5283333333333334
65831,0.29
65832,0.30166666666666664
65833,0.03333333333333333
65834,0.40666666666666673
65835,0.32999999999999996
65836,0.026666666666666665
65837,0.03333333333333333
65838,0.11
65839,0.405
65840,0.16999999999999998
65841,0.13166666666666665
65842,0.29
65843,0.3566666666666667
65844,0.6433333333333333
65845,0.42833333333333334
65846,0.44999999999999996
65847,0.13999999999999999
65848,0.5566666666666666
65849,0.45666666666666667
65850,0.03333333333333333
65851,0.38
65852,0.6633333333333333
65853,0.5833333333333333
65854,0.10833333333333334
65855,0.05666666666666667
65856,0.7716666666666667
65857,0.6116666666666667
65858,0.185
65859,0.20166666666666666
65860,0.9016666666666666
65861,0.15666666666666665
65862,0.08333333333333333
65863,0.43666666666666665
65864,0.47
65865,0.14666666666666667
65866,0.24
65867,0.6966666666666667
65868,0.6566666666666667
65869,0.6216666666666667
65870,0.315
65871,0.17333333333333334
65872,0.058333333333333334
65873,0.135
65874,0.028333333333333335
65875,0.36333333333333334
65876,0.7583333333333334
65877,0.075
65878,0.44000000000000006
65879,0.11499999999999999
65880,0.5866666666666667
65881,0.18166666666666667
65882,0.2016666666666667
65883,0.23666666666666666
65884,0.8866666666666667
65885,0.035
65886,0.4966666666666667
65887,0.17333333333333334
65888,0.6483333333333333
65889,0.16
65890,0.33666666666666667
65891,0.26
65892,0.9533333333333333
65893,0.24166666666666667
65894,0.3683333333333333
65895,0.15333333333333332
65896,0.8783333333333334
65897,0.7216666666666667
65898,0.255
65899,0.6566666666666666
65900,0.7566666666666667
65901,0.51
65902,0.7849999999999999
65903,0.028333333333333335
65904,0.03
65905,0.02
65906,0.26
65907,0.705
65908,0.3233333333333333
65909,0.36833333333333335
65910,0.10166666666666667
65911,0.3816666666666667
65912,0.3233333333333333
65913,0.455
65914,0.5383333333333333
65915,0.265
65916,0.53
65917,0.535
65918,0.7166666666666667
65919,0.6066666666666667
65920,0.5650000000000001
65921,0.42166666666666663
65922,0.615
65923,0.42
65924,0.07333333333333333
65925,0.15833333333333333
65926,0.16166666666666665
65927,0.6883333333333334
65928,0.4933333333333333
65929,0.2366666666666667
65930,0.21166666666666667
65931,0.24
65932,0.4066666666666666
65933,0.21666666666666667
65934,0.22999999999999998
65935,0.24666666666666665
65936,0.18333333333333332
65937,0.041666666666666664
65938,0.35833333333333334
65939,0.6583333333333333
65940,0.15833333333333333
65941,0.33
65942,0.18166666666666667
65943,0.26333333333333336
65944,0.31833333333333336
65945,0.20166666666666666
65946,0.08333333333333333
65947,0.6616666666666666
65948,0.18333333333333335
65949,0.8466666666666667
65950,0.9366666666666666
65951,0.41333333333333333
65952,0.6983333333333334
65953,0.2916666666666667
65954,0.52
65955,0.2866666666666667
65956,0.3416666666666667
65957,0.6766666666666666
65958,0.3416666666666667
65959,0.18000000000000002
65960,0.29166666666666663
65961,0.11500000000000002
65962,0.03666666666666667
65963,0.2733333333333333
65964,0.9200000000000002
65965,0.235
65966,0.10166666666666667
65967,0.1816666666666667
65968,0.42666666666666664
65969,0.5833333333333334
65970,0.20333333333333334
65971,0.9933333333333334
65972,0.22333333333333333
65973,0.5433333333333333
65974,0.375
65975,0.06
65976,0.2816666666666666
65977,0.015000000000000001
65978,0.12666666666666665
65979,0.9733333333333334
65980,0.39
65981,0.026666666666666665
65982,0.08499999999999999
65983,0.395
65984,0.07
65985,0.22333333333333333
65986,0.33499999999999996
65987,0.023333333333333334
65988,0.22999999999999998
65989,0.008333333333333333
65990,0.6716666666666666
65991,0.19833333333333333
65992,0.17833333333333334
65993,0.1366666666666667
65994,0.68
65995,0.18666666666666665
65996,0.19999999999999998
65997,0.23666666666666666
65998,0.3333333333333333
65999,0.43499999999999994
66000,0.018333333333333333
66001,0.99
66002,0.2716666666666666
66003,0.3516666666666667
66004,0.5283333333333333
66005,0.23833333333333334
66006,0.11333333333333334
66007,0.13833333333333334
66008,0.42666666666666664
66009,0.9133333333333333
66010,0.9449999999999998
66011,0.6
66012,0.21166666666666667
66013,0.6333333333333334
66014,0.30333333333333334
66015,0.185
66016,0.99
66017,0.5966666666666667
66018,0.4933333333333333
66019,0.03166666666666667
66020,0.935
66021,0.7633333333333333
66022,0.20833333333333331
66023,0.505
66024,0.17333333333333334
66025,0.20833333333333334
66026,0.78
66027,0.2616666666666667
66028,0.043333333333333335
66029,0.9033333333333333
66030,0.4933333333333333
66031,0.32333333333333336
66032,0.03
66033,0.3516666666666667
66034,0.21000000000000002
66035,0.625
66036,0.64
66037,0.425
66038,0.058333333333333334
66039,0.18000000000000002
66040,0.215
66041,0.235
66042,0.4033333333333333
66043,0.8816666666666667
66044,0.3616666666666667
66045,0.17666666666666667
66046,0.23666666666666664
66047,0.15833333333333333
66048,0.05
66049,0.74
66050,0.39
66051,0.19333333333333333
66052,0.29666666666666663
66053,0.6966666666666667
66054,0.10166666666666666
66055,0.028333333333333335
66056,0.9316666666666666
66057,0.265
66058,0.6399999999999999
66059,0.29
66060,0.08166666666666667
66061,0.21166666666666667
66062,0.030000000000000002
66063,0.3566666666666667
66064,0.015000000000000001
66065,0.38666666666666666
66066,0.13
66067,0.335
66068,0.24
66069,0.3566666666666667
66070,0.7316666666666667
66071,0.8183333333333334
66072,0.8866666666666667
66073,0.28833333333333333
66074,0.22333333333333333
66075,0.9616666666666667
66076,0.13166666666666668
66077,0.15666666666666668
66078,0.049999999999999996
66079,0.2733333333333333
66080,0.25833333333333336
66081,0.6366666666666667
66082,0.185
66083,0.41333333333333333
66084,0.03833333333333333
66085,0.15333333333333332
66086,0.7416666666666667
66087,0.14166666666666666
66088,0.19166666666666665
66089,0.35333333333333333
66090,0.9633333333333334
66091,0.7483333333333333
66092,0.21000000000000002
66093,0.5016666666666667
66094,0.155
66095,0.9366666666666665
66096,0.2033333333333333
66097,0.8683333333333334
66098,0.10833333333333334
66099,0.33333333333333337
66100,0.21666666666666667
66101,0.6033333333333334
66102,0.265
66103,0.245
66104,0.18333333333333335
66105,0.635
66106,0.30000000000000004
66107,0.72
66108,0.935
66109,0.54
66110,0.21999999999999997
66111,0.11833333333333335
66112,0.975
66113,0.12833333333333333
66114,0.53
66115,0.3383333333333334
66116,0.37
66117,0.22166666666666665
66118,0.12000000000000002
66119,0.28833333333333333
66120,0.6
66121,0.6433333333333333
66122,0.42666666666666664
66123,0.26333333333333336
66124,0.44166666666666665
66125,0.24833333333333335
66126,0.018333333333333333
66127,0.4983333333333333
66128,0.43666666666666665
66129,0.03666666666666667
66130,0.61
66131,0.145
66132,0.09666666666666668
66133,0.665
66134,0.2033333333333333
66135,0.3666666666666667
66136,0.145
66137,0.5616666666666666
66138,0.04666666666666667
66139,0.7766666666666667
66140,0.3916666666666666
66141,0.14666666666666667
66142,0.675
66143,0.5133333333333333
66144,0.71
66145,0.195
66146,0.16333333333333333
66147,0.5583333333333333
66148,0.33666666666666667
66149,0.16999999999999998
66150,0.55
66151,0.5633333333333334
66152,0.5316666666666666
66153,0.24
66154,0.25333333333333335
66155,0.345
66156,0.7150000000000001
66157,0.03166666666666666
66158,0.66
66159,0.2866666666666667
66160,0.16833333333333333
66161,0.03166666666666667
66162,0.22333333333333333
66163,0.6583333333333333
66164,0.315
66165,0.7566666666666667
66166,0.9850000000000001
66167,0.9666666666666666
66168,0.13333333333333333
66169,0.15
66170,0.2816666666666667
66171,0.16999999999999998
66172,0.7966666666666666
66173,0.21
66174,0.3866666666666667
66175,0.0033333333333333335
66176,0.07166666666666667
66177,0.44166666666666665
66178,0.24333333333333335
66179,0.495
66180,0.41333333333333333
66181,0.9933333333333334
66182,0.5033333333333333
66183,0.43666666666666665
66184,0.17166666666666666
66185,0.495
66186,0.3916666666666667
66187,0.895
66188,0.32166666666666666
66189,0.365
66190,0.29166666666666663
66191,0.145
66192,0.18833333333333335
66193,0.25333333333333335
66194,0.015000000000000001
66195,0.3933333333333333
66196,0.1366666666666667
66197,0.28833333333333333
66198,0.21833333333333332
66199,0.4149999999999999
66200,0.7033333333333334
66201,0.33666666666666667
66202,0.20500000000000002
66203,0.7866666666666666
66204,0.215
66205,0.43833333333333335
66206,0.09833333333333334
66207,0.10333333333333333
66208,0.3733333333333333
66209,0.7333333333333334
66210,0.5883333333333334
66211,0.095
66212,0.3
66213,0.68
66214,0.45999999999999996
66215,0.7066666666666667
66216,0.3983333333333333
66217,0.26666666666666666
66218,0.26499999999999996
66219,0.77
66220,0.7616666666666666
66221,0.58
66222,0.5766666666666667
66223,0.08333333333333334
66224,0.9066666666666667
66225,0.93
66226,0.645
66227,0.585
66228,0.4683333333333334
66229,0.11333333333333331
66230,0.8116666666666666
66231,0.01
66232,0.3383333333333334
66233,0.515
66234,0.4683333333333333
66235,0.2783333333333333
66236,0.20333333333333334
66237,0.9866666666666666
66238,0.2833333333333334
66239,0.36000000000000004
66240,0.11166666666666668
66241,0.875
66242,0.21999999999999997
66243,0.9283333333333335
66244,0.35500000000000004
66245,0.23333333333333336
66246,0.07333333333333333
66247,0.205
66248,0.28833333333333333
66249,0.125
66250,0.6666666666666667
66251,0.17166666666666666
66252,0.44499999999999995
66253,0.5366666666666666
66254,0.5549999999999999
66255,0.165
66256,0.07666666666666666
66257,0.30666666666666664
66258,0.9183333333333334
66259,0.965
66260,0.8166666666666667
66261,0.6216666666666667
66262,0.61
66263,0.02
66264,0.9883333333333333
66265,0.495
66266,0.535
66267,0.18833333333333332
66268,0.435
66269,0.5800000000000001
66270,0.21833333333333332
66271,0.02666666666666667
66272,0.3966666666666666
66273,0.23500000000000004
66274,0.7050000000000001
66275,0.21166666666666664
66276,0.09166666666666666
66277,0.30833333333333335
66278,0.051666666666666666
66279,0.18666666666666665
66280,0.49
66281,0.15
66282,0.37666666666666665
66283,0.07166666666666667
66284,0.065
66285,0.5583333333333333
66286,0.03166666666666667
66287,0.35000000000000003
66288,0.5800000000000001
66289,0.6633333333333333
66290,0.5966666666666666
66291,0.0
66292,0.33666666666666667
66293,0.71
66294,0.0033333333333333335
66295,0.18833333333333335
66296,0.33166666666666667
66297,0.32
66298,0.6416666666666667
66299,0.5983333333333334
66300,0.16166666666666665
66301,0.6
66302,0.32499999999999996
66303,0.36333333333333334
66304,0.02
66305,0.45666666666666667
66306,0.14333333333333334
66307,0.765
66308,0.15000000000000002
66309,0.425
66310,0.11333333333333333
66311,0.18666666666666665
66312,0.5233333333333333
66313,0.10666666666666666
66314,0.8066666666666665
66315,0.395
66316,0.6116666666666666
66317,0.17833333333333332
66318,0.22999999999999998
66319,0.17666666666666667
66320,0.34833333333333333
66321,0.4083333333333333
66322,0.03166666666666666
66323,0.6216666666666667
66324,0.22500000000000003
66325,0.3
66326,0.6516666666666667
66327,0.16499999999999998
66328,0.12833333333333333
66329,0.22999999999999998
66330,0.6833333333333333
66331,0.6299999999999999
66332,0.10833333333333334
66333,0.04666666666666666
66334,0.5916666666666667
66335,0.735
66336,0.08
66337,0.12833333333333333
66338,0.365
66339,0.041666666666666664
66340,0.8166666666666667
66341,0.2966666666666667
66342,0.155
66343,0.375
66344,0.12
66345,0.555
66346,0.35833333333333334
66347,0.125
66348,0.02666666666666667
66349,0.26166666666666666
66350,0.25833333333333336
66351,0.1683333333333333
66352,0.485
66353,0.9633333333333334
66354,0.3566666666666667
66355,0.17333333333333334
66356,0.26333333333333336
66357,0.4283333333333333
66358,0.255
66359,0.9566666666666666
66360,0.21500000000000002
66361,0.2683333333333333
66362,0.51
66363,0.9366666666666668
66364,0.45833333333333337
66365,0.725
66366,0.25833333333333336
66367,0.19166666666666665
66368,0.19333333333333333
66369,0.22999999999999998
66370,0.35
66371,0.07833333333333334
66372,0.9450000000000001
66373,0.31333333333333335
66374,0.016666666666666666
66375,0.44166666666666665
66376,0.04666666666666666
66377,0.545
66378,0.69
66379,0.2783333333333333
66380,0.24
66381,0.25166666666666665
66382,0.5
66383,0.28833333333333333
66384,0.31666666666666665
66385,0.5583333333333333
66386,0.9183333333333334
66387,0.31
66388,0.7783333333333333
66389,0.023333333333333334
66390,0.18166666666666667
66391,0.9833333333333334
66392,0.865
66393,0.5016666666666667
66394,0.021666666666666667
66395,0.325
66396,0.39
66397,0.96
66398,0.03666666666666667
66399,0.9483333333333334
66400,0.8933333333333333
66401,0.1983333333333333
66402,0.3466666666666666
66403,0.18333333333333332
66404,0.31333333333333335
66405,0.085
66406,0.23166666666666663
66407,0.2816666666666666
66408,0.3633333333333333
66409,0.018333333333333333
66410,0.645
66411,0.27666666666666667
66412,0.0016666666666666668
66413,0.8633333333333333
66414,0.7533333333333333
66415,0.32
66416,0.17
66417,0.06833333333333333
66418,0.26333333333333336
66419,0.4916666666666667
66420,0.04666666666666666
66421,0.20833333333333331
66422,0.2566666666666667
66423,0.2866666666666666
66424,0.9916666666666667
66425,0.6816666666666666
66426,0.4083333333333333
66427,0.2316666666666667
66428,0.9066666666666667
66429,0.22666666666666666
66430,0.5683333333333334
66431,0.21166666666666667
66432,0.68
66433,0.4066666666666667
66434,0.2683333333333333
66435,0.058333333333333334
66436,0.13333333333333333
66437,0.44999999999999996
66438,0.8516666666666668
66439,0.3483333333333334
66440,0.33
66441,0.20166666666666666
66442,0.7150000000000001
66443,0.15166666666666667
66444,0.18166666666666664
66445,0.5566666666666666
66446,0.09833333333333333
66447,0.5483333333333333
66448,0.73
66449,0.11499999999999999
66450,0.31166666666666665
66451,0.23166666666666666
66452,0.29333333333333333
66453,0.17166666666666666
66454,0.6166666666666666
66455,0.3566666666666667
66456,0.7966666666666666
66457,0.3566666666666667
66458,0.41666666666666663
66459,0.1
66460,0.5233333333333333
66461,0.06833333333333333
66462,0.6900000000000001
66463,0.018333333333333333
66464,0.16166666666666668
66465,0.5766666666666667
66466,0.6916666666666667
66467,0.8099999999999999
66468,0.665
66469,0.6483333333333334
66470,0.18333333333333335
66471,0.08166666666666667
66472,0.38833333333333336
66473,0.08666666666666667
66474,0.54
66475,0.07666666666666666
66476,0.5533333333333333
66477,0.2783333333333333
66478,0.3616666666666667
66479,0.33
66480,0.01
66481,0.6066666666666667
66482,0.7983333333333333
66483,0.32166666666666666
66484,0.008333333333333333
66485,0.11666666666666667
66486,0.051666666666666666
66487,0.30333333333333334
66488,0.20833333333333331
66489,0.245
66490,0.37
66491,0.015000000000000001
66492,0.17666666666666667
66493,0.7883333333333333
66494,0.035
66495,0.7083333333333334
66496,0.99
66497,0.34500000000000003
66498,0.26
66499,0.3066666666666667
66500,0.16499999999999998
66501,0.29833333333333334
66502,0.325
66503,0.5516666666666666
66504,0.5916666666666667
66505,0.15666666666666668
66506,0.5466666666666666
66507,0.15666666666666668
66508,0.045
66509,0.6383333333333334
66510,0.73
66511,0.525
66512,0.535
66513,0.045000000000000005
66514,0.5816666666666667
66515,0.8066666666666666
66516,0.62
66517,0.16166666666666665
66518,0.8516666666666668
66519,0.3716666666666667
66520,0.36333333333333334
66521,0.3983333333333333
66522,0.385
66523,0.5766666666666667
66524,0.17166666666666666
66525,0.3916666666666667
66526,0.25833333333333336
66527,0.25
66528,0.24
66529,0.57
66530,0.8533333333333334
66531,0.18166666666666667
66532,0.5516666666666667
66533,0.18166666666666664
66534,0.14
66535,0.24000000000000002
66536,0.6833333333333333
66537,0.125
66538,0.29833333333333334
66539,0.19666666666666666
66540,0.36666666666666664
66541,0.10333333333333333
66542,0.05
66543,0.6266666666666667
66544,0.25333333333333335
66545,0.195
66546,0.23
66547,0.27166666666666667
66548,0.3516666666666667
66549,0.56
66550,0.2566666666666667
66551,0.16499999999999998
66552,0.058333333333333334
66553,0.3433333333333333
66554,0.03833333333333333
66555,0.215
66556,0.17833333333333334
66557,0.6333333333333333
66558,0.24833333333333335
66559,0.7616666666666667
66560,0.31666666666666665
66561,0.62
66562,0.006666666666666667
66563,0.31833333333333336
66564,0.8266666666666667
66565,0.3066666666666667
66566,0.22333333333333333
66567,0.2866666666666667
66568,0.24500000000000002
66569,0.19833333333333333
66570,0.8733333333333335
66571,0.37166666666666665
66572,0.5433333333333333
66573,0.6383333333333333
66574,0.125
66575,0.33333333333333337
66576,0.415
66577,0.19
66578,0.8533333333333335
66579,0.07666666666666666
66580,0.07999999999999999
66581,0.13333333333333333
66582,0.7000000000000001
66583,0.1983333333333333
66584,0.595
66585,0.12
66586,0.7033333333333334
66587,0.6616666666666666
66588,0.2733333333333333
66589,0.39166666666666666
66590,0.09333333333333332
66591,0.6666666666666666
66592,0.6216666666666667
66593,0.035
66594,0.013333333333333334
66595,0.7533333333333333
66596,0.51
66597,0.3466666666666667
66598,0.22999999999999998
66599,0.7466666666666667
66600,0.5316666666666666
66601,0.24
66602,0.3583333333333333
66603,0.5116666666666666
66604,0.058333333333333334
66605,0.13166666666666668
66606,0.25666666666666665
66607,0.1
66608,0.37
66609,0.26
66610,0.20833333333333334
66611,0.3183333333333333
66612,0.8049999999999999
66613,0.09833333333333334
66614,0.4716666666666666
66615,0.525
66616,0.7466666666666667
66617,0.22833333333333333
66618,0.26
66619,0.31666666666666665
66620,0.32166666666666666
66621,0.35833333333333334
66622,0.5216666666666666
66623,0.18666666666666665
66624,0.16166666666666668
66625,0.56
66626,0.5900000000000001
66627,0.5666666666666667
66628,0.24166666666666667
66629,0.2866666666666667
66630,0.12333333333333334
66631,0.16666666666666666
66632,0.5533333333333333
66633,0.6116666666666667
66634,0.9299999999999999
66635,0.19666666666666666
66636,0.25333333333333335
66637,0.051666666666666666
66638,0.33166666666666667
66639,0.43333333333333335
66640,0.235
66641,0.9316666666666666
66642,0.31166666666666665
66643,0.14333333333333334
66644,0.3433333333333333
66645,0.18666666666666665
66646,0.2633333333333333
66647,0.6716666666666667
66648,0.18166666666666667
66649,0.2733333333333333
66650,0.4983333333333334
66651,0.06833333333333333
66652,0.21166666666666667
66653,0.24333333333333335
66654,0.5216666666666666
66655,0.4066666666666666
66656,0.5616666666666666
66657,0.025
66658,0.45666666666666667
66659,0.21333333333333332
66660,0.45666666666666667
66661,0.9316666666666666
66662,0.07166666666666667
66663,0.07833333333333334
66664,0.185
66665,0.15500000000000003
66666,0.7716666666666667
66667,0.24500000000000002
66668,0.21
66669,0.08
66670,0.10166666666666667
66671,0.645
66672,0.025
66673,0.4833333333333334
66674,0.17833333333333334
66675,0.025
66676,0.4116666666666666
66677,0.07166666666666667
66678,0.255
66679,0.41000000000000003
66680,0.3566666666666667
66681,0.1933333333333333
66682,0.26
66683,0.6683333333333333
66684,0.4149999999999999
66685,0.765
66686,0.6599999999999999
66687,0.05333333333333333
66688,0.265
66689,0.27166666666666667
66690,0.3883333333333333
66691,0.3116666666666667
66692,0.4983333333333333
66693,0.265
66694,0.12833333333333333
66695,0.21666666666666667
66696,0.755
66697,0.5333333333333333
66698,0.12000000000000001
66699,0.043333333333333335
66700,0.03833333333333333
66701,0.6016666666666667
66702,0.7100000000000001
66703,0.9850000000000001
66704,0.485
66705,0.18
66706,0.245
66707,0.10166666666666667
66708,0.08833333333333332
66709,0.058333333333333334
66710,0.195
66711,0.9200000000000002
66712,0.5766666666666667
66713,0.24166666666666664
66714,0.22333333333333333
66715,0.73
66716,0.29666666666666663
66717,0.32666666666666666
66718,0.6
66719,0.1766666666666667
66720,0.7133333333333334
66721,0.4116666666666666
66722,0.08666666666666666
66723,0.6116666666666667
66724,0.6416666666666667
66725,0.19666666666666666
66726,0.8166666666666667
66727,0.21
66728,0.47
66729,0.3
66730,0.9933333333333334
66731,0.74
66732,0.21166666666666667
66733,0.22499999999999998
66734,0.66
66735,0.14833333333333332
66736,0.12833333333333333
66737,0.6416666666666667
66738,0.075
66739,0.7833333333333333
66740,0.655
66741,0.8516666666666666
66742,0.365
66743,0.09333333333333332
66744,0.7699999999999999
66745,0.41000000000000003
66746,0.20833333333333331
66747,0.021666666666666667
66748,0.04
66749,0.32333333333333336
66750,0.30666666666666664
66751,0.06833333333333333
66752,0.9383333333333332
66753,0.21166666666666667
66754,0.11666666666666667
66755,0.245
66756,0.98
66757,0.5333333333333333
66758,0.6266666666666667
66759,0.7066666666666667
66760,0.58
66761,0.35833333333333334
66762,0.24000000000000005
66763,0.19166666666666665
66764,0.665
66765,0.13666666666666666
66766,0.6633333333333333
66767,0.24666666666666665
66768,0.33499999999999996
66769,0.11166666666666666
66770,0.5
66771,0.665
66772,0.15833333333333333
66773,0.025
66774,0.30500000000000005
66775,0.25833333333333336
66776,0.5416666666666667
66777,0.17666666666666667
66778,0.3583333333333333
66779,0.04166666666666667
66780,0.6766666666666666
66781,0.043333333333333335
66782,0.33
66783,0.3566666666666667
66784,0.295
66785,0.6033333333333333
66786,0.24
66787,0.3866666666666667
66788,0.2583333333333333
66789,0.20166666666666666
66790,0.26666666666666666
66791,0.23166666666666666
66792,0.24666666666666667
66793,0.54
66794,0.09833333333333333
66795,0.13166666666666668
66796,0.44666666666666666
66797,0.515
66798,0.17
66799,0.43500000000000005
66800,0.21833333333333332
66801,0.66
66802,0.485
66803,0.7916666666666667
66804,0.615
66805,0.4083333333333333
66806,0.016666666666666666
66807,0.3816666666666667
66808,0.23333333333333334
66809,0.925
66810,0.2816666666666667
66811,0.37
66812,0.5266666666666666
66813,0.7433333333333333
66814,0.185
66815,0.725
66816,0.185
66817,0.09
66818,0.44999999999999996
66819,0.7133333333333333
66820,0.2533333333333333
66821,0.62
66822,0.45
66823,0.11333333333333333
66824,0.2733333333333333
66825,0.56
66826,0.16999999999999998
66827,0.21666666666666665
66828,0.7666666666666666
66829,0.32833333333333337
66830,0.42166666666666663
66831,0.14166666666666666
66832,0.5916666666666667
66833,0.16666666666666666
66834,0.19833333333333333
66835,0.6683333333333333
66836,0.7650000000000001
66837,0.29000000000000004
66838,0.23000000000000004
66839,0.03
66840,0.25166666666666665
66841,0.18333333333333332
66842,0.99
66843,0.2683333333333333
66844,0.4183333333333334
66845,0.7200000000000001
66846,0.4083333333333333
66847,0.21333333333333332
66848,0.21333333333333335
66849,0.31
66850,0.6849999999999999
66851,0.7949999999999999
66852,0.06166666666666667
66853,0.5866666666666667
66854,0.20666666666666667
66855,0.43166666666666675
66856,0.9233333333333333
66857,0.38
66858,0.2
66859,0.27666666666666667
66860,0.30333333333333334
66861,0.4700000000000001
66862,0.595
66863,0.27
66864,0.36333333333333334
66865,0.5366666666666667
66866,0.265
66867,0.7183333333333333
66868,0.065
66869,0.5516666666666666
66870,0.11333333333333334
66871,0.5133333333333333
66872,0.885
66873,0.5966666666666667
66874,0.26333333333333336
66875,0.17833333333333334
66876,0.008333333333333333
66877,0.59
66878,0.135
66879,0.30333333333333334
66880,0.8283333333333333
66881,0.051666666666666666
66882,0.7183333333333334
66883,0.9233333333333333
66884,0.38999999999999996
66885,0.21
66886,0.30333333333333334
66887,0.12833333333333333
66888,0.3666666666666667
66889,0.8266666666666668
66890,0.4083333333333333
66891,0.9449999999999998
66892,0.6066666666666667
66893,0.04
66894,0.935
66895,0.44499999999999995
66896,0.48
66897,0.15000000000000002
66898,0.11166666666666666
66899,0.4816666666666667
66900,0.19
66901,0.04666666666666667
66902,0.5549999999999999
66903,0.27999999999999997
66904,0.3283333333333333
66905,0.6433333333333333
66906,0.9666666666666667
66907,0.225
66908,0.3016666666666667
66909,0.25166666666666665
66910,0.23
66911,0.235
66912,0.4
66913,0.495
66914,0.5716666666666667
66915,0.375
66916,0.15333333333333332
66917,0.011666666666666667
66918,0.5516666666666666
66919,0.285
66920,0.7216666666666667
66921,0.13166666666666668
66922,0.76
66923,0.6316666666666666
66924,0.295
66925,0.2683333333333333
66926,0.41500000000000004
66927,0.20333333333333334
66928,0.2533333333333333
66929,0.19999999999999998
66930,0.525
66931,0.07333333333333333
66932,0.17166666666666666
66933,0.03333333333333333
66934,0.015000000000000001
66935,0.5683333333333332
66936,0.21833333333333332
66937,0.10833333333333334
66938,0.7
66939,0.08166666666666667
66940,0.2066666666666667
66941,0.7533333333333333
66942,0.07999999999999999
66943,0.028333333333333335
66944,0.44666666666666666
66945,0.22666666666666668
66946,0.43166666666666664
66947,0.02666666666666667
66948,0.28833333333333333
66949,0.3783333333333333
66950,0.9716666666666667
66951,0.65
66952,0.3583333333333333
66953,0.255
66954,0.5783333333333334
66955,0.175
66956,0.028333333333333335
66957,0.03166666666666666
66958,0.5399999999999999
66959,0.20166666666666666
66960,0.2783333333333333
66961,0.315
66962,0.13999999999999999
66963,0.7749999999999999
66964,0.22166666666666668
66965,0.5716666666666667
66966,0.38
66967,0.46499999999999997
66968,0.35666666666666663
66969,0.53
66970,0.18666666666666668
66971,0.6783333333333333
66972,0.16666666666666669
66973,0.41000000000000003
66974,0.6866666666666666
66975,0.07500000000000001
66976,0.21333333333333332
66977,0.3966666666666666
66978,0.07666666666666667
66979,0.7899999999999999
66980,0.16999999999999998
66981,0.5599999999999999
66982,0.34833333333333333
66983,0.04
66984,0.2033333333333333
66985,0.13
66986,0.34833333333333333
66987,0.5766666666666667
66988,0.23333333333333334
66989,0.38666666666666666
66990,0.575
66991,0.26833333333333337
66992,0.38
66993,0.585
66994,0.3
66995,0.8983333333333333
66996,0.655
66997,0.33999999999999997
66998,0.4216666666666667
66999,0.6083333333333334
67000,0.345
67001,0.3383333333333333
67002,0.18166666666666664
67003,0.595
67004,0.4883333333333333
67005,0.5700000000000001
67006,0.7366666666666666
67007,0.725
67008,0.12333333333333335
67009,0.20333333333333334
67010,0.1
67011,0.19666666666666666
67012,0.7333333333333334
67013,0.9949999999999999
67014,0.4966666666666667
67015,0.39999999999999997
67016,0.29333333333333333
67017,0.6183333333333334
67018,0.49
67019,0.5016666666666667
67020,0.6983333333333334
67021,0.25166666666666665
67022,0.028333333333333335
67023,0.13499999999999998
67024,0.3983333333333333
67025,0.26333333333333336
67026,0.30333333333333334
67027,0.745
67028,0.08499999999999999
67029,0.6533333333333333
67030,0.38999999999999996
67031,0.65
67032,0.4716666666666667
67033,0.33499999999999996
67034,0.15
67035,0.19833333333333333
67036,0.19999999999999998
67037,0.13333333333333336
67038,0.4666666666666667
67039,0.355
67040,0.7616666666666667
67041,0.35333333333333333
67042,0.83
67043,0.1366666666666667
67044,0.67
67045,0.9183333333333334
67046,0.21166666666666667
67047,0.8716666666666666
67048,0.6383333333333333
67049,0.09166666666666667
67050,0.305
67051,0.17166666666666666
67052,0.46166666666666667
67053,0.7033333333333333
67054,0.635
67055,0.01
67056,0.44666666666666666
67057,0.05333333333333334
67058,0.015000000000000001
67059,0.10166666666666667
67060,0.23333333333333334
67061,0.9016666666666666
67062,0.28500000000000003
67063,0.52
67064,0.36333333333333334
67065,0.3433333333333333
67066,0.11333333333333333
67067,0.6383333333333333
67068,0.26333333333333336
67069,0.045
67070,0.18
67071,0.26166666666666666
67072,0.3133333333333333
67073,0.23333333333333334
67074,0.3983333333333333
67075,0.22333333333333333
67076,0.095
67077,0.9033333333333333
67078,0.625
67079,0.205
67080,0.22833333333333333
67081,0.8383333333333333
67082,0.2566666666666667
67083,0.7216666666666667
67084,0.545
67085,0.16
67086,0.5566666666666666
67087,0.6433333333333333
67088,0.21000000000000002
67089,0.12333333333333334
67090,0.043333333333333335
67091,0.3016666666666667
67092,0.8366666666666667
67093,0.30166666666666664
67094,0.365
67095,0.195
67096,0.3383333333333334
67097,0.625
67098,0.36
67099,0.05666666666666667
67100,0.14666666666666667
67101,0.07833333333333334
67102,0.12166666666666667
67103,0.175
67104,0.33333333333333337
67105,0.44333333333333336
67106,0.15
67107,0.9166666666666667
67108,0.33666666666666667
67109,0.455
67110,0.565
67111,0.2366666666666667
67112,0.3466666666666667
67113,0.2816666666666666
67114,0.17666666666666667
67115,0.7633333333333333
67116,0.2
67117,0.043333333333333335
67118,0.05666666666666667
67119,0.96
67120,0.2533333333333333
67121,0.12833333333333333
67122,0.3383333333333334
67123,0.41333333333333333
67124,0.03333333333333333
67125,0.49
67126,0.15
67127,0.5233333333333333
67128,0.5916666666666667
67129,0.23
67130,0.5066666666666667
67131,0.5533333333333333
67132,0.6883333333333332
67133,0.011666666666666667
67134,0.6716666666666666
67135,0.44666666666666666
67136,0.9266666666666667
67137,0.058333333333333334
67138,0.175
67139,0.13166666666666665
67140,0.5816666666666667
67141,0.15333333333333332
67142,0.013333333333333334
67143,0.44166666666666665
67144,0.9199999999999999
67145,0.2733333333333333
67146,0.81
67147,0.24833333333333335
67148,0.105
67149,0.051666666666666666
67150,0.22666666666666668
67151,0.035
67152,0.09666666666666665
67153,0.23333333333333334
67154,0.3133333333333333
67155,0.31333333333333335
67156,0.10999999999999999
67157,0.33999999999999997
67158,0.6166666666666667
67159,0.3416666666666667
67160,0.5633333333333334
67161,0.20333333333333334
67162,0.14500000000000002
67163,0.13
67164,0.13
67165,0.14833333333333332
67166,0.3416666666666666
67167,0.31333333333333335
67168,0.435
67169,0.15
67170,0.9783333333333333
67171,0.29333333333333333
67172,0.035
67173,0.135
67174,0.545
67175,0.7383333333333334
67176,0.9633333333333332
67177,0.6033333333333333
67178,0.5633333333333334
67179,0.04666666666666667
67180,0.2633333333333333
67181,0.6383333333333333
67182,0.018333333333333333
67183,0.255
67184,0.2766666666666666
67185,0.86
67186,0.9550000000000001
67187,0.23500000000000001
67188,0.515
67189,0.018333333333333333
67190,0.015
67191,0.36833333333333335
67192,0.25
67193,0.4833333333333333
67194,0.6116666666666667
67195,0.15333333333333332
67196,0.6483333333333333
67197,0.4983333333333334
67198,0.13333333333333333
67199,0.8633333333333333
67200,0.16666666666666666
67201,0.40166666666666667
67202,0.08499999999999999
67203,0.03666666666666667
67204,0.45166666666666666
67205,0.5333333333333333
67206,0.8133333333333332
67207,0.04
67208,0.32666666666666666
67209,0.8433333333333334
67210,0.5466666666666666
67211,0.14166666666666666
67212,0.30333333333333334
67213,0.25666666666666665
67214,0.35000000000000003
67215,0.205
67216,0.33833333333333326
67217,0.21833333333333332
67218,0.18833333333333335
67219,0.40666666666666673
67220,0.22499999999999998
67221,0.4716666666666667
67222,0.8116666666666665
67223,0.695
67224,0.17
67225,0.03166666666666666
67226,0.6166666666666667
67227,0.30166666666666664
67228,0.33666666666666667
67229,0.845
67230,0.11499999999999999
67231,0.26
67232,0.6466666666666666
67233,0.7183333333333333
67234,0.3466666666666667
67235,0.22666666666666668
67236,0.775
67237,0.5866666666666667
67238,0.9283333333333332
67239,0.18999999999999997
67240,0.2683333333333333
67241,0.19833333333333333
67242,0.005
67243,0.14666666666666667
67244,0.08166666666666667
67245,0.4083333333333333
67246,0.9083333333333334
67247,0.32666666666666666
67248,0.6583333333333333
67249,0.18666666666666668
67250,0.29000000000000004
67251,0.2
67252,0.18833333333333332
67253,0.9100000000000001
67254,0.10333333333333333
67255,0.3966666666666666
67256,0.9116666666666666
67257,0.7766666666666666
67258,0.2866666666666667
67259,0.27166666666666667
67260,0.8400000000000001
67261,0.20166666666666666
67262,0.16833333333333333
67263,0.7666666666666666
67264,0.9516666666666667
67265,0.19166666666666668
67266,0.535
67267,0.98
67268,0.29833333333333334
67269,0.82
67270,0.1
67271,0.8433333333333333
67272,0.5466666666666666
67273,0.7549999999999999
67274,0.175
67275,0.5750000000000001
67276,0.235
67277,0.7083333333333334
67278,0.68
67279,0.9666666666666667
67280,0.025
67281,0.026666666666666665
67282,0.11333333333333334
67283,0.25833333333333336
67284,0.375
67285,0.02
67286,0.775
67287,0.315
67288,0.14166666666666666
67289,0.23833333333333334
67290,0.06999999999999999
67291,0.11333333333333334
67292,0.32999999999999996
67293,0.13
67294,0.12833333333333333
67295,0.5533333333333333
67296,0.7899999999999999
67297,0.44833333333333336
67298,0.29333333333333333
67299,0.3383333333333333
67300,0.15
67301,0.235
67302,0.785
67303,0.2683333333333333
67304,0.7133333333333333
67305,0.10833333333333334
67306,0.42500000000000004
67307,0.84
67308,0.3933333333333333
67309,0.2833333333333333
67310,0.2366666666666667
67311,0.9833333333333334
67312,0.16
67313,0.2583333333333333
67314,0.6283333333333333
67315,0.9633333333333334
67316,0.5166666666666666
67317,0.16999999999999998
67318,0.2816666666666667
67319,0.15333333333333332
67320,0.31333333333333335
67321,0.635
67322,0.3616666666666667
67323,0.015
67324,0.17833333333333334
67325,0.4733333333333334
67326,0.18166666666666667
67327,0.15333333333333332
67328,0.7816666666666667
67329,0.365
67330,0.2816666666666667
67331,0.43500000000000005
67332,0.7816666666666666
67333,0.03333333333333333
67334,0.25833333333333336
67335,0.6516666666666666
67336,0.7983333333333333
67337,0.295
67338,0.5833333333333333
67339,0.3016666666666667
67340,0.19
67341,0.07
67342,0.5533333333333333
67343,0.2783333333333334
67344,0.14
67345,0.10999999999999999
67346,0.18833333333333335
67347,0.5366666666666666
67348,0.18
67349,0.645
67350,0.04666666666666666
67351,0.48
67352,0.5733333333333334
67353,0.31833333333333336
67354,0.355
67355,0.17666666666666667
67356,0.20666666666666667
67357,0.635
67358,0.2916666666666667
67359,0.18833333333333335
67360,0.9433333333333334
67361,0.43333333333333335
67362,0.025
67363,0.355
67364,0.22166666666666668
67365,0.011666666666666667
67366,0.4216666666666667
67367,0.2583333333333333
67368,0.4283333333333334
67369,0.615
67370,0.21833333333333332
67371,0.5166666666666667
67372,0.20166666666666666
67373,0.08
67374,0.58
67375,0.24333333333333335
67376,0.13
67377,0.37
67378,0.725
67379,0.18
67380,0.21666666666666667
67381,0.9666666666666668
67382,0.2833333333333333
67383,0.1
67384,0.6499999999999999
67385,0.3
67386,0.26333333333333336
67387,0.10833333333333332
67388,0.22500000000000003
67389,0.2633333333333333
67390,0.7216666666666667
67391,0.815
67392,0.3133333333333333
67393,0.6633333333333333
67394,0.245
67395,0.6716666666666666
67396,0.4883333333333333
67397,0.495
67398,0.27666666666666667
67399,0.2583333333333333
67400,0.32333333333333336
67401,0.44333333333333336
67402,0.27
67403,0.345
67404,0.27166666666666667
67405,0.6266666666666666
67406,0.25166666666666665
67407,0.645
67408,0.28833333333333333
67409,0.32166666666666666
67410,0.13333333333333336
67411,0.29333333333333333
67412,0.35833333333333334
67413,0.16333333333333333
67414,0.05666666666666667
67415,0.3416666666666667
67416,0.32166666666666666
67417,0.4066666666666667
67418,0.32166666666666666
67419,0.19999999999999998
67420,0.40499999999999997
67421,0.13
67422,0.6116666666666666
67423,0.008333333333333333
67424,0.45666666666666667
67425,0.9266666666666666
67426,0.595
67427,0.19333333333333333
67428,0.12
67429,0.21166666666666667
67430,0.9266666666666667
67431,0.13
67432,0.3983333333333333
67433,0.49
67434,0.23000000000000004
67435,0.16333333333333333
67436,0.6
67437,0.615
67438,0.015000000000000001
67439,0.6316666666666666
67440,0.06833333333333333
67441,0.8983333333333334
67442,0.16166666666666668
67443,0.7050000000000001
67444,0.9833333333333333
67445,0.355
67446,0.6933333333333334
67447,0.2483333333333333
67448,0.06666666666666667
67449,0.555
67450,0.4033333333333334
67451,0.12666666666666668
67452,0.28833333333333333
67453,0.15
67454,0.17166666666666666
67455,0.05333333333333333
67456,0.37
67457,0.6316666666666666
67458,0.61
67459,0.6
67460,0.6033333333333333
67461,0.355
67462,0.9983333333333333
67463,0.03166666666666666
67464,0.9166666666666667
67465,0.5116666666666667
67466,0.028333333333333335
67467,0.365
67468,0.7516666666666666
67469,0.19333333333333333
67470,0.17666666666666667
67471,0.095
67472,0.22333333333333333
67473,0.4683333333333334
67474,0.44333333333333336
67475,0.485
67476,0.32
67477,0.6033333333333333
67478,0.23166666666666666
67479,0.060000000000000005
67480,0.15833333333333333
67481,0.021666666666666667
67482,0.27499999999999997
67483,0.44999999999999996
67484,0.30500000000000005
67485,0.37666666666666665
67486,0.11333333333333333
67487,0.025
67488,0.5499999999999999
67489,0.24833333333333335
67490,0.7883333333333333
67491,0.7483333333333333
67492,0.305
67493,0.6733333333333333
67494,0.9083333333333333
67495,0.275
67496,0.12333333333333334
67497,0.25666666666666665
67498,0.07333333333333333
67499,0.65
67500,0.3516666666666667
67501,0.9133333333333333
67502,0.028333333333333335
67503,0.5616666666666666
67504,0.7416666666666667
67505,0.24333333333333335
67506,0.915
67507,0.12666666666666668
67508,0.245
67509,0.2233333333333333
67510,0.8
67511,0.2416666666666667
67512,0.7366666666666667
67513,0.295
67514,0.6783333333333333
67515,0.8500000000000001
67516,0.925
67517,0.6683333333333333
67518,0.6466666666666667
67519,0.75
67520,0.7333333333333333
67521,0.27666666666666667
67522,0.7383333333333333
67523,0.52
67524,0.67
67525,0.19166666666666668
67526,0.375
67527,0.8400000000000001
67528,0.06833333333333333
67529,0.45833333333333337
67530,0.5433333333333333
67531,0.8400000000000001
67532,0.0033333333333333335
67533,0.07166666666666667
67534,0.065
67535,0.3733333333333333
67536,0.32
67537,0.14666666666666667
67538,0.7066666666666667
67539,0.24
67540,0.26
67541,0.16833333333333336
67542,0.3883333333333333
67543,0.12666666666666668
67544,0.40166666666666667
67545,0.03
67546,0.255
67547,0.2
67548,0.45666666666666667
67549,0.325
67550,0.17333333333333334
67551,0.19833333333333333
67552,0.45
67553,0.18833333333333332
67554,0.22
67555,0.3566666666666667
67556,0.45499999999999996
67557,0.5599999999999999
67558,0.9833333333333334
67559,0.17166666666666666
67560,0.04
67561,0.25
67562,0.265
67563,0.4633333333333334
67564,0.49
67565,0.32999999999999996
67566,0.4033333333333333
67567,0.13333333333333333
67568,0.03
67569,0.7333333333333334
67570,0.15333333333333332
67571,0.5683333333333334
67572,0.02
67573,0.5366666666666666
67574,0.54
67575,0.013333333333333334
67576,0.8866666666666667
67577,0.6316666666666666
67578,0.09833333333333333
67579,0.02666666666666667
67580,0.018333333333333333
67581,0.29000000000000004
67582,0.39
67583,0.6383333333333333
67584,0.8683333333333334
67585,0.9033333333333333
67586,0.011666666666666667
67587,0.46499999999999997
67588,0.875
67589,0.99
67590,0.3333333333333333
67591,0.13
67592,0.37
67593,0.10500000000000001
67594,0.5633333333333332
67595,0.37333333333333335
67596,0.65
67597,0.24
67598,0.31
67599,0.6983333333333334
67600,0.6966666666666667
67601,0.04666666666666667
67602,0.3333333333333333
67603,0.32333333333333336
67604,0.5866666666666667
67605,0.29833333333333334
67606,0.495
67607,0.21833333333333335
67608,0.04666666666666667
67609,0.3483333333333334
67610,0.28
67611,0.13666666666666666
67612,0.5433333333333333
67613,0.28833333333333333
67614,0.33
67615,0.6416666666666667
67616,0.035
67617,0.011666666666666667
67618,0.5466666666666666
67619,0.026666666666666665
67620,0.29333333333333333
67621,0.36833333333333335
67622,0.63
67623,0.5266666666666667
67624,0.25833333333333336
67625,0.7616666666666666
67626,0.03833333333333333
67627,0.3566666666666667
67628,0.21166666666666667
67629,0.22499999999999998
67630,0.33666666666666667
67631,0.15333333333333335
67632,0.21666666666666667
67633,0.15333333333333332
67634,0.6849999999999999
67635,0.8216666666666665
67636,0.7866666666666666
67637,0.4716666666666667
67638,0.6516666666666667
67639,0.16999999999999998
67640,0.10833333333333334
67641,0.47333333333333333
67642,0.11166666666666668
67643,0.021666666666666667
67644,0.24833333333333335
67645,0.24166666666666667
67646,0.36
67647,0.10333333333333333
67648,0.22666666666666666
67649,0.43500000000000005
67650,0.6633333333333333
67651,0.14
67652,0.255
67653,0.6183333333333333
67654,0.2683333333333333
67655,0.7366666666666666
67656,0.02
67657,0.21333333333333332
67658,0.5383333333333334
67659,0.275
67660,0.6866666666666668
67661,0.2683333333333333
67662,0.9616666666666667
67663,0.2733333333333333
67664,0.7749999999999999
67665,0.9916666666666666
67666,0.4733333333333333
67667,0.01
67668,0.6283333333333333
67669,0.4866666666666667
67670,0.7216666666666667
67671,0.7166666666666667
67672,0.08666666666666667
67673,0.3433333333333333
67674,0.3883333333333333
67675,0.5366666666666666
67676,0.265
67677,0.7683333333333333
67678,0.1433333333333333
67679,0.03666666666666667
67680,0.31
67681,0.8783333333333333
67682,0.19666666666666666
67683,0.855
67684,0.15666666666666668
67685,0.6816666666666666
67686,0.1716666666666667
67687,0.5316666666666666
67688,0.33499999999999996
67689,0.42166666666666663
67690,0.8066666666666666
67691,0.35500000000000004
67692,0.205
67693,0.34500000000000003
67694,0.18333333333333332
67695,0.9450000000000001
67696,0.034999999999999996
67697,0.5733333333333334
67698,0.24333333333333335
67699,0.335
67700,0.405
67701,0.10333333333333333
67702,0.335
67703,0.195
67704,0.94
67705,0.45833333333333337
67706,0.19833333333333333
67707,0.36333333333333334
67708,0.12833333333333333
67709,0.30166666666666664
67710,0.43166666666666664
67711,0.5449999999999999
67712,0.28
67713,0.6116666666666666
67714,0.22666666666666668
67715,0.33666666666666667
67716,0.20500000000000002
67717,0.5966666666666667
67718,0.5616666666666666
67719,0.905
67720,0.021666666666666667
67721,0.7733333333333334
67722,0.325
67723,0.42333333333333334
67724,0.375
67725,0.25
67726,0.795
67727,0.5466666666666667
67728,0.9166666666666666
67729,0.6716666666666666
67730,0.31333333333333335
67731,0.4983333333333334
67732,0.3
67733,0.06333333333333334
67734,0.24666666666666667
67735,0.5133333333333333
67736,0.33499999999999996
67737,0.885
67738,0.25
67739,0.22999999999999998
67740,0.2516666666666667
67741,0.6733333333333333
67742,0.6983333333333334
67743,0.645
67744,0.3483333333333333
67745,0.41500000000000004
67746,0.34833333333333333
67747,0.54
67748,0.34833333333333333
67749,0.21666666666666667
67750,0.15666666666666668
67751,0.1816666666666667
67752,0.6
67753,0.008333333333333333
67754,0.2466666666666667
67755,0.02
67756,0.7233333333333333
67757,0.6950000000000001
67758,0.7433333333333334
67759,0.9116666666666666
67760,0.33
67761,0.3883333333333334
67762,0.4066666666666666
67763,0.2
67764,0.6633333333333333
67765,0.016666666666666666
67766,0.315
67767,0.2833333333333333
67768,0.36
67769,0.055
67770,0.03166666666666666
67771,0.37666666666666665
67772,0.23666666666666664
67773,0.44833333333333336
67774,0.16833333333333333
67775,0.6733333333333333
67776,0.05499999999999999
67777,0.16999999999999998
67778,0.8200000000000001
67779,0.41833333333333333
67780,0.45499999999999996
67781,0.6883333333333334
67782,0.011666666666666667
67783,0.25833333333333336
67784,0.21166666666666667
67785,0.8833333333333333
67786,0.36666666666666664
67787,0.735
67788,0.26166666666666666
67789,0.5549999999999999
67790,0.04166666666666667
67791,0.02
67792,0.14833333333333334
67793,0.2783333333333334
67794,0.16499999999999998
67795,0.14166666666666666
67796,0.33166666666666667
67797,0.20500000000000002
67798,0.15333333333333335
67799,0.38
67800,0.27166666666666667
67801,0.5916666666666667
67802,0.5516666666666666
67803,0.25333333333333335
67804,0.8116666666666668
67805,0.25333333333333335
67806,0.6466666666666666
67807,0.245
67808,0.5700000000000001
67809,0.8166666666666667
67810,0.325
67811,0.5750000000000001
67812,0.33499999999999996
67813,0.38
67814,0.19666666666666666
67815,0.3416666666666667
67816,0.125
67817,0.31
67818,0.07
67819,0.20833333333333331
67820,0.625
67821,0.45166666666666666
67822,0.016666666666666666
67823,0.04
67824,0.09333333333333334
67825,0.3966666666666667
67826,0.26166666666666666
67827,0.175
67828,0.5466666666666667
67829,0.3816666666666667
67830,0.5016666666666667
67831,0.7066666666666667
67832,0.06166666666666666
67833,0.3516666666666667
67834,0.475
67835,0.22
67836,0.43499999999999994
67837,0.025
67838,0.3583333333333334
67839,0.44166666666666665
67840,0.016666666666666666
67841,0.028333333333333335
67842,0.42
67843,0.09333333333333332
67844,0.24166666666666667
67845,0.305
67846,0.22499999999999998
67847,0.245
67848,0.06333333333333334
67849,0.2783333333333333
67850,0.26
67851,0.365
67852,0.13166666666666665
67853,0.05833333333333333
67854,0.5133333333333334
67855,0.185
67856,0.23333333333333334
67857,0.055
67858,0.16
67859,0.17833333333333332
67860,0.5349999999999999
67861,0.10666666666666666
67862,0.6833333333333333
67863,0.023333333333333334
67864,0.22499999999999998
67865,0.68
67866,0.585
67867,0.3533333333333334
67868,0.18666666666666668
67869,0.6783333333333333
67870,0.018333333333333333
67871,0.21833333333333332
67872,0.47
67873,0.039999999999999994
67874,0.04166666666666667
67875,0.45833333333333337
67876,0.25666666666666665
67877,0.20333333333333334
67878,0.33
67879,0.6283333333333333
67880,0.11666666666666667
67881,0.31
67882,0.5399999999999999
67883,0.018333333333333333
67884,0.38166666666666665
67885,0.42166666666666663
67886,0.35
67887,0.01
67888,0.8116666666666668
67889,0.49166666666666664
67890,0.25
67891,0.09333333333333334
67892,0.0033333333333333335
67893,0.9416666666666667
67894,0.42666666666666664
67895,0.26
67896,0.7016666666666667
67897,0.23333333333333334
67898,0.40666666666666673
67899,0.6583333333333332
67900,0.03666666666666666
67901,0.3516666666666667
67902,0.17666666666666667
67903,0.6866666666666666
67904,0.98
67905,0.0033333333333333335
67906,0.43999999999999995
67907,0.42833333333333334
67908,0.043333333333333335
67909,0.36
67910,0.265
67911,0.22666666666666668
67912,0.16
67913,0.35833333333333334
67914,0.17666666666666667
67915,0.18333333333333335
67916,0.2516666666666667
67917,0.33333333333333337
67918,0.6783333333333333
67919,0.33
67920,0.3433333333333333
67921,0.19166666666666665
67922,0.7
67923,0.32
67924,0.43833333333333335
67925,0.6116666666666666
67926,0.7849999999999999
67927,0.21666666666666667
67928,0.03666666666666667
67929,0.16333333333333336
67930,0.03
67931,0.26333333333333336
67932,0.43833333333333335
67933,0.245
67934,0.22999999999999998
67935,0.5766666666666667
67936,0.295
67937,0.2033333333333333
67938,0.39999999999999997
67939,0.055
67940,0.29500000000000004
67941,0.5666666666666667
67942,0.41666666666666663
67943,0.6483333333333333
67944,0.6783333333333333
67945,0.22666666666666668
67946,0.245
67947,0.03833333333333333
67948,0.2733333333333333
67949,0.4816666666666666
67950,0.3516666666666667
67951,0.6549999999999999
67952,0.225
67953,0.18666666666666665
67954,0.51
67955,0.4666666666666667
67956,0.20500000000000002
67957,0.11000000000000001
67958,0.1366666666666667
67959,0.44666666666666666
67960,0.5683333333333334
67961,0.765
67962,0.37333333333333335
67963,0.7916666666666667
67964,0.26
67965,0.66
67966,0.04666666666666667
67967,0.145
67968,0.17
67969,0.305
67970,0.33
67971,0.006666666666666667
67972,0.5866666666666667
67973,0.08833333333333335
67974,0.06
67975,0.28
67976,0.23833333333333334
67977,0.605
67978,0.20666666666666667
67979,0.725
67980,0.015
67981,0.2816666666666667
67982,0.9166666666666667
67983,0.7266666666666667
67984,0.5866666666666667
67985,0.6699999999999999
67986,0.01
67987,0.46166666666666667
67988,0.8833333333333333
67989,0.385
67990,0.6683333333333333
67991,0.6233333333333333
67992,0.07
67993,0.195
67994,0.5483333333333333
67995,0.2816666666666666
67996,0.28833333333333333
67997,0.2
67998,0.2516666666666667
67999,0.905
68000,0.10833333333333334
68001,0.6866666666666666
68002,0.38333333333333336
68003,0.9266666666666667
68004,0.705
68005,0.7866666666666668
68006,0.7200000000000001
68007,0.33499999999999996
68008,0.20166666666666666
68009,0.7233333333333334
68010,0.25166666666666665
68011,0.6133333333333334
68012,0.09000000000000001
68013,0.9816666666666666
68014,0.3383333333333333
68015,0.6016666666666667
68016,0.9199999999999999
68017,0.15833333333333333
68018,0.7533333333333333
68019,0.05
68020,0.565
68021,0.02333333333333333
68022,0.21833333333333332
68023,0.3466666666666667
68024,0.27166666666666667
68025,0.5916666666666667
68026,0.5266666666666667
68027,0.9533333333333334
68028,0.745
68029,0.66
68030,0.3516666666666666
68031,0.35833333333333334
68032,0.15166666666666667
68033,0.365
68034,0.915
68035,0.915
68036,0.19500000000000003
68037,0.17666666666666667
68038,0.13166666666666665
68039,0.08666666666666667
68040,0.8583333333333332
68041,0.5416666666666667
68042,0.16
68043,0.11333333333333334
68044,0.4583333333333333
68045,0.5583333333333333
68046,0.7316666666666667
68047,0.45666666666666667
68048,0.11
68049,0.8566666666666667
68050,0.41666666666666663
68051,0.59
68052,0.7033333333333334
68053,0.1433333333333333
68054,0.13833333333333334
68055,0.33999999999999997
68056,0.23166666666666663
68057,0.7816666666666666
68058,0.19999999999999996
68059,0.17833333333333332
68060,0.3566666666666667
68061,0.6683333333333333
68062,0.17
68063,0.9299999999999999
68064,0.21333333333333332
68065,0.21000000000000002
68066,0.3833333333333333
68067,0.9566666666666666
68068,0.39666666666666667
68069,0.22166666666666668
68070,0.4716666666666667
68071,0.23333333333333334
68072,0.04166666666666667
68073,0.9883333333333333
68074,0.865
68075,0.28833333333333333
68076,0.355
68077,0.6583333333333333
68078,0.9533333333333333
68079,0.45999999999999996
68080,0.28833333333333333
68081,0.03666666666666667
68082,0.3983333333333333
68083,0.008333333333333333
68084,0.435
68085,0.035
68086,0.7
68087,0.13166666666666668
68088,0.38666666666666666
68089,0.24833333333333335
68090,0.14
68091,0.845
68092,0.3616666666666667
68093,0.37999999999999995
68094,0.3766666666666667
68095,0.18166666666666664
68096,0.7433333333333334
68097,0.22166666666666668
68098,0.9483333333333333
68099,0.9916666666666667
68100,0.395
68101,0.31166666666666665
68102,0.17666666666666667
68103,0.22999999999999998
68104,0.4066666666666666
68105,0.695
68106,0.31333333333333335
68107,0.5516666666666666
68108,0.7583333333333333
68109,0.11000000000000001
68110,0.165
68111,0.8133333333333332
68112,0.29833333333333334
68113,0.52
68114,0.3283333333333333
68115,0.13333333333333336
68116,0.16333333333333333
68117,0.28833333333333333
68118,0.66
68119,0.16833333333333333
68120,0.6766666666666667
68121,0.22999999999999998
68122,0.32666666666666666
68123,0.5700000000000001
68124,0.6916666666666667
68125,0.31
68126,0.52
68127,0.15333333333333332
68128,0.18
68129,0.8766666666666667
68130,0.8633333333333333
68131,0.7516666666666667
68132,0.6816666666666666
68133,0.2366666666666667
68134,0.3633333333333334
68135,0.43499999999999994
68136,0.6266666666666667
68137,0.6316666666666666
68138,0.27499999999999997
68139,0.7283333333333333
68140,0.8300000000000001
68141,0.7166666666666667
68142,0.35333333333333333
68143,0.19333333333333333
68144,0.06666666666666667
68145,0.6233333333333334
68146,0.3966666666666666
68147,0.275
68148,0.6466666666666666
68149,0.40166666666666667
68150,0.36833333333333335
68151,0.285
68152,0.335
68153,0.36
68154,0.47333333333333333
68155,0.2683333333333333
68156,0.17666666666666667
68157,0.6466666666666666
68158,0.8633333333333333
68159,0.19999999999999998
68160,0.19333333333333333
68161,0.11333333333333334
68162,0.145
68163,0.3716666666666667
68164,0.4833333333333334
68165,0.275
68166,0.015
68167,0.3816666666666667
68168,0.275
68169,0.3483333333333334
68170,0.5716666666666667
68171,0.03333333333333333
68172,0.33833333333333326
68173,0.2
68174,0.5983333333333334
68175,0.05333333333333333
68176,0.9183333333333333
68177,0.2333333333333333
68178,0.6849999999999999
68179,0.3433333333333333
68180,0.7
68181,0.5283333333333333
68182,0.49333333333333335
68183,0.9333333333333333
68184,0.44000000000000006
68185,0.7366666666666667
68186,0.79
68187,0.3183333333333333
68188,0.19
68189,0.5616666666666666
68190,0.48333333333333334
68191,0.5533333333333333
68192,0.19666666666666668
68193,0.7283333333333334
68194,0.03166666666666667
68195,0.6833333333333333
68196,0.22500000000000003
68197,0.265
68198,0.39499999999999996
68199,0.6216666666666667
68200,0.555
68201,0.23666666666666664
68202,0.30833333333333335
68203,0.10333333333333333
68204,0.9750000000000001
68205,0.7383333333333333
68206,0.19166666666666665
68207,0.38333333333333336
68208,0.42833333333333334
68209,0.11666666666666667
68210,0.7116666666666667
68211,0.36333333333333334
68212,0.3933333333333333
68213,0.13666666666666666
68214,0.03166666666666667
68215,0.04
68216,0.185
68217,0.20333333333333334
68218,0.11333333333333334
68219,0.3
68220,0.285
68221,0.32
68222,0.5033333333333334
68223,0.3833333333333333
68224,0.8283333333333333
68225,0.28833333333333333
68226,0.3566666666666667
68227,0.8816666666666666
68228,0.8083333333333332
68229,0.34833333333333333
68230,0.21333333333333335
68231,0.011666666666666667
68232,0.05500000000000001
68233,0.295
68234,0.3116666666666667
68235,0.11333333333333334
68236,0.45333333333333337
68237,0.32833333333333337
68238,0.14166666666666666
68239,0.14833333333333334
68240,0.49833333333333335
68241,0.6399999999999999
68242,0.19
68243,0.4716666666666667
68244,0.215
68245,0.375
68246,0.27999999999999997
68247,0.385
68248,0.355
68249,0.26666666666666666
68250,0.72
68251,0.011666666666666667
68252,0.8133333333333334
68253,0.6283333333333333
68254,0.17333333333333334
68255,0.11166666666666666
68256,0.175
68257,0.09166666666666666
68258,0.975
68259,0.6016666666666667
68260,0.045
68261,0.21333333333333332
68262,0.39666666666666667
68263,0.20333333333333334
68264,0.7183333333333334
68265,0.9916666666666667
68266,0.6066666666666666
68267,0.7016666666666667
68268,0.6816666666666666
68269,0.34500000000000003
68270,0.13
68271,0.14500000000000002
68272,0.3416666666666667
68273,0.47
68274,0.14
68275,0.35000000000000003
68276,0.8899999999999999
68277,0.23333333333333334
68278,0.07333333333333333
68279,0.08166666666666667
68280,0.13166666666666668
68281,0.6733333333333333
68282,0.725
68283,0.0016666666666666668
68284,0.1716666666666667
68285,0.3616666666666667
68286,0.24833333333333335
68287,0.255
68288,0.845
68289,0.27999999999999997
68290,0.195
68291,0.61
68292,0.44333333333333336
68293,0.18666666666666668
68294,0.675
68295,0.8066666666666666
68296,0.16833333333333333
68297,0.5650000000000001
68298,0.3333333333333333
68299,0.023333333333333334
68300,0.10333333333333333
68301,0.25
68302,0.3433333333333333
68303,0.55
68304,0.27666666666666667
68305,0.45166666666666666
68306,0.045
68307,0.155
68308,0.31166666666666665
68309,0.175
68310,0.6266666666666667
68311,0.655
68312,0.20666666666666667
68313,0.31833333333333336
68314,0.195
68315,0.2633333333333333
68316,0.8049999999999999
68317,0.21666666666666667
68318,0.6666666666666666
68319,0.5633333333333334
68320,0.20833333333333331
68321,0.3533333333333334
68322,0.32
68323,0.013333333333333334
68324,0.10166666666666668
68325,0.41333333333333333
68326,0.02
68327,0.16999999999999998
68328,0.3433333333333334
68329,0.25666666666666665
68330,0.685
68331,0.2916666666666667
68332,0.05333333333333333
68333,0.10666666666666667
68334,0.7116666666666667
68335,0.30333333333333334
68336,0.4933333333333333
68337,0.2033333333333333
68338,0.20833333333333331
68339,0.19166666666666665
68340,0.6283333333333333
68341,0.016666666666666666
68342,0.8466666666666666
68343,0.31999999999999995
68344,0.5183333333333333
68345,0.24833333333333335
68346,0.22333333333333333
68347,0.13166666666666665
68348,0.2633333333333333
68349,0.6233333333333333
68350,0.9383333333333332
68351,0.5133333333333333
68352,0.245
68353,0.19833333333333333
68354,0.98
68355,0.27666666666666667
68356,0.015
68357,0.9300000000000002
68358,0.3566666666666667
68359,0.385
68360,0.77
68361,0.63
68362,0.26
68363,0.3883333333333333
68364,0.20500000000000002
68365,0.08
68366,0.018333333333333333
68367,0.5283333333333333
68368,0.3416666666666667
68369,0.845
68370,0.4166666666666667
68371,0.8683333333333333
68372,0.11333333333333334
68373,0.04166666666666667
68374,0.29833333333333334
68375,0.535
68376,0.2833333333333333
68377,0.3283333333333333
68378,0.06
68379,0.008333333333333333
68380,0.22499999999999998
68381,0.01
68382,0.26666666666666666
68383,0.7866666666666666
68384,0.43833333333333335
68385,0.10500000000000001
68386,0.51
68387,0.4116666666666667
68388,0.06166666666666667
68389,0.33166666666666667
68390,0.7416666666666666
68391,0.5483333333333333
68392,0.23333333333333334
68393,0.013333333333333334
68394,0.9816666666666667
68395,0.28833333333333333
68396,0.5316666666666667
68397,0.05333333333333334
68398,0.5066666666666667
68399,0.65
68400,0.7116666666666667
68401,0.145
68402,0.03166666666666666
68403,0.7633333333333334
68404,0.8183333333333334
68405,0.6366666666666666
68406,0.6033333333333334
68407,0.24166666666666664
68408,0.09
68409,0.7533333333333334
68410,0.24833333333333332
68411,0.705
68412,0.26
68413,0.625
68414,0.8866666666666665
68415,0.07500000000000001
68416,0.04
68417,0.32499999999999996
68418,0.6333333333333333
68419,0.30333333333333334
68420,0.125
68421,0.45666666666666667
68422,0.20666666666666667
68423,0.195
68424,0.6416666666666667
68425,0.6983333333333334
68426,0.11499999999999999
68427,0.7499999999999999
68428,0.525
68429,0.6466666666666667
68430,0.34833333333333333
68431,0.31833333333333336
68432,0.26666666666666666
68433,0.29000000000000004
68434,0.07
68435,0.9633333333333333
68436,0.7266666666666667
68437,0.32166666666666666
68438,0.33333333333333337
68439,0.18333333333333335
68440,0.20333333333333334
68441,0.485
68442,0.5233333333333333
68443,0.8666666666666667
68444,0.265
68445,0.37333333333333335
68446,0.17833333333333334
68447,0.23833333333333334
68448,0.6333333333333333
68449,0.22999999999999998
68450,0.7950000000000002
68451,0.20833333333333331
68452,0.285
68453,0.735
68454,0.5966666666666667
68455,0.7083333333333334
68456,0.175
68457,0.63
68458,0.27666666666666667
68459,0.7466666666666666
68460,0.03166666666666667
68461,0.6466666666666667
68462,0.2633333333333333
68463,0.4066666666666667
68464,0.12666666666666668
68465,0.6833333333333333
68466,0.18666666666666668
68467,0.2866666666666667
68468,0.04666666666666667
68469,0.46166666666666667
68470,0.22166666666666668
68471,0.95
68472,0.18666666666666665
68473,0.035
68474,0.6583333333333333
68475,0.45833333333333337
68476,0.37833333333333335
68477,0.30666666666666664
68478,0.6033333333333334
68479,0.5416666666666666
68480,0.41833333333333333
68481,0.21833333333333332
68482,0.7516666666666666
68483,0.05500000000000001
68484,0.3783333333333333
68485,0.265
68486,0.45833333333333337
68487,0.435
68488,0.385
68489,0.15999999999999998
68490,0.59
68491,0.44166666666666665
68492,0.7733333333333332
68493,0.6983333333333334
68494,0.33166666666666667
68495,0.30666666666666664
68496,0.19833333333333336
68497,0.8883333333333334
68498,0.16499999999999998
68499,0.25833333333333336
68500,0.29666666666666663
68501,0.16499999999999998
68502,0.12166666666666667
68503,0.24166666666666664
68504,0.025
68505,0.08166666666666667
68506,0.5783333333333334
68507,0.3466666666666666
68508,0.45166666666666666
68509,0.5916666666666666
68510,0.2383333333333333
68511,0.18666666666666668
68512,0.06666666666666667
68513,0.10333333333333333
68514,0.7833333333333334
68515,0.7866666666666666
68516,0.18333333333333335
68517,0.17166666666666666
68518,0.9433333333333334
68519,0.025
68520,0.5499999999999999
68521,0.45166666666666666
68522,0.7283333333333333
68523,0.22333333333333333
68524,0.6950000000000001
68525,0.335
68526,0.46499999999999997
68527,0.2833333333333333
68528,0.3633333333333333
68529,0.4366666666666667
68530,0.4116666666666666
68531,0.5633333333333334
68532,0.43500000000000005
68533,0.9316666666666666
68534,0.325
68535,0.25333333333333335
68536,0.35833333333333334
68537,0.7166666666666666
68538,0.025
68539,0.21666666666666665
68540,0.6683333333333333
68541,0.44166666666666665
68542,0.16166666666666665
68543,0.6183333333333333
68544,0.33166666666666667
68545,0.4016666666666667
68546,0.2466666666666667
68547,0.9583333333333333
68548,0.21666666666666667
68549,0.18666666666666665
68550,0.98
68551,0.16666666666666666
68552,0.16
68553,0.2733333333333333
68554,0.14666666666666667
68555,0.011666666666666667
68556,0.4033333333333333
68557,0.20166666666666666
68558,0.3733333333333333
68559,0.3516666666666666
68560,0.8766666666666667
68561,0.20833333333333331
68562,0.7250000000000001
68563,0.23166666666666666
68564,0.395
68565,0.3616666666666667
68566,0.2733333333333333
68567,0.26666666666666666
68568,0.26999999999999996
68569,0.59
68570,0.27666666666666667
68571,0.9816666666666666
68572,0.6483333333333334
68573,0.3283333333333333
68574,0.20833333333333331
68575,0.2866666666666667
68576,0.6699999999999999
68577,0.6983333333333334
68578,0.7116666666666667
68579,0.13999999999999999
68580,0.33499999999999996
68581,0.3433333333333333
68582,0.06
68583,0.91
68584,0.205
68585,0.8816666666666668
68586,0.7966666666666666
68587,0.215
68588,0.5983333333333334
68589,0.2816666666666667
68590,0.9299999999999999
68591,0.6033333333333333
68592,0.9783333333333333
68593,0.5349999999999999
68594,0.345
68595,0.49
68596,0.7216666666666666
68597,0.12833333333333333
68598,0.026666666666666665
68599,0.30666666666666664
68600,0.19666666666666666
68601,0.2416666666666667
68602,0.7966666666666666
68603,0.3633333333333333
68604,0.19666666666666666
68605,0.051666666666666666
68606,0.21833333333333332
68607,0.15333333333333332
68608,0.27666666666666667
68609,0.5
68610,0.5683333333333334
68611,0.48
68612,0.8066666666666666
68613,0.7216666666666667
68614,0.505
68615,0.76
68616,0.18000000000000002
68617,0.5966666666666667
68618,0.20666666666666667
68619,0.465
68620,0.47333333333333333
68621,0.7983333333333333
68622,0.30166666666666664
68623,0.20666666666666667
68624,0.425
68625,0.8316666666666666
68626,0.25166666666666665
68627,0.7050000000000001
68628,0.505
68629,0.05666666666666667
68630,0.58
68631,0.051666666666666666
68632,0.41333333333333333
68633,0.12666666666666665
68634,0.4916666666666667
68635,0.7116666666666667
68636,0.021666666666666667
68637,0.7333333333333333
68638,0.265
68639,0.3983333333333333
68640,0.19
68641,0.3466666666666667
68642,0.30333333333333334
68643,0.32833333333333337
68644,0.22833333333333333
68645,0.9833333333333332
68646,0.07166666666666667
68647,0.016666666666666666
68648,0.20166666666666666
68649,0.5283333333333333
68650,0.8
68651,0.27
68652,0.3216666666666667
68653,0.9733333333333334
68654,0.13333333333333336
68655,0.41000000000000003
68656,0.23333333333333334
68657,0.030000000000000002
68658,0.7133333333333333
68659,0.2583333333333333
68660,0.7316666666666667
68661,0.7433333333333333
68662,0.2983333333333333
68663,0.22999999999999998
68664,0.16666666666666669
68665,0.058333333333333334
68666,0.043333333333333335
68667,0.5083333333333333
68668,0.175
68669,0.685
68670,0.38833333333333336
68671,0.27166666666666667
68672,0.2783333333333334
68673,0.021666666666666667
68674,0.3716666666666667
68675,0.29333333333333333
68676,0.5449999999999999
68677,0.13
68678,0.6133333333333333
68679,0.7366666666666667
68680,0.6683333333333333
68681,0.32166666666666666
68682,0.4983333333333333
68683,0.42166666666666663
68684,0.32333333333333336
68685,0.35000000000000003
68686,0.13
68687,0.6366666666666667
68688,0.13666666666666666
68689,0.23
68690,0.6166666666666667
68691,0.06166666666666666
68692,0.13833333333333334
68693,0.37666666666666665
68694,0.5916666666666666
68695,0.01
68696,0.23666666666666664
68697,0.30833333333333335
68698,0.13
68699,0.25333333333333335
68700,0.8733333333333334
68701,0.45666666666666667
68702,0.6516666666666667
68703,0.6366666666666667
68704,0.5083333333333334
68705,0.6383333333333333
68706,0.4233333333333333
68707,0.15000000000000002
68708,0.03166666666666667
68709,0.3216666666666667
68710,0.1933333333333333
68711,0.14
68712,0.07500000000000001
68713,0.04833333333333334
68714,0.7150000000000001
68715,0.1383333333333333
68716,0.28
68717,0.2633333333333333
68718,0.3283333333333333
68719,0.64
68720,0.6066666666666667
68721,0.21166666666666667
68722,0.345
68723,0.935
68724,0.13166666666666665
68725,0.215
68726,0.6849999999999999
68727,0.21666666666666667
68728,0.26833333333333337
68729,0.585
68730,0.2583333333333333
68731,0.75
68732,0.30999999999999994
68733,0.2416666666666667
68734,0.28833333333333333
68735,0.6950000000000001
68736,0.20833333333333331
68737,0.44333333333333336
68738,0.11499999999999999
68739,0.20333333333333334
68740,0.2733333333333333
68741,0.3516666666666667
68742,0.205
68743,0.35333333333333333
68744,0.9933333333333333
68745,0.25166666666666665
68746,0.06666666666666667
68747,0.18166666666666667
68748,0.99
68749,0.5233333333333333
68750,0.07999999999999999
68751,0.20166666666666666
68752,0.5283333333333334
68753,0.21833333333333332
68754,0.39666666666666667
68755,0.13833333333333334
68756,0.19
68757,0.5116666666666667
68758,0.8733333333333334
68759,0.018333333333333333
68760,0.5983333333333334
68761,0.71
68762,0.4783333333333333
68763,0.255
68764,0.935
68765,0.16166666666666668
68766,0.43499999999999994
68767,0.09666666666666665
68768,0.23833333333333334
68769,0.015
68770,0.29
68771,0.2683333333333333
68772,0.2033333333333333
68773,0.155
68774,0.03
68775,0.8533333333333333
68776,0.24166666666666667
68777,0.545
68778,0.5133333333333333
68779,0.8533333333333334
68780,0.22833333333333333
68781,0.25
68782,0.12333333333333334
68783,0.6766666666666666
68784,0.03
68785,0.135
68786,0.5816666666666667
68787,0.42500000000000004
68788,0.03333333333333333
68789,0.17833333333333334
68790,0.3383333333333334
68791,0.07833333333333332
68792,0.6416666666666666
68793,0.6316666666666667
68794,0.185
68795,0.23333333333333334
68796,0.058333333333333334
68797,0.03833333333333333
68798,0.058333333333333334
68799,0.01
68800,0.3466666666666667
68801,0.18000000000000002
68802,0.5916666666666667
68803,0.7516666666666667
68804,0.32
68805,0.015
68806,0.6716666666666667
68807,0.12166666666666667
68808,0.02
68809,0.105
68810,0.7383333333333333
68811,0.9400000000000002
68812,0.6933333333333334
68813,0.6916666666666667
68814,0.26
68815,0.22166666666666668
68816,0.2866666666666667
68817,0.255
68818,0.22666666666666663
68819,0.20333333333333334
68820,0.08
68821,0.10666666666666666
68822,0.61
68823,0.4966666666666667
68824,0.5466666666666666
68825,0.9750000000000001
68826,0.03166666666666667
68827,0.175
68828,0.295
68829,0.9716666666666667
68830,0.28833333333333333
68831,0.395
68832,0.36833333333333335
68833,0.34833333333333333
68834,0.06833333333333333
68835,0.305
68836,0.45333333333333337
68837,0.895
68838,0.5416666666666666
68839,0.19333333333333333
68840,0.5850000000000001
68841,0.3883333333333333
68842,0.7150000000000001
68843,0.19333333333333333
68844,0.5216666666666667
68845,0.38000000000000006
68846,0.18666666666666668
68847,0.6566666666666667
68848,0.4
68849,0.395
68850,0.33
68851,0.4666666666666667
68852,0.5
68853,0.23
68854,0.21666666666666667
68855,0.97
68856,0.6933333333333334
68857,0.23333333333333334
68858,0.37
68859,0.4633333333333334
68860,0.16333333333333333
68861,0.3816666666666667
68862,0.8833333333333333
68863,0.07333333333333333
68864,0.075
68865,0.25166666666666665
68866,0.24000000000000002
68867,0.7216666666666667
68868,0.7933333333333333
68869,0.5366666666666667
68870,0.11000000000000001
68871,0.4716666666666667
68872,0.31166666666666665
68873,0.26833333333333337
68874,0.725
68875,0.305
68876,0.3433333333333333
68877,0.26166666666666666
68878,0.33
68879,0.45499999999999996
68880,0.3483333333333333
68881,0.345
68882,0.17333333333333334
68883,0.5383333333333333
68884,0.065
68885,0.155
68886,0.28
68887,0.22166666666666665
68888,0.01
68889,0.36
68890,0.36333333333333334
68891,0.9216666666666667
68892,0.025
68893,0.095
68894,0.27666666666666667
68895,0.38
68896,0.16
68897,0.7933333333333332
68898,0.12666666666666665
68899,0.8666666666666667
68900,0.7816666666666665
68901,0.2416666666666667
68902,0.7633333333333333
68903,0.20666666666666667
68904,0.3233333333333333
68905,0.32666666666666666
68906,0.2733333333333333
68907,0.16833333333333333
68908,0.5566666666666666
68909,0.5416666666666666
68910,0.7416666666666667
68911,0.9
68912,0.31
68913,0.17666666666666667
68914,0.013333333333333334
68915,0.245
68916,0.27166666666666667
68917,0.07500000000000001
68918,0.18
68919,0.3333333333333333
68920,0.14833333333333334
68921,0.09333333333333334
68922,0.535
68923,0.44500000000000006
68924,0.04666666666666667
68925,0.5366666666666666
68926,0.9133333333333333
68927,0.08333333333333333
68928,0.9333333333333333
68929,0.12666666666666668
68930,0.8966666666666666
68931,0.039999999999999994
68932,0.17166666666666666
68933,0.7183333333333333
68934,0.03666666666666667
68935,0.26666666666666666
68936,0.275
68937,0.021666666666666667
68938,0.45166666666666666
68939,0.36833333333333335
68940,0.8166666666666668
68941,0.13166666666666668
68942,0.6633333333333333
68943,0.15
68944,0.13999999999999999
68945,0.30999999999999994
68946,0.16166666666666668
68947,0.14333333333333334
68948,0.6366666666666666
68949,0.27166666666666667
68950,0.8766666666666667
68951,0.37
68952,0.8133333333333332
68953,0.405
68954,0.023333333333333334
68955,0.2816666666666666
68956,0.38666666666666666
68957,0.7833333333333333
68958,0.6116666666666667
68959,0.9966666666666667
68960,0.6533333333333333
68961,0.67
68962,0.3383333333333334
68963,0.9416666666666667
68964,0.21833333333333332
68965,0.375
68966,0.2516666666666667
68967,0.05333333333333333
68968,0.9133333333333333
68969,0.6466666666666667
68970,0.25
68971,0.33666666666666667
68972,0.35
68973,0.026666666666666665
68974,0.30166666666666664
68975,0.08333333333333334
68976,0.23500000000000001
68977,0.23666666666666666
68978,0.5416666666666666
68979,0.5549999999999999
68980,0.16666666666666669
68981,0.21499999999999997
68982,0.14500000000000002
68983,0.255
68984,0.6666666666666666
68985,0.07833333333333334
68986,0.5533333333333333
68987,0.43333333333333335
68988,0.10666666666666666
68989,0.33666666666666667
68990,0.9550000000000001
68991,0.9266666666666666
68992,0.018333333333333333
68993,0.8266666666666667
68994,0.06166666666666666
68995,0.155
68996,0.8816666666666666
68997,0.3666666666666667
68998,0.305
68999,0.6883333333333334
69000,0.675
69001,0.9383333333333335
69002,0.18
69003,0.03333333333333333
69004,0.21166666666666664
69005,0.4016666666666666
69006,0.355
69007,0.043333333333333335
69008,0.13
69009,0.12000000000000001
69010,0.33499999999999996
69011,0.3983333333333333
69012,0.20333333333333334
69013,0.10833333333333334
69014,0.8799999999999999
69015,0.3316666666666666
69016,0.011666666666666667
69017,0.9400000000000001
69018,0.058333333333333334
69019,0.18
69020,0.20833333333333334
69021,0.31166666666666665
69022,0.43000000000000005
69023,0.6066666666666667
69024,0.30333333333333334
69025,0.18833333333333332
69026,0.25
69027,0.04166666666666666
69028,0.5883333333333334
69029,0.1716666666666667
69030,0.86
69031,0.5383333333333333
69032,0.615
69033,0.175
69034,0.7783333333333333
69035,0.27166666666666667
69036,0.20666666666666667
69037,0.13833333333333334
69038,0.16833333333333333
69039,0.45166666666666666
69040,0.7233333333333334
69041,0.16833333333333333
69042,0.305
69043,0.09333333333333332
69044,0.335
69045,0.16833333333333333
69046,0.52
69047,0.9566666666666668
69048,0.3666666666666667
69049,0.34
69050,0.3383333333333334
69051,0.22833333333333333
69052,0.23666666666666666
69053,0.32833333333333337
69054,0.09
69055,0.5333333333333333
69056,0.7333333333333333
69057,0.03333333333333333
69058,0.04833333333333333
69059,0.7783333333333333
69060,0.39499999999999996
69061,0.71
69062,0.345
69063,0.3783333333333333
69064,0.10833333333333334
69065,0.32166666666666666
69066,0.5066666666666666
69067,0.25
69068,0.4816666666666667
69069,0.17166666666666666
69070,0.32
69071,0.051666666666666666
69072,0.9983333333333333
69073,0.011666666666666667
69074,0.5816666666666667
69075,0.2633333333333333
69076,0.4016666666666666
69077,0.42
69078,0.16166666666666668
69079,0.2483333333333333
69080,0.5116666666666667
69081,0.4866666666666667
69082,0.505
69083,0.3733333333333333
69084,0.3983333333333333
69085,0.7466666666666667
69086,0.3283333333333333
69087,0.14166666666666666
69088,0.51
69089,0.33
69090,0.24666666666666665
69091,0.8133333333333332
69092,0.5383333333333333
69093,0.4066666666666666
69094,0.10166666666666668
69095,0.45666666666666667
69096,0.3933333333333333
69097,0.6916666666666667
69098,0.5549999999999999
69099,0.185
69100,0.02
69101,0.4716666666666667
69102,0.38
69103,0.035
69104,0.9166666666666667
69105,0.3416666666666667
69106,0.33166666666666667
69107,0.3983333333333333
69108,0.845
69109,0.24833333333333332
69110,0.355
69111,0.18
69112,0.025
69113,0.03333333333333333
69114,0.25
69115,0.79
69116,0.6383333333333333
69117,0.15666666666666665
69118,0.21333333333333335
69119,0.42333333333333334
69120,0.31166666666666665
69121,0.7516666666666666
69122,0.13666666666666666
69123,0.95
69124,0.028333333333333332
69125,0.35
69126,0.2966666666666667
69127,0.31666666666666665
69128,0.095
69129,0.3716666666666667
69130,0.6366666666666666
69131,0.35
69132,0.33666666666666667
69133,0.15833333333333333
69134,0.30999999999999994
69135,0.021666666666666667
69136,0.45166666666666666
69137,0.2533333333333333
69138,0.14333333333333334
69139,0.535
69140,0.395
69141,0.585
69142,0.31
69143,0.95
69144,0.11666666666666667
69145,0.7516666666666667
69146,0.05
69147,0.21000000000000002
69148,0.018333333333333333
69149,0.03
69150,0.7116666666666667
69151,0.4083333333333334
69152,0.32833333333333337
69153,0.2866666666666667
69154,0.72
69155,0.71
69156,0.18833333333333335
69157,0.29666666666666663
69158,0.006666666666666667
69159,0.21166666666666667
69160,0.9099999999999999
69161,0.19833333333333333
69162,0.016666666666666666
69163,0.05666666666666667
69164,0.12833333333333335
69165,0.7583333333333333
69166,0.18333333333333335
69167,0.9383333333333332
69168,0.03
69169,0.5783333333333334
69170,0.023333333333333334
69171,0.008333333333333333
69172,0.6766666666666666
69173,0.8400000000000001
69174,0.19666666666666666
69175,0.13166666666666665
69176,0.25833333333333336
69177,0.365
69178,0.45833333333333337
69179,0.6316666666666667
69180,0.6916666666666667
69181,0.14666666666666667
69182,0.20666666666666667
69183,0.5916666666666667
69184,0.06333333333333332
69185,0.2833333333333333
69186,0.78
69187,0.30333333333333334
69188,0.27666666666666667
69189,0.325
69190,0.21666666666666667
69191,0.33166666666666667
69192,0.5700000000000001
69193,0.6833333333333333
69194,0.9466666666666667
69195,0.385
69196,0.09833333333333334
69197,0.21833333333333332
69198,0.64
69199,0.12000000000000001
69200,0.23500000000000001
69201,0.6416666666666666
69202,0.32166666666666666
69203,0.2533333333333333
69204,0.24666666666666665
69205,0.745
69206,0.3816666666666667
69207,0.2
69208,0.29500000000000004
69209,0.19833333333333336
69210,0.7333333333333333
69211,0.275
69212,0.3933333333333333
69213,0.043333333333333335
69214,0.395
69215,0.3516666666666667
69216,0.635
69217,0.5216666666666667
69218,0.5033333333333333
69219,0.7133333333333334
69220,0.03166666666666667
69221,0.27666666666666667
69222,0.10499999999999998
69223,0.9233333333333333
69224,0.2033333333333333
69225,0.20166666666666666
69226,0.49
69227,0.51
69228,0.7050000000000001
69229,0.37166666666666665
69230,0.995
69231,0.7766666666666666
69232,0.049999999999999996
69233,0.17833333333333332
69234,0.25666666666666665
69235,0.16333333333333333
69236,0.3016666666666667
69237,0.9133333333333333
69238,0.375
69239,0.8816666666666666
69240,0.5433333333333333
69241,0.35833333333333334
69242,0.97
69243,0.14500000000000002
69244,0.8416666666666668
69245,0.3516666666666667
69246,0.4683333333333334
69247,0.023333333333333334
69248,0.21500000000000002
69249,0.4
69250,0.16333333333333336
69251,0.41833333333333333
69252,0.2733333333333333
69253,0.545
69254,0.3016666666666667
69255,0.32
69256,0.043333333333333335
69257,0.3616666666666667
69258,0.2766666666666666
69259,0.5183333333333333
69260,0.5133333333333333
69261,0.35
69262,0.67
69263,0.16833333333333333
69264,0.3433333333333333
69265,0.5716666666666667
69266,0.48
69267,0.13833333333333334
69268,0.09666666666666666
69269,0.21
69270,0.32999999999999996
69271,0.245
69272,0.4116666666666666
69273,0.07666666666666666
69274,0.46499999999999997
69275,0.9016666666666666
69276,0.18
69277,0.21833333333333335
69278,0.8666666666666667
69279,0.07
69280,0.33166666666666667
69281,0.3533333333333333
69282,0.9216666666666666
69283,0.2516666666666667
69284,0.2533333333333333
69285,0.22666666666666668
69286,0.19166666666666665
69287,0.16333333333333333
69288,0.16666666666666666
69289,0.18
69290,0.66
69291,0.29500000000000004
69292,0.1
69293,0.4983333333333333
69294,0.33166666666666667
69295,0.28833333333333333
69296,0.3483333333333334
69297,0.6166666666666667
69298,0.315
69299,0.30666666666666664
69300,0.7316666666666667
69301,0.365
69302,0.235
69303,0.2316666666666667
69304,0.09000000000000001
69305,0.6466666666666667
69306,0.40499999999999997
69307,0.2866666666666667
69308,0.30333333333333334
69309,0.08666666666666666
69310,0.9766666666666666
69311,0.008333333333333333
69312,0.47
69313,0.6016666666666667
69314,0.5116666666666666
69315,0.26999999999999996
69316,0.3566666666666667
69317,0.21166666666666667
69318,0.08499999999999999
69319,0.31999999999999995
69320,0.15166666666666667
69321,0.32
69322,0.5066666666666666
69323,0.62
69324,0.6916666666666668
69325,0.68
69326,0.3283333333333333
69327,0.16666666666666666
69328,0.24
69329,0.5683333333333334
69330,0.12833333333333333
69331,0.5133333333333333
69332,0.18833333333333332
69333,0.8833333333333333
69334,0.5216666666666667
69335,0.14666666666666667
69336,0.6950000000000001
69337,0.4933333333333333
69338,0.32166666666666666
69339,0.39166666666666666
69340,0.36
69341,0.5933333333333334
69342,0.21166666666666667
69343,0.16666666666666666
69344,0.19999999999999998
69345,0.12166666666666667
69346,0.195
69347,0.14666666666666667
69348,0.1
69349,0.245
69350,0.38999999999999996
69351,0.5216666666666667
69352,0.34500000000000003
69353,0.355
69354,0.30833333333333335
69355,0.15333333333333332
69356,0.23666666666666664
69357,0.10833333333333334
69358,0.46166666666666667
69359,0.33166666666666667
69360,0.25833333333333336
69361,0.16333333333333333
69362,0.28833333333333333
69363,0.15666666666666668
69364,0.6699999999999999
69365,0.45333333333333337
69366,0.07833333333333334
69367,0.3416666666666666
69368,0.78
69369,0.19166666666666665
69370,0.12333333333333334
69371,0.5916666666666667
69372,0.3433333333333333
69373,0.3883333333333333
69374,0.12833333333333333
69375,0.24166666666666667
69376,0.2866666666666666
69377,0.48
69378,0.27499999999999997
69379,0.37666666666666665
69380,0.9783333333333333
69381,0.38166666666666665
69382,0.5366666666666666
69383,0.575
69384,0.8
69385,0.21666666666666667
69386,0.3183333333333333
69387,0.8683333333333334
69388,0.5816666666666667
69389,0.15833333333333333
69390,0.12666666666666668
69391,0.24666666666666665
69392,0.17333333333333334
69393,0.4116666666666667
69394,0.26666666666666666
69395,0.3416666666666667
69396,0.005
69397,0.815
69398,0.78
69399,0.9083333333333334
69400,0.06666666666666667
69401,0.33166666666666667
69402,0.41333333333333333
69403,0.24333333333333335
69404,0.52
69405,0.18166666666666664
69406,0.36333333333333334
69407,0.4066666666666666
69408,0.02
69409,0.03
69410,0.615
69411,0.43499999999999994
69412,0.07166666666666667
69413,0.27666666666666667
69414,0.03666666666666667
69415,0.6883333333333332
69416,0.34833333333333333
69417,0.21000000000000002
69418,0.4816666666666667
69419,0.19666666666666666
69420,0.31666666666666665
69421,0.13666666666666666
69422,0.7550000000000001
69423,0.12
69424,0.30166666666666664
69425,0.4733333333333334
69426,0.235
69427,0.5466666666666666
69428,0.195
69429,0.08499999999999999
69430,0.5466666666666667
69431,0.6783333333333332
69432,0.11666666666666667
69433,0.31333333333333335
69434,0.03
69435,0.21
69436,0.5866666666666667
69437,0.06333333333333332
69438,0.2583333333333333
69439,0.5683333333333334
69440,0.008333333333333333
69441,0.11833333333333335
69442,0.2383333333333333
69443,0.8733333333333333
69444,0.23333333333333334
69445,0.043333333333333335
69446,0.6
69447,0.10166666666666667
69448,0.45
69449,0.46499999999999997
69450,0.3533333333333334
69451,0.028333333333333335
69452,0.5966666666666667
69453,0.175
69454,0.26166666666666666
69455,0.29333333333333333
69456,0.485
69457,0.011666666666666667
69458,0.08666666666666667
69459,0.8033333333333332
69460,0.31
69461,0.3416666666666667
69462,0.71
69463,0.17166666666666666
69464,0.006666666666666667
69465,0.6666666666666666
69466,0.305
69467,0.30833333333333335
69468,0.43166666666666664
69469,0.10666666666666667
69470,0.64
69471,0.36833333333333335
69472,0.255
69473,0.355
69474,0.2533333333333333
69475,0.04833333333333334
69476,0.2866666666666667
69477,0.5233333333333333
69478,0.09833333333333333
69479,0.4516666666666666
69480,0.5766666666666667
69481,0.32666666666666666
69482,0.018333333333333333
69483,0.17
69484,0.64
69485,0.02666666666666667
69486,0.16166666666666668
69487,0.35
69488,0.35
69489,0.32333333333333336
69490,0.605
69491,0.19166666666666668
69492,0.655
69493,0.7416666666666667
69494,0.63
69495,0.62
69496,0.5616666666666666
69497,0.16166666666666668
69498,0.42333333333333334
69499,0.24666666666666665
69500,0.265
69501,0.255
69502,0.31
69503,0.645
69504,0.6816666666666666
69505,0.385
69506,0.275
69507,0.36333333333333334
69508,0.44333333333333336
69509,0.3583333333333334
69510,0.35333333333333333
69511,0.25333333333333335
69512,0.33666666666666667
69513,0.7016666666666667
69514,0.32666666666666666
69515,0.3416666666666667
69516,0.3416666666666667
69517,0.4266666666666667
69518,0.325
69519,0.31333333333333335
69520,0.04666666666666667
69521,0.20166666666666666
69522,0.04833333333333334
69523,0.81
69524,0.34833333333333333
69525,0.8583333333333332
69526,0.8833333333333333
69527,0.03333333333333333
69528,0.16
69529,0.27666666666666667
69530,0.125
69531,0.20833333333333337
69532,0.305
69533,0.09666666666666666
69534,0.6583333333333333
69535,0.76
69536,0.26166666666666666
69537,0.2833333333333333
69538,0.06833333333333333
69539,0.2733333333333333
69540,0.765
69541,0.24333333333333335
69542,0.36666666666666664
69543,0.41333333333333333
69544,0.6983333333333334
69545,0.9433333333333332
69546,0.21166666666666667
69547,0.765
69548,0.5449999999999999
69549,0.165
69550,0.21833333333333332
69551,0.6333333333333333
69552,0.48
69553,0.2966666666666667
69554,0.3933333333333333
69555,0.245
69556,0.75
69557,0.07333333333333333
69558,0.2966666666666667
69559,0.405
69560,0.23333333333333334
69561,0.6466666666666667
69562,0.16666666666666666
69563,0.6433333333333333
69564,0.9733333333333334
69565,0.015
69566,0.30166666666666664
69567,0.6383333333333333
69568,0.6883333333333334
69569,0.18
69570,0.32
69571,0.5783333333333334
69572,0.22
69573,0.38166666666666665
69574,0.16499999999999998
69575,0.7416666666666667
69576,0.05333333333333334
69577,0.9916666666666667
69578,0.8283333333333333
69579,0.37666666666666665
69580,0.2916666666666667
69581,0.23333333333333334
69582,0.985
69583,0.21666666666666667
69584,0.11166666666666668
69585,0.22499999999999998
69586,0.61
69587,0.20833333333333331
69588,0.685
69589,0.3716666666666667
69590,0.22499999999999998
69591,0.5750000000000001
69592,0.44666666666666666
69593,0.27666666666666667
69594,0.7116666666666667
69595,0.18166666666666667
69596,0.25
69597,0.3083333333333333
69598,0.75
69599,0.7
69600,0.28
69601,0.22
69602,0.5433333333333333
69603,0.9266666666666667
69604,0.5499999999999999
69605,0.055
69606,0.16
69607,0.18166666666666667
69608,0.6683333333333333
69609,0.6966666666666667
69610,0.9400000000000001
69611,0.6583333333333333
69612,0.22166666666666668
69613,0.5349999999999999
69614,0.36
69615,0.46
69616,0.42166666666666675
69617,0.665
69618,0.016666666666666666
69619,0.8433333333333333
69620,0.355
69621,0.6983333333333334
69622,0.72
69623,0.7466666666666667
69624,0.08166666666666667
69625,0.6833333333333333
69626,0.07500000000000001
69627,0.37666666666666665
69628,0.2733333333333333
69629,0.8999999999999999
69630,0.88
69631,0.745
69632,0.016666666666666666
69633,0.7533333333333334
69634,0.125
69635,0.5166666666666666
69636,0.3966666666666667
69637,0.2033333333333333
69638,0.10833333333333334
69639,0.8116666666666666
69640,0.6233333333333333
69641,0.08166666666666667
69642,0.13333333333333333
69643,0.22999999999999998
69644,0.9466666666666665
69645,0.026666666666666665
69646,0.38166666666666665
69647,0.6433333333333334
69648,0.9166666666666667
69649,0.7116666666666667
69650,0.775
69651,0.6016666666666666
69652,0.22833333333333333
69653,0.22666666666666666
69654,0.23166666666666663
69655,0.31166666666666665
69656,0.2033333333333333
69657,0.44500000000000006
69658,0.35
69659,0.39999999999999997
69660,0.685
69661,0.6866666666666666
69662,0.5366666666666666
69663,0.16166666666666668
69664,0.46499999999999997
69665,0.10666666666666667
69666,0.03
69667,0.11166666666666666
69668,0.2533333333333333
69669,0.2366666666666667
69670,0.16666666666666669
69671,0.5566666666666666
69672,0.6366666666666666
69673,0.22166666666666668
69674,0.18
69675,0.04666666666666667
69676,0.44
69677,0.7133333333333334
69678,0.35333333333333333
69679,0.7983333333333333
69680,0.5983333333333334
69681,0.23833333333333334
69682,0.22499999999999998
69683,0.20166666666666666
69684,0.4983333333333334
69685,0.2033333333333333
69686,0.36
69687,0.2683333333333333
69688,0.355
69689,0.6516666666666666
69690,0.2683333333333333
69691,0.2916666666666667
69692,0.6533333333333334
69693,0.09666666666666668
69694,0.17
69695,0.3433333333333333
69696,0.19333333333333333
69697,0.9916666666666667
69698,0.7516666666666666
69699,0.28833333333333333
69700,0.03166666666666667
69701,0.28
69702,0.028333333333333335
69703,0.30500000000000005
69704,0.79
69705,0.3383333333333333
69706,0.4933333333333333
69707,0.18833333333333335
69708,0.39666666666666667
69709,0.39499999999999996
69710,0.6483333333333333
69711,0.6433333333333333
69712,0.7033333333333334
69713,0.4633333333333334
69714,0.9750000000000001
69715,0.4716666666666667
69716,0.5416666666666666
69717,0.6016666666666667
69718,0.8333333333333333
69719,0.24333333333333335
69720,0.21
69721,0.765
69722,0.04666666666666667
69723,0.035
69724,0.043333333333333335
69725,0.14666666666666667
69726,0.3166666666666667
69727,0.7
69728,0.5183333333333333
69729,0.3416666666666667
69730,0.6533333333333333
69731,0.62
69732,0.2416666666666667
69733,0.12666666666666668
69734,0.12333333333333334
69735,0.27666666666666667
69736,0.33333333333333337
69737,0.375
69738,0.29
69739,0.26166666666666666
69740,0.11666666666666667
69741,0.06333333333333334
69742,0.15000000000000002
69743,0.5533333333333333
69744,0.24666666666666665
69745,0.38
69746,0.7016666666666667
69747,0.22666666666666668
69748,0.395
69749,0.11166666666666666
69750,0.3016666666666667
69751,0.31333333333333335
69752,0.7833333333333332
69753,0.5516666666666666
69754,0.335
69755,0.9183333333333334
69756,0.32333333333333336
69757,0.3283333333333333
69758,0.13166666666666665
69759,0.4916666666666667
69760,0.18000000000000002
69761,0.11166666666666666
69762,0.5216666666666666
69763,0.3933333333333333
69764,0.37
69765,0.5183333333333334
69766,0.3416666666666667
69767,0.32166666666666666
69768,0.27666666666666667
69769,0.6950000000000001
69770,0.24833333333333335
69771,0.5700000000000001
69772,0.37166666666666665
69773,0.20166666666666666
69774,0.3383333333333333
69775,0.3383333333333333
69776,0.5483333333333333
69777,0.54
69778,0.7383333333333333
69779,0.36
69780,0.05666666666666667
69781,0.22166666666666668
69782,0.20833333333333331
69783,0.08833333333333333
69784,0.635
69785,0.7283333333333333
69786,0.11166666666666666
69787,0.013333333333333332
69788,0.3266666666666667
69789,0.41000000000000003
69790,0.15666666666666668
69791,0.6183333333333334
69792,0.45333333333333337
69793,0.7816666666666667
69794,0.735
69795,0.6916666666666667
69796,0.705
69797,0.31666666666666665
69798,0.19666666666666668
69799,0.42000000000000004
69800,0.13166666666666665
69801,0.9083333333333334
69802,0.3
69803,0.3583333333333334
69804,0.28
69805,0.5133333333333333
69806,0.10666666666666666
69807,0.20666666666666667
69808,0.725
69809,0.40166666666666667
69810,0.14333333333333334
69811,0.3216666666666667
69812,0.575
69813,0.21499999999999997
69814,0.6683333333333333
69815,0.215
69816,0.10500000000000001
69817,0.6583333333333333
69818,0.23
69819,0.6316666666666667
69820,0.11166666666666668
69821,0.94
69822,0.7516666666666667
69823,0.7483333333333333
69824,0.13
69825,0.61
69826,0.5033333333333333
69827,0.33666666666666667
69828,0.275
69829,0.9583333333333334
69830,0.6900000000000001
69831,0.6966666666666667
69832,0.5083333333333333
69833,0.1
69834,0.2516666666666667
69835,0.41500000000000004
69836,0.8083333333333333
69837,0.41666666666666663
69838,0.6733333333333333
69839,0.6333333333333333
69840,0.155
69841,0.07833333333333332
69842,0.039999999999999994
69843,0.09666666666666668
69844,0.12333333333333332
69845,0.24833333333333335
69846,0.3
69847,0.5983333333333333
69848,0.715
69849,0.3616666666666667
69850,0.4066666666666666
69851,0.051666666666666666
69852,0.19833333333333333
69853,0.5783333333333334
69854,0.7183333333333333
69855,0.4116666666666667
69856,0.22833333333333333
69857,0.5033333333333333
69858,0.6716666666666667
69859,0.24166666666666664
69860,0.6416666666666667
69861,0.915
69862,0.3566666666666667
69863,0.15333333333333335
69864,0.9066666666666667
69865,0.6833333333333333
69866,0.33999999999999997
69867,0.3016666666666667
69868,0.055
69869,0.2466666666666667
69870,0.20833333333333334
69871,0.3116666666666667
69872,0.905
69873,0.05
69874,0.745
69875,0.31333333333333335
69876,0.14333333333333334
69877,0.5283333333333333
69878,0.15166666666666667
69879,0.5766666666666667
69880,0.6733333333333333
69881,0.3733333333333333
69882,0.15999999999999998
69883,0.18
69884,0.18166666666666667
69885,0.16333333333333333
69886,0.03666666666666667
69887,0.045
69888,0.6066666666666666
69889,0.6933333333333332
69890,0.6666666666666667
69891,0.43666666666666665
69892,0.7216666666666667
69893,0.22
69894,0.7283333333333333
69895,0.9299999999999999
69896,0.8799999999999999
69897,0.055
69898,0.6316666666666667
69899,0.13166666666666668
69900,0.07333333333333333
69901,0.7466666666666667
69902,0.7816666666666667
69903,0.05333333333333334
69904,0.3466666666666667
69905,0.2566666666666667
69906,0.08666666666666666
69907,0.6866666666666666
69908,0.38166666666666665
69909,0.5283333333333333
69910,0.03
69911,0.14333333333333334
69912,0.445
69913,0.4033333333333333
69914,0.6616666666666666
69915,0.165
69916,0.33166666666666667
69917,0.21333333333333332
69918,0.22000000000000003
69919,0.62
69920,0.5433333333333333
69921,0.29
69922,0.5533333333333333
69923,0.4033333333333333
69924,0.7766666666666667
69925,0.04166666666666667
69926,0.13833333333333334
69927,0.6866666666666666
69928,0.8233333333333334
69929,0.135
69930,0.585
69931,0.2816666666666667
69932,0.52
69933,0.3316666666666667
69934,0.7333333333333334
69935,0.185
69936,0.034999999999999996
69937,0.51
69938,0.07666666666666666
69939,0.4116666666666666
69940,0.22833333333333333
69941,0.45666666666666667
69942,0.11333333333333334
69943,0.5816666666666667
69944,0.15333333333333332
69945,0.051666666666666666
69946,0.8233333333333335
69947,0.10166666666666667
69948,0.43500000000000005
69949,0.016666666666666666
69950,0.775
69951,0.18666666666666665
69952,0.6116666666666667
69953,0.2816666666666667
69954,0.765
69955,0.15
69956,0.45666666666666667
69957,0.6816666666666666
69958,0.9183333333333334
69959,0.9933333333333333
69960,0.54
69961,0.15833333333333335
69962,0.9333333333333333
69963,0.44
69964,0.06833333333333334
69965,0.8483333333333332
69966,0.12166666666666667
69967,0.6183333333333333
69968,0.3983333333333333
69969,0.16333333333333333
69970,0.09833333333333334
69971,0.18
69972,0.245
69973,0.56
69974,0.19166666666666665
69975,0.021666666666666667
69976,0.9533333333333334
69977,0.35
69978,0.34833333333333333
69979,0.03333333333333333
69980,0.5216666666666667
69981,0.44999999999999996
69982,0.4033333333333333
69983,0.28500000000000003
69984,0.11000000000000001
69985,0.22166666666666668
69986,0.735
69987,0.023333333333333334
69988,0.4966666666666667
69989,0.6616666666666666
69990,0.7133333333333334
69991,0.6533333333333333
69992,0.23833333333333334
69993,0.21666666666666667
69994,0.34833333333333333
69995,0.25666666666666665
69996,0.21166666666666667
69997,0.7933333333333332
69998,0.25833333333333336
69999,0.13666666666666666
70000,0.32833333333333337
70001,0.6316666666666667
70002,0.5766666666666667
70003,0.39666666666666667
70004,0.3366666666666666
70005,0.19999999999999998
70006,0.3016666666666667
70007,0.016666666666666666
70008,0.16833333333333333
70009,0.6
70010,0.28
70011,0.3416666666666667
70012,0.30666666666666664
70013,0.5666666666666667
70014,0.04166666666666667
70015,0.7233333333333334
70016,0.195
70017,0.14
70018,0.13
70019,0.03833333333333334
70020,0.61
70021,0.4083333333333333
70022,0.16499999999999998
70023,0.7066666666666667
70024,0.14666666666666667
70025,0.575
70026,0.6516666666666666
70027,0.245
70028,0.33166666666666667
70029,0.20666666666666667
70030,0.20666666666666667
70031,0.051666666666666666
70032,0.8933333333333333
70033,0.9833333333333334
70034,0.37
70035,0.5333333333333333
70036,0.49
70037,0.37
70038,0.4716666666666667
70039,0.9733333333333334
70040,0.42666666666666664
70041,0.8
70042,0.8583333333333333
70043,0.395
70044,0.59
70045,0.78
70046,0.325
70047,0.023333333333333334
70048,0.44000000000000006
70049,0.20333333333333337
70050,0.06
70051,0.6583333333333333
70052,0.31333333333333335
70053,0.9550000000000001
70054,0.9833333333333334
70055,0.24000000000000002
70056,0.13999999999999999
70057,0.3516666666666667
70058,0.24666666666666665
70059,0.34833333333333333
70060,0.31666666666666665
70061,0.18166666666666667
70062,0.17833333333333334
70063,0.0016666666666666668
70064,0.8516666666666666
70065,0.43333333333333335
70066,0.9316666666666668
70067,0.305
70068,0.4816666666666667
70069,0.09833333333333333
70070,0.255
70071,0.38666666666666666
70072,0.9066666666666666
70073,0.635
70074,0.13166666666666665
70075,0.15333333333333335
70076,0.28833333333333333
70077,0.74
70078,0.5783333333333334
70079,0.5683333333333334
70080,0.015000000000000001
70081,0.35333333333333333
70082,0.43666666666666665
70083,0.6000000000000001
70084,0.24666666666666665
70085,0.9033333333333333
70086,0.405
70087,0.275
70088,0.64
70089,0.08833333333333335
70090,0.055
70091,0.3033333333333333
70092,0.9833333333333334
70093,0.41833333333333333
70094,0.8266666666666667
70095,0.23166666666666663
70096,0.3283333333333333
70097,0.8566666666666667
70098,0.5116666666666667
70099,0.13999999999999999
70100,0.23833333333333334
70101,0.5983333333333334
70102,0.9633333333333333
70103,0.28833333333333333
70104,0.3566666666666667
70105,0.525
70106,0.915
70107,0.20666666666666664
70108,0.3716666666666667
70109,0.2816666666666667
70110,0.195
70111,0.05666666666666667
70112,0.9583333333333334
70113,0.175
70114,0.17666666666666667
70115,0.026666666666666665
70116,0.63
70117,0.20333333333333334
70118,0.6066666666666667
70119,0.2833333333333333
70120,0.11333333333333334
70121,0.175
70122,0.3933333333333333
70123,0.31499999999999995
70124,0.47
70125,0.03333333333333333
70126,0.3
70127,0.315
70128,0.2516666666666667
70129,0.18166666666666667
70130,0.6
70131,0.18833333333333335
70132,0.05833333333333334
70133,0.8733333333333333
70134,0.7400000000000001
70135,0.5883333333333334
70136,0.14666666666666667
70137,0.9533333333333334
70138,0.12000000000000001
70139,0.6166666666666667
70140,0.32666666666666666
70141,0.5566666666666668
70142,0.185
70143,0.48
70144,0.18
70145,0.5133333333333333
70146,0.35833333333333334
70147,0.4933333333333334
70148,0.9366666666666668
70149,0.20500000000000002
70150,0.6333333333333334
70151,0.25833333333333336
70152,0.36166666666666664
70153,0.6933333333333334
70154,0.13666666666666666
70155,0.45666666666666667
70156,0.33666666666666667
70157,0.03333333333333333
70158,0.32166666666666666
70159,0.8616666666666666
70160,0.485
70161,0.4716666666666667
70162,0.5516666666666666
70163,0.3866666666666667
70164,0.155
70165,0.22333333333333333
70166,0.49833333333333335
70167,0.9683333333333333
70168,0.13166666666666665
70169,0.26166666666666666
70170,0.22166666666666668
70171,0.8366666666666667
70172,0.21333333333333332
70173,0.19
70174,0.07166666666666667
70175,0.7516666666666667
70176,0.155
70177,0.335
70178,0.10999999999999999
70179,0.9550000000000001
70180,0.21333333333333337
70181,0.7033333333333334
70182,0.5583333333333333
70183,0.5783333333333334
70184,0.6133333333333333
70185,0.7266666666666667
70186,0.8133333333333332
70187,0.2833333333333333
70188,0.15000000000000002
70189,0.5516666666666666
70190,0.16500000000000004
70191,0.05
70192,0.20500000000000002
70193,0.6516666666666666
70194,0.7483333333333333
70195,0.68
70196,0.7816666666666666
70197,0.30333333333333334
70198,0.19666666666666666
70199,0.27999999999999997
70200,0.07
70201,0.31999999999999995
70202,0.4683333333333334
70203,0.8350000000000002
70204,0.30833333333333335
70205,0.6266666666666667
70206,0.305
70207,0.27
70208,0.07333333333333333
70209,0.7216666666666667
70210,0.43499999999999994
70211,0.6766666666666666
70212,0.058333333333333334
70213,0.13
70214,0.14166666666666666
70215,0.23666666666666664
70216,0.8800000000000001
70217,0.20833333333333334
70218,0.03666666666666667
70219,0.3133333333333333
70220,0.18833333333333335
70221,0.35
70222,0.36
70223,0.5466666666666666
70224,0.6733333333333333
70225,0.6366666666666666
70226,0.2516666666666667
70227,0.48
70228,0.04833333333333334
70229,0.5316666666666666
70230,0.9516666666666667
70231,0.43333333333333335
70232,0.18666666666666665
70233,0.2966666666666667
70234,0.22666666666666668
70235,0.68
70236,0.185
70237,0.4383333333333333
70238,0.3383333333333333
70239,0.1433333333333333
70240,0.6933333333333334
70241,0.6716666666666667
70242,0.1
70243,0.6799999999999999
70244,0.14833333333333334
70245,0.17666666666666667
70246,0.5283333333333333
70247,0.3466666666666666
70248,0.34500000000000003
70249,0.24000000000000002
70250,0.6966666666666668
70251,0.5483333333333333
70252,0.22333333333333333
70253,0.34833333333333333
70254,0.24666666666666667
70255,0.48
70256,0.20166666666666666
70257,0.165
70258,0.39666666666666667
70259,0.45999999999999996
70260,0.605
70261,0.0033333333333333335
70262,0.32
70263,0.021666666666666667
70264,0.21999999999999997
70265,0.5166666666666667
70266,0.05166666666666667
70267,0.385
70268,0.285
70269,0.025
70270,0.945
70271,0.11500000000000002
70272,0.325
70273,0.23333333333333334
70274,0.19166666666666665
70275,0.008333333333333333
70276,0.2783333333333333
70277,0.041666666666666664
70278,0.8266666666666667
70279,0.165
70280,0.17166666666666663
70281,0.30333333333333334
70282,0.595
70283,0.065
70284,0.9216666666666666
70285,0.44499999999999995
70286,0.6116666666666667
70287,0.385
70288,0.1816666666666667
70289,0.7266666666666667
70290,0.6016666666666667
70291,0.38
70292,0.44999999999999996
70293,0.4483333333333333
70294,0.205
70295,0.545
70296,0.545
70297,0.5033333333333334
70298,0.44499999999999995
70299,0.27166666666666667
70300,0.39166666666666666
70301,0.3933333333333333
70302,0.635
70303,0.19833333333333333
70304,0.6516666666666666
70305,0.855
70306,0.7050000000000001
70307,0.4866666666666667
70308,0.7166666666666667
70309,0.3183333333333333
70310,0.17666666666666664
70311,0.4933333333333333
70312,0.24666666666666665
70313,0.31
70314,0.6466666666666667
70315,0.6366666666666666
70316,0.16499999999999998
70317,0.8599999999999999
70318,0.6283333333333333
70319,0.02333333333333333
70320,0.2
70321,0.31166666666666665
70322,0.10333333333333332
70323,0.05333333333333334
70324,0.73
70325,0.185
70326,0.35666666666666663
70327,0.37
70328,0.23500000000000001
70329,0.42666666666666664
70330,0.33
70331,0.23833333333333334
70332,0.155
70333,0.56
70334,0.7833333333333334
70335,0.6233333333333334
70336,0.27166666666666667
70337,0.9066666666666667
70338,0.33499999999999996
70339,0.195
70340,0.8399999999999999
70341,0.46166666666666667
70342,0.4966666666666667
70343,0.2816666666666667
70344,0.195
70345,0.22333333333333333
70346,0.8400000000000001
70347,0.3433333333333333
70348,0.6183333333333334
70349,0.6549999999999999
70350,0.4733333333333333
70351,0.0033333333333333335
70352,0.29166666666666663
70353,0.585
70354,0.43
70355,0.2733333333333334
70356,0.5816666666666667
70357,0.4666666666666667
70358,0.21666666666666667
70359,0.13166666666666668
70360,0.018333333333333333
70361,0.27999999999999997
70362,0.20833333333333334
70363,0.42000000000000004
70364,0.135
70365,0.30166666666666664
70366,0.31166666666666665
70367,0.005
70368,0.8049999999999999
70369,0.21833333333333332
70370,0.5566666666666666
70371,0.4116666666666666
70372,0.20166666666666666
70373,0.64
70374,0.18333333333333335
70375,0.74
70376,0.21666666666666667
70377,0.7066666666666667
70378,0.5883333333333333
70379,0.5883333333333334
70380,0.5783333333333334
70381,0.16
70382,0.16833333333333333
70383,0.12333333333333332
70384,0.5533333333333333
70385,0.14500000000000002
70386,0.935
70387,0.6716666666666666
70388,0.1
70389,0.24333333333333332
70390,0.17666666666666667
70391,0.6583333333333333
70392,0.06833333333333334
70393,0.08333333333333334
70394,0.19
70395,0.7583333333333334
70396,0.03666666666666667
70397,0.7783333333333333
70398,0.1366666666666667
70399,0.98
70400,0.3783333333333334
70401,0.525
70402,0.6716666666666666
70403,0.6783333333333333
70404,0.6366666666666666
70405,0.34500000000000003
70406,0.7733333333333333
70407,0.9383333333333332
70408,0.335
70409,0.7366666666666666
70410,0.5566666666666666
70411,0.051666666666666666
70412,0.15333333333333335
70413,0.5466666666666666
70414,0.37999999999999995
70415,0.385
70416,0.24333333333333335
70417,0.39
70418,0.11666666666666667
70419,0.705
70420,0.515
70421,0.20833333333333331
70422,0.42333333333333334
70423,0.12499999999999999
70424,0.47
70425,0.29833333333333334
70426,0.7416666666666667
70427,0.595
70428,0.13833333333333334
70429,0.3783333333333333
70430,0.7133333333333334
70431,0.7466666666666666
70432,0.045
70433,0.6983333333333334
70434,0.03833333333333333
70435,0.31666666666666665
70436,0.03333333333333333
70437,0.3916666666666666
70438,0.365
70439,0.3766666666666667
70440,0.12166666666666667
70441,0.51
70442,0.1933333333333333
70443,0.89
70444,0.665
70445,0.36833333333333335
70446,0.7766666666666666
70447,0.6533333333333333
70448,0.5183333333333333
70449,0.18666666666666668
70450,0.44666666666666666
70451,0.16833333333333333
70452,0.9416666666666667
70453,0.4316666666666667
70454,0.3433333333333333
70455,0.04666666666666667
70456,0.16166666666666668
70457,0.16333333333333333
70458,0.62
70459,0.15333333333333335
70460,0.9733333333333334
70461,0.05
70462,0.11000000000000001
70463,0.16
70464,0.14666666666666667
70465,0.36833333333333335
70466,0.5266666666666666
70467,0.155
70468,0.935
70469,0.36
70470,0.3116666666666667
70471,0.5766666666666667
70472,0.6416666666666666
70473,0.9316666666666668
70474,0.14166666666666666
70475,0.95
70476,0.07166666666666666
70477,0.515
70478,0.008333333333333333
70479,0.9316666666666666
70480,0.79
70481,0.05
70482,0.18833333333333332
70483,0.5183333333333333
70484,0.125
70485,0.45833333333333337
70486,0.6950000000000001
70487,0.9550000000000001
70488,0.20166666666666666
70489,0.32833333333333337
70490,0.29
70491,0.32666666666666666
70492,0.7033333333333334
70493,0.31333333333333335
70494,0.37666666666666665
70495,0.45833333333333326
70496,0.005
70497,0.585
70498,0.5666666666666667
70499,0.7566666666666667
70500,0.195
70501,0.16499999999999998
70502,0.9183333333333334
70503,0.24666666666666665
70504,0.46166666666666667
70505,0.6716666666666666
70506,0.025
70507,0.255
70508,0.7916666666666667
70509,0.40666666666666673
70510,0.2783333333333333
70511,0.12
70512,0.31333333333333335
70513,0.7183333333333334
70514,0.4033333333333333
70515,0.23666666666666664
70516,0.44666666666666666
70517,0.025
70518,0.63
70519,0.15333333333333332
70520,0.7033333333333334
70521,0.17833333333333334
70522,0.3216666666666667
70523,0.15166666666666667
70524,0.008333333333333333
70525,0.011666666666666667
70526,0.8
70527,0.028333333333333335
70528,0.6016666666666667
70529,0.11
70530,0.335
70531,0.405
70532,0.6783333333333333
70533,0.10333333333333333
70534,0.23333333333333334
70535,0.24833333333333332
70536,0.006666666666666667
70537,0.365
70538,0.37
70539,0.028333333333333335
70540,0.32999999999999996
70541,0.515
70542,0.7350000000000001
70543,0.9716666666666667
70544,0.5916666666666667
70545,0.12
70546,0.6883333333333334
70547,0.12666666666666668
70548,0.6466666666666667
70549,0.005
70550,0.8866666666666667
70551,0.028333333333333335
70552,0.225
70553,0.20500000000000002
70554,0.29666666666666663
70555,0.6983333333333334
70556,0.12166666666666667
70557,0.29833333333333334
70558,0.32666666666666666
70559,0.21333333333333332
70560,0.25
70561,0.32333333333333336
70562,0.265
70563,0.865
70564,0.8483333333333333
70565,0.6566666666666667
70566,0.16666666666666669
70567,0.9533333333333334
70568,0.755
70569,0.655
70570,0.19666666666666666
70571,0.19
70572,0.8350000000000001
70573,0.21000000000000002
70574,0.03
70575,0.2866666666666667
70576,0.44333333333333336
70577,0.595
70578,0.12666666666666668
70579,0.32333333333333336
70580,0.02
70581,0.2966666666666667
70582,0.5116666666666666
70583,0.365
70584,0.24833333333333335
70585,0.018333333333333333
70586,0.025
70587,0.2583333333333333
70588,0.14500000000000002
70589,0.3516666666666666
70590,0.8066666666666666
70591,0.31666666666666665
70592,0.22166666666666668
70593,0.6616666666666667
70594,0.4916666666666667
70595,0.32166666666666666
70596,0.8699999999999999
70597,0.255
70598,0.7683333333333333
70599,0.23000000000000004
70600,0.44666666666666666
70601,0.6433333333333333
70602,0.33666666666666667
70603,0.02666666666666667
70604,0.028333333333333335
70605,0.7483333333333333
70606,0.6
70607,0.355
70608,0.05
70609,0.34500000000000003
70610,0.4166666666666667
70611,0.28833333333333333
70612,0.7949999999999999
70613,0.9083333333333334
70614,0.7700000000000001
70615,0.6333333333333333
70616,0.5333333333333333
70617,0.41500000000000004
70618,0.1816666666666667
70619,0.6733333333333333
70620,0.5116666666666667
70621,0.44500000000000006
70622,0.1
70623,0.7333333333333333
70624,0.08166666666666667
70625,0.565
70626,0.24666666666666665
70627,0.11333333333333334
70628,0.22166666666666668
70629,0.265
70630,0.29833333333333334
70631,0.22333333333333333
70632,0.8166666666666667
70633,0.5449999999999999
70634,0.45999999999999996
70635,0.14333333333333334
70636,0.21666666666666667
70637,0.9183333333333334
70638,0.016666666666666666
70639,0.26166666666666666
70640,0.24166666666666667
70641,0.6966666666666667
70642,0.35333333333333333
70643,0.645
70644,0.4933333333333333
70645,0.06833333333333334
70646,0.35333333333333333
70647,0.495
70648,0.2533333333333333
70649,0.395
70650,0.14666666666666667
70651,0.025
70652,0.21833333333333332
70653,0.09166666666666667
70654,0.5816666666666667
70655,0.6883333333333334
70656,0.04833333333333333
70657,0.21166666666666667
70658,0.49166666666666664
70659,0.7133333333333334
70660,0.9933333333333334
70661,0.8283333333333334
70662,0.6316666666666667
70663,0.17833333333333334
70664,0.32999999999999996
70665,0.47333333333333333
70666,0.2816666666666667
70667,0.051666666666666666
70668,0.14833333333333334
70669,0.9750000000000001
70670,0.03
70671,0.61
70672,0.06166666666666667
70673,0.07333333333333333
70674,0.26833333333333337
70675,0.5033333333333334
70676,0.18333333333333335
70677,0.25
70678,0.9083333333333332
70679,0.6833333333333333
70680,0.335
70681,0.6900000000000001
70682,0.5233333333333333
70683,0.1883333333333333
70684,0.395
70685,0.27666666666666667
70686,0.6416666666666666
70687,0.235
70688,0.065
70689,0.4
70690,0.2866666666666666
70691,0.11
70692,0.36833333333333335
70693,0.32499999999999996
70694,0.6533333333333333
70695,0.155
70696,0.375
70697,0.12666666666666668
70698,0.33166666666666667
70699,0.22333333333333333
70700,0.31
70701,0.7516666666666667
70702,0.6216666666666667
70703,0.34500000000000003
70704,0.5333333333333333
70705,0.3516666666666666
70706,0.625
70707,0.38
70708,0.44499999999999995
70709,0.5983333333333334
70710,0.2533333333333333
70711,0.40499999999999997
70712,0.37
70713,0.4149999999999999
70714,0.6283333333333334
70715,0.9216666666666666
70716,0.6133333333333334
70717,0.18833333333333332
70718,0.305
70719,0.28
70720,0.3533333333333334
70721,0.5549999999999999
70722,0.12833333333333333
70723,0.016666666666666666
70724,0.7783333333333333
70725,0.16
70726,0.9116666666666666
70727,0.33499999999999996
70728,0.11500000000000002
70729,0.15166666666666667
70730,0.19999999999999998
70731,0.045000000000000005
70732,0.355
70733,0.7133333333333334
70734,0.115
70735,0.17666666666666667
70736,0.15666666666666668
70737,0.04
70738,0.08833333333333335
70739,0.5766666666666667
70740,0.6683333333333333
70741,0.01
70742,0.28833333333333333
70743,0.29333333333333333
70744,0.9016666666666666
70745,0.6683333333333333
70746,0.20499999999999996
70747,0.2633333333333333
70748,0.19
70749,0.19
70750,0.0016666666666666668
70751,0.025
70752,0.06166666666666667
70753,0.2366666666666667
70754,0.3416666666666667
70755,0.3183333333333333
70756,0.5433333333333333
70757,0.9416666666666667
70758,0.9816666666666667
70759,0.7816666666666666
70760,0.5233333333333334
70761,0.3883333333333333
70762,0.29000000000000004
70763,0.55
70764,0.24166666666666664
70765,0.06
70766,0.3383333333333334
70767,0.5833333333333333
70768,0.25666666666666665
70769,0.48
70770,0.615
70771,0.1
70772,0.025
70773,0.05666666666666667
70774,0.12833333333333333
70775,0.18333333333333335
70776,0.011666666666666667
70777,0.37333333333333335
70778,0.8483333333333333
70779,0.265
70780,0.4716666666666667
70781,0.16833333333333333
70782,0.07
70783,0.1716666666666667
70784,0.2583333333333333
70785,0.69
70786,0.9366666666666666
70787,0.375
70788,0.10333333333333333
70789,0.43166666666666664
70790,0.10833333333333332
70791,0.8999999999999999
70792,0.28
70793,0.35333333333333333
70794,0.6133333333333333
70795,0.8616666666666666
70796,0.2366666666666667
70797,0.31666666666666665
70798,0.041666666666666664
70799,0.2366666666666667
70800,0.4416666666666667
70801,0.885
70802,0.3
70803,0.24333333333333335
70804,0.9783333333333333
70805,0.28833333333333333
70806,0.030000000000000002
70807,0.10500000000000001
70808,0.9283333333333335
70809,0.33666666666666667
70810,0.6033333333333333
70811,0.73
70812,0.12666666666666668
70813,0.7233333333333334
70814,0.9866666666666666
70815,0.2333333333333333
70816,0.18666666666666665
70817,0.6883333333333334
70818,0.42666666666666664
70819,0.2116666666666667
70820,0.2916666666666667
70821,0.8266666666666667
70822,0.021666666666666667
70823,0.09
70824,0.8583333333333334
70825,0.35500000000000004
70826,0.22833333333333333
70827,0.1
70828,0.9616666666666667
70829,0.9749999999999999
70830,0.32333333333333336
70831,0.2866666666666666
70832,0.14666666666666667
70833,0.6783333333333333
70834,0.9449999999999998
70835,0.995
70836,0.28833333333333333
70837,0.6616666666666667
70838,0.25833333333333336
70839,0.5516666666666666
70840,0.9433333333333334
70841,0.43666666666666665
70842,0.31666666666666665
70843,0.35333333333333333
70844,0.34833333333333333
70845,0.35
70846,0.4683333333333334
70847,0.19
70848,0.14
70849,0.7216666666666667
70850,0.15
70851,0.3783333333333333
70852,0.085
70853,0.37
70854,0.125
70855,0.17166666666666666
70856,0.21833333333333332
70857,0.585
70858,0.19999999999999998
70859,0.9983333333333333
70860,0.085
70861,0.6616666666666667
70862,0.5283333333333333
70863,0.245
70864,0.905
70865,0.2
70866,0.3883333333333333
70867,0.5566666666666668
70868,0.013333333333333334
70869,0.14166666666666666
70870,0.4933333333333333
70871,0.5766666666666667
70872,0.9100000000000001
70873,0.26333333333333336
70874,0.7316666666666666
70875,0.6766666666666666
70876,0.325
70877,0.5466666666666666
70878,0.16166666666666665
70879,0.08833333333333333
70880,0.9333333333333333
70881,0.8883333333333334
70882,0.5
70883,0.6833333333333333
70884,0.8866666666666665
70885,0.36166666666666664
70886,0.285
70887,0.26333333333333336
70888,0.02666666666666667
70889,0.03666666666666667
70890,0.45833333333333326
70891,0.7116666666666667
70892,0.16833333333333333
70893,0.38666666666666666
70894,0.5549999999999999
70895,0.05166666666666667
70896,0.14166666666666666
70897,0.6883333333333334
70898,0.21333333333333335
70899,0.06
70900,0.6833333333333333
70901,0.185
70902,0.5133333333333334
70903,0.14166666666666666
70904,0.235
70905,0.17666666666666664
70906,0.515
70907,0.7083333333333333
70908,0.2866666666666667
70909,0.4083333333333334
70910,0.20666666666666667
70911,0.9466666666666667
70912,0.14666666666666667
70913,0.24833333333333335
70914,0.05333333333333333
70915,0.2733333333333333
70916,0.25833333333333336
70917,0.39166666666666666
70918,0.018333333333333333
70919,0.315
70920,0.0033333333333333335
70921,0.32166666666666666
70922,0.22
70923,0.555
70924,0.29333333333333333
70925,0.9166666666666667
70926,0.5133333333333333
70927,0.95
70928,0.835
70929,0.8683333333333334
70930,0.14166666666666666
70931,0.33333333333333337
70932,0.32166666666666666
70933,0.855
70934,0.42000000000000004
70935,0.8900000000000001
70936,0.3283333333333333
70937,0.24333333333333335
70938,0.5533333333333333
70939,0.18833333333333332
70940,0.6416666666666667
70941,0.605
70942,0.76
70943,0.04166666666666667
70944,0.14833333333333334
70945,0.3683333333333333
70946,0.5850000000000001
70947,0.35
70948,0.043333333333333335
70949,0.21166666666666664
70950,0.18666666666666665
70951,0.555
70952,0.36000000000000004
70953,0.9500000000000001
70954,0.2833333333333333
70955,0.5316666666666667
70956,0.04166666666666667
70957,0.21666666666666667
70958,0.29333333333333333
70959,0.4333333333333333
70960,0.3966666666666667
70961,0.3916666666666666
70962,0.6933333333333334
70963,0.23
70964,0.12333333333333332
70965,0.17166666666666666
70966,0.7116666666666667
70967,0.565
70968,0.061666666666666675
70969,0.29833333333333334
70970,0.19666666666666668
70971,0.7966666666666666
70972,0.12
70973,0.515
70974,0.09833333333333334
70975,0.8083333333333333
70976,0.255
70977,0.08166666666666667
70978,0.9116666666666666
70979,0.6716666666666666
70980,0.97
70981,0.07500000000000001
70982,0.06666666666666667
70983,0.14833333333333332
70984,0.27666666666666667
70985,0.13833333333333334
70986,0.6466666666666666
70987,0.3
70988,0.65
70989,0.5516666666666666
70990,0.9433333333333334
70991,0.5549999999999999
70992,0.305
70993,0.13333333333333333
70994,0.6366666666666667
70995,0.06833333333333334
70996,0.4783333333333334
70997,0.785
70998,0.11333333333333334
70999,0.04
71000,0.935
71001,0.17166666666666666
71002,0.27
71003,0.26
71004,0.15833333333333335
71005,0.505
71006,0.19833333333333333
71007,0.935
71008,0.22999999999999998
71009,0.4716666666666667
71010,0.355
71011,0.01
71012,0.7116666666666667
71013,0.025
71014,0.66
71015,0.16333333333333336
71016,0.2816666666666667
71017,0.04666666666666667
71018,0.505
71019,0.36
71020,0.21833333333333335
71021,0.17666666666666667
71022,0.24333333333333335
71023,0.5750000000000001
71024,0.17166666666666666
71025,0.18666666666666668
71026,0.5366666666666666
71027,0.18166666666666664
71028,0.5083333333333333
71029,0.023333333333333334
71030,0.13333333333333333
71031,0.9450000000000001
71032,0.11833333333333332
71033,0.36333333333333334
71034,0.24333333333333335
71035,0.7166666666666667
71036,0.205
71037,0.25166666666666665
71038,0.2583333333333333
71039,0.6816666666666666
71040,0.275
71041,0.16
71042,0.36333333333333334
71043,0.32
71044,0.039999999999999994
71045,0.32166666666666666
71046,0.3383333333333333
71047,0.21333333333333337
71048,0.015000000000000001
71049,0.8916666666666666
71050,0.19
71051,0.20666666666666667
71052,0.385
71053,0.03166666666666667
71054,0.15
71055,0.29
71056,0.04
71057,0.295
71058,0.33666666666666667
71059,0.6233333333333333
71060,0.21833333333333332
71061,0.015
71062,0.18833333333333335
71063,0.835
71064,0.16666666666666666
71065,0.52
71066,0.4
71067,0.38
71068,0.7583333333333334
71069,0.8016666666666665
71070,0.78
71071,0.11833333333333335
71072,0.155
71073,0.14333333333333334
71074,0.24333333333333332
71075,0.21000000000000002
71076,0.37
71077,0.2683333333333333
71078,0.4116666666666666
71079,0.655
71080,0.12
71081,0.02666666666666667
71082,0.5733333333333334
71083,0.55
71084,0.42500000000000004
71085,0.21333333333333335
71086,0.03833333333333334
71087,0.5383333333333333
71088,0.07666666666666666
71089,0.9849999999999999
71090,0.6683333333333333
71091,0.185
71092,0.2816666666666667
71093,0.049999999999999996
71094,0.5166666666666666
71095,0.9866666666666667
71096,0.76
71097,0.41000000000000003
71098,0.4166666666666667
71099,0.4983333333333334
71100,0.17833333333333332
71101,0.36
71102,0.9333333333333333
71103,0.525
71104,0.14666666666666667
71105,0.5716666666666667
71106,0.9266666666666667
71107,0.3466666666666667
71108,0.6933333333333334
71109,0.03166666666666667
71110,0.305
71111,0.535
71112,0.5466666666666666
71113,0.32
71114,0.065
71115,0.4716666666666667
71116,0.19666666666666666
71117,0.5733333333333334
71118,0.27
71119,0.10500000000000001
71120,0.21666666666666667
71121,0.43999999999999995
71122,0.71
71123,0.9749999999999999
71124,0.7516666666666667
71125,0.7633333333333332
71126,0.715
71127,0.7283333333333333
71128,0.6533333333333333
71129,0.6466666666666667
71130,0.12
71131,0.065
71132,0.7283333333333334
71133,0.16
71134,0.13333333333333333
71135,0.21500000000000002
71136,0.41000000000000003
71137,0.4
71138,0.06666666666666667
71139,0.6216666666666666
71140,0.05499999999999999
71141,0.26
71142,0.695
71143,0.9366666666666668
71144,0.31666666666666665
71145,0.2833333333333333
71146,0.3016666666666667
71147,0.3283333333333333
71148,0.5116666666666667
71149,0.17333333333333334
71150,0.16
71151,0.81
71152,0.5483333333333333
71153,0.2
71154,0.38
71155,0.18166666666666667
71156,0.48333333333333334
71157,0.44666666666666666
71158,0.6433333333333333
71159,0.18166666666666664
71160,0.5533333333333333
71161,0.02
71162,0.3933333333333333
71163,0.43833333333333335
71164,0.9933333333333334
71165,0.6583333333333333
71166,0.35666666666666663
71167,0.8483333333333334
71168,0.5716666666666667
71169,0.8433333333333333
71170,0.3116666666666667
71171,0.2733333333333333
71172,0.27
71173,0.34833333333333333
71174,0.7016666666666667
71175,0.68
71176,0.11000000000000001
71177,0.20666666666666667
71178,0.01
71179,0.3816666666666667
71180,0.605
71181,0.4783333333333334
71182,0.335
71183,0.45166666666666666
71184,0.6533333333333334
71185,0.36333333333333334
71186,0.4716666666666667
71187,0.9833333333333334
71188,0.25
71189,0.64
71190,0.25666666666666665
71191,0.6783333333333332
71192,0.24333333333333335
71193,0.025
71194,0.9016666666666666
71195,0.03333333333333333
71196,0.9416666666666667
71197,0.44500000000000006
71198,0.37166666666666665
71199,0.04
71200,0.23833333333333334
71201,0.33666666666666667
71202,0.5966666666666667
71203,0.5033333333333333
71204,0.685
71205,0.10666666666666666
71206,0.25333333333333335
71207,0.20500000000000002
71208,0.9516666666666667
71209,0.33999999999999997
71210,0.1
71211,0.7083333333333333
71212,0.6766666666666667
71213,0.7033333333333334
71214,0.29333333333333333
71215,0.6549999999999999
71216,0.17166666666666666
71217,0.23166666666666663
71218,0.03166666666666667
71219,0.52
71220,0.18
71221,0.5266666666666667
71222,0.7333333333333333
71223,0.18833333333333335
71224,0.485
71225,0.03166666666666666
71226,0.7133333333333334
71227,0.8483333333333334
71228,0.24
71229,0.625
71230,0.48333333333333334
71231,0.5316666666666666
71232,0.5433333333333333
71233,0.49
71234,0.67
71235,0.46499999999999997
71236,0.20333333333333337
71237,0.14500000000000002
71238,0.9550000000000001
71239,0.11333333333333334
71240,0.20833333333333331
71241,0.023333333333333334
71242,0.20999999999999996
71243,0.615
71244,0.225
71245,0.17666666666666667
71246,0.9866666666666668
71247,0.05
71248,0.36833333333333335
71249,0.15166666666666667
71250,0.25166666666666665
71251,0.5666666666666668
71252,0.16166666666666668
71253,0.185
71254,0.4866666666666667
71255,0.6116666666666667
71256,0.27166666666666667
71257,0.1
71258,0.09166666666666666
71259,0.02333333333333333
71260,0.6383333333333334
71261,0.16
71262,0.023333333333333334
71263,0.095
71264,0.14833333333333332
71265,0.3983333333333333
71266,0.07833333333333332
71267,0.16166666666666668
71268,0.45999999999999996
71269,0.28
71270,0.33499999999999996
71271,0.825
71272,0.6166666666666667
71273,0.63
71274,0.31666666666666665
71275,0.22833333333333333
71276,0.315
71277,0.05333333333333334
71278,0.21000000000000002
71279,0.6216666666666667
71280,0.2683333333333333
71281,0.4083333333333333
71282,0.035
71283,0.6933333333333334
71284,0.6016666666666667
71285,0.605
71286,0.35833333333333334
71287,0.21166666666666667
71288,0.12833333333333333
71289,0.9433333333333334
71290,0.885
71291,0.18999999999999997
71292,0.5133333333333333
71293,0.4666666666666667
71294,0.2783333333333333
71295,0.45666666666666667
71296,0.065
71297,0.24
71298,0.8150000000000001
71299,0.35
71300,0.09333333333333332
71301,0.12666666666666668
71302,0.3016666666666667
71303,0.32
71304,0.63
71305,0.32166666666666666
71306,0.11333333333333334
71307,0.28500000000000003
71308,0.55
71309,0.79
71310,0.6816666666666666
71311,0.555
71312,0.12333333333333332
71313,0.175
71314,0.625
71315,0.185
71316,0.20500000000000002
71317,0.6466666666666666
71318,0.2816666666666667
71319,0.5966666666666667
71320,0.3416666666666667
71321,0.03666666666666667
71322,0.22166666666666668
71323,0.27166666666666667
71324,0.2466666666666667
71325,0.7516666666666667
71326,0.8800000000000001
71327,0.14333333333333334
71328,0.2533333333333333
71329,0.115
71330,0.08166666666666667
71331,0.025
71332,0.4783333333333334
71333,0.155
71334,0.51
71335,0.3533333333333334
71336,0.35833333333333334
71337,0.011666666666666667
71338,0.17166666666666666
71339,0.2833333333333333
71340,0.35333333333333333
71341,0.8883333333333334
71342,0.5033333333333333
71343,0.565
71344,0.725
71345,0.7116666666666667
71346,0.4083333333333333
71347,0.5866666666666667
71348,0.8716666666666666
71349,0.19999999999999998
71350,0.30166666666666664
71351,0.9733333333333333
71352,0.535
71353,0.3316666666666666
71354,0.025
71355,0.25166666666666665
71356,0.7050000000000001
71357,0.42166666666666663
71358,0.6416666666666666
71359,0.7816666666666667
71360,0.9216666666666666
71361,0.6783333333333333
71362,0.35
71363,0.255
71364,0.6166666666666667
71365,0.5516666666666666
71366,0.04
71367,0.245
71368,0.24166666666666667
71369,0.02
71370,0.8166666666666667
71371,0.5166666666666666
71372,0.32166666666666666
71373,0.11499999999999999
71374,0.23666666666666664
71375,0.9066666666666667
71376,0.03833333333333333
71377,0.2183333333333333
71378,0.09833333333333334
71379,0.4033333333333333
71380,0.6816666666666668
71381,0.46333333333333326
71382,0.30833333333333335
71383,0.77
71384,0.16333333333333333
71385,0.305
71386,0.565
71387,0.08333333333333334
71388,0.043333333333333335
71389,0.18666666666666665
71390,0.11333333333333333
71391,0.12166666666666666
71392,0.25666666666666665
71393,0.22000000000000003
71394,0.8900000000000001
71395,0.23833333333333334
71396,0.2533333333333333
71397,0.018333333333333333
71398,0.5366666666666666
71399,0.7266666666666667
71400,0.34833333333333333
71401,0.27
71402,0.22833333333333333
71403,0.08833333333333333
71404,0.745
71405,0.18
71406,0.06833333333333334
71407,0.915
71408,0.5983333333333334
71409,0.32
71410,0.41500000000000004
71411,0.6366666666666666
71412,0.9516666666666667
71413,0.185
71414,0.018333333333333333
71415,0.16833333333333333
71416,0.29333333333333333
71417,0.57
71418,0.41333333333333333
71419,0.45333333333333337
71420,0.09166666666666666
71421,0.03
71422,0.33666666666666667
71423,0.22833333333333333
71424,0.7633333333333333
71425,0.8283333333333333
71426,0.6133333333333333
71427,0.54
71428,0.38999999999999996
71429,0.8933333333333333
71430,0.35666666666666663
71431,0.058333333333333334
71432,0.006666666666666667
71433,0.25333333333333335
71434,0.57
71435,0.46166666666666667
71436,0.25333333333333335
71437,0.785
71438,0.16833333333333333
71439,0.915
71440,0.9283333333333335
71441,0.29333333333333333
71442,0.14833333333333334
71443,0.8016666666666667
71444,0.16499999999999998
71445,0.65
71446,0.6716666666666666
71447,0.31666666666666665
71448,0.6233333333333333
71449,0.18333333333333332
71450,0.6516666666666667
71451,0.39666666666666667
71452,0.9683333333333333
71453,0.30833333333333335
71454,0.30000000000000004
71455,0.09166666666666667
71456,0.175
71457,0.405
71458,0.17333333333333334
71459,0.32333333333333336
71460,0.30333333333333334
71461,0.30333333333333334
71462,0.6233333333333333
71463,0.021666666666666667
71464,0.2916666666666667
71465,0.03333333333333333
71466,0.023333333333333334
71467,0.16833333333333333
71468,0.66
71469,0.37
71470,0.14500000000000002
71471,0.018333333333333333
71472,0.29666666666666663
71473,0.8266666666666667
71474,0.745
71475,0.345
71476,0.34
71477,0.11166666666666666
71478,0.305
71479,0.2316666666666667
71480,0.9683333333333333
71481,0.595
71482,0.05666666666666667
71483,0.016666666666666666
71484,0.43833333333333335
71485,0.3283333333333333
71486,0.63
71487,0.21833333333333332
71488,0.36500000000000005
71489,0.41833333333333333
71490,0.2783333333333333
71491,0.09833333333333334
71492,0.9183333333333332
71493,0.935
71494,0.07500000000000001
71495,0.35666666666666663
71496,0.885
71497,0.22166666666666668
71498,0.65
71499,0.8083333333333333
71500,0.22999999999999998
71501,0.075
71502,0.5233333333333333
71503,0.98
71504,0.5950000000000001
71505,0.3233333333333333
71506,0.11
71507,0.17333333333333334
71508,0.32
71509,0.3483333333333334
71510,0.21166666666666667
71511,0.018333333333333333
71512,0.5466666666666667
71513,0.5533333333333335
71514,0.5633333333333334
71515,0.5783333333333333
71516,0.9850000000000001
71517,0.42
71518,0.6016666666666667
71519,0.9916666666666667
71520,0.2366666666666667
71521,0.5833333333333334
71522,0.32499999999999996
71523,0.315
71524,0.38666666666666666
71525,0.6266666666666667
71526,0.16666666666666666
71527,0.013333333333333334
71528,0.3983333333333333
71529,0.56
71530,0.46166666666666667
71531,0.3683333333333334
71532,0.4883333333333333
71533,0.6933333333333334
71534,0.8466666666666667
71535,0.5466666666666666
71536,0.6383333333333333
71537,0.04666666666666667
71538,0.5383333333333333
71539,0.7283333333333333
71540,0.09833333333333333
71541,0.9716666666666667
71542,0.30666666666666664
71543,0.9266666666666665
71544,0.7016666666666667
71545,0.5783333333333334
71546,0.705
71547,0.7
71548,0.20666666666666667
71549,0.3233333333333333
71550,0.5183333333333334
71551,0.54
71552,0.905
71553,0.7066666666666667
71554,0.65
71555,0.03833333333333333
71556,0.065
71557,0.11166666666666666
71558,0.20333333333333334
71559,0.3766666666666667
71560,0.7583333333333333
71561,0.13833333333333334
71562,0.2816666666666667
71563,0.5599999999999999
71564,0.2783333333333333
71565,0.31166666666666665
71566,0.21166666666666667
71567,0.3766666666666667
71568,0.45
71569,0.19666666666666668
71570,0.6733333333333333
71571,0.22
71572,0.16666666666666666
71573,0.7383333333333333
71574,0.42
71575,0.7616666666666667
71576,0.26
71577,0.9033333333333334
71578,0.7483333333333333
71579,0.2783333333333334
71580,0.2
71581,0.6783333333333333
71582,0.11833333333333335
71583,0.34500000000000003
71584,0.19166666666666668
71585,0.2783333333333333
71586,0.3533333333333333
71587,0.27
71588,0.81
71589,0.3233333333333333
71590,0.6866666666666666
71591,0.2783333333333333
71592,0.195
71593,0.09666666666666668
71594,0.4066666666666667
71595,0.65
71596,0.5016666666666667
71597,0.20666666666666667
71598,0.26
71599,0.21833333333333332
71600,0.5466666666666667
71601,0.635
71602,0.20833333333333334
71603,0.5283333333333333
71604,0.23666666666666666
71605,0.8716666666666667
71606,0.63
71607,0.6866666666666666
71608,0.26166666666666666
71609,0.03833333333333334
71610,0.04666666666666666
71611,0.2866666666666667
71612,0.585
71613,0.27
71614,0.9649999999999999
71615,0.8766666666666667
71616,0.29666666666666663
71617,0.2683333333333333
71618,0.21999999999999997
71619,0.8266666666666667
71620,0.22833333333333333
71621,0.05499999999999999
71622,0.03166666666666667
71623,0.25
71624,0.325
71625,0.1766666666666667
71626,0.8966666666666667
71627,0.7549999999999999
71628,0.44333333333333336
71629,0.016666666666666666
71630,0.14500000000000002
71631,0.3883333333333333
71632,0.8483333333333334
71633,0.21166666666666667
71634,0.385
71635,0.4983333333333334
71636,0.3416666666666667
71637,0.12333333333333334
71638,0.9383333333333332
71639,0.5233333333333333
71640,0.3466666666666667
71641,0.19
71642,0.22499999999999998
71643,0.365
71644,0.18833333333333332
71645,0.37
71646,0.6016666666666667
71647,0.165
71648,0.6816666666666666
71649,0.11166666666666666
71650,0.2516666666666667
71651,0.5066666666666666
71652,0.4816666666666667
71653,0.7549999999999999
71654,0.17500000000000002
71655,0.39499999999999996
71656,0.9366666666666668
71657,0.6116666666666667
71658,0.305
71659,0.335
71660,0.365
71661,0.7666666666666666
71662,0.45666666666666667
71663,0.34
71664,0.05333333333333334
71665,0.36333333333333334
71666,0.13333333333333336
71667,0.19166666666666668
71668,0.18666666666666668
71669,0.5900000000000001
71670,0.31
71671,0.21
71672,0.19666666666666666
71673,0.49666666666666665
71674,0.8033333333333335
71675,0.925
71676,0.7383333333333333
71677,0.21333333333333335
71678,0.6950000000000001
71679,0.5816666666666667
71680,0.5399999999999999
71681,0.48
71682,0.19333333333333333
71683,0.6083333333333333
71684,0.9750000000000001
71685,0.7033333333333334
71686,0.2816666666666667
71687,0.175
71688,0.24666666666666665
71689,0.2416666666666667
71690,0.4816666666666667
71691,0.5683333333333334
71692,0.6833333333333332
71693,0.5366666666666666
71694,0.17666666666666667
71695,0.3433333333333333
71696,0.065
71697,0.77
71698,0.023333333333333334
71699,0.615
71700,0.43666666666666665
71701,0.030000000000000002
71702,0.225
71703,0.02666666666666667
71704,0.7933333333333333
71705,0.6783333333333333
71706,0.23666666666666666
71707,0.245
71708,0.011666666666666667
71709,0.175
71710,0.745
71711,0.7166666666666667
71712,0.5833333333333334
71713,0.335
71714,0.7933333333333333
71715,0.13166666666666665
71716,0.6083333333333334
71717,0.058333333333333334
71718,0.6866666666666666
71719,0.17833333333333334
71720,0.335
71721,0.045
71722,0.6083333333333333
71723,0.7116666666666668
71724,0.8983333333333334
71725,0.03666666666666667
71726,0.32166666666666666
71727,0.7216666666666667
71728,0.7266666666666667
71729,0.16833333333333333
71730,0.22333333333333333
71731,0.115
71732,0.29500000000000004
71733,0.36833333333333335
71734,0.36
71735,0.22833333333333333
71736,0.10333333333333333
71737,0.05666666666666667
71738,0.36833333333333335
71739,0.32833333333333337
71740,0.5383333333333333
71741,0.36333333333333334
71742,0.5116666666666667
71743,0.7616666666666667
71744,0.9166666666666667
71745,0.6733333333333333
71746,0.43833333333333335
71747,0.29
71748,0.6833333333333333
71749,0.235
71750,0.7533333333333333
71751,0.31666666666666665
71752,0.3283333333333333
71753,0.7349999999999999
71754,0.7166666666666667
71755,0.225
71756,0.4066666666666667
71757,0.14166666666666666
71758,0.445
71759,0.755
71760,0.20166666666666666
71761,0.56
71762,0.72
71763,0.5366666666666666
71764,0.32999999999999996
71765,0.6366666666666667
71766,0.6916666666666667
71767,0.17833333333333334
71768,0.42833333333333334
71769,0.9733333333333333
71770,0.485
71771,0.018333333333333333
71772,0.13666666666666666
71773,0.15
71774,0.6883333333333334
71775,0.7
71776,0.006666666666666667
71777,0.835
71778,0.37166666666666665
71779,0.3466666666666667
71780,0.315
71781,0.21166666666666667
71782,0.03166666666666666
71783,0.3533333333333334
71784,0.71
71785,0.035
71786,0.22166666666666668
71787,0.155
71788,0.14166666666666666
71789,0.97
71790,0.23333333333333334
71791,0.235
71792,0.7816666666666667
71793,0.2
71794,0.33
71795,0.27
71796,0.295
71797,0.9966666666666666
71798,0.25166666666666665
71799,0.365
71800,0.3016666666666667
71801,0.30333333333333334
71802,0.016666666666666666
71803,0.5166666666666666
71804,0.3666666666666667
71805,0.09333333333333332
71806,0.16833333333333333
71807,0.575
71808,0.2366666666666667
71809,0.40166666666666667
71810,0.255
71811,0.97
71812,0.365
71813,0.12166666666666667
71814,0.10666666666666666
71815,0.2783333333333333
71816,0.06666666666666667
71817,0.3933333333333333
71818,0.245
71819,0.2533333333333333
71820,0.7266666666666667
71821,0.9133333333333333
71822,0.885
71823,0.19833333333333336
71824,0.99
71825,0.6116666666666666
71826,0.165
71827,0.11499999999999999
71828,0.295
71829,0.3733333333333334
71830,0.55
71831,0.27666666666666667
71832,0.22333333333333333
71833,0.35833333333333334
71834,0.955
71835,0.025
71836,0.06
71837,0.07
71838,0.20166666666666666
71839,0.5483333333333333
71840,0.66
71841,0.021666666666666667
71842,0.08166666666666667
71843,0.13166666666666665
71844,0.23166666666666666
71845,0.7066666666666667
71846,0.14333333333333334
71847,0.3416666666666667
71848,0.12
71849,0.26333333333333336
71850,0.23333333333333334
71851,0.145
71852,0.54
71853,0.6383333333333333
71854,0.10333333333333333
71855,0.5216666666666667
71856,0.52
71857,0.013333333333333334
71858,0.31
71859,0.21166666666666664
71860,0.3533333333333334
71861,0.8300000000000001
71862,0.77
71863,0.6733333333333333
71864,0.1733333333333333
71865,0.11333333333333334
71866,0.18
71867,0.13833333333333334
71868,0.155
71869,0.8200000000000001
71870,0.31166666666666665
71871,0.31333333333333335
71872,0.855
71873,0.14
71874,0.09833333333333334
71875,0.2433333333333333
71876,0.44833333333333336
71877,0.5466666666666666
71878,0.2966666666666667
71879,0.43333333333333335
71880,0.023333333333333334
71881,0.16166666666666668
71882,0.28833333333333333
71883,0.12166666666666666
71884,0.8483333333333334
71885,0.33999999999999997
71886,0.7916666666666666
71887,0.65
71888,0.94
71889,0.6716666666666666
71890,0.29333333333333333
71891,0.14833333333333332
71892,0.5216666666666667
71893,0.5983333333333333
71894,0.8866666666666667
71895,0.21666666666666667
71896,0.4633333333333334
71897,0.7166666666666667
71898,0.13
71899,0.6383333333333333
71900,0.6499999999999999
71901,0.18833333333333335
71902,0.29833333333333334
71903,0.5816666666666667
71904,0.7
71905,0.8583333333333334
71906,0.13833333333333334
71907,0.08333333333333334
71908,0.049999999999999996
71909,0.55
71910,0.30666666666666664
71911,0.9533333333333334
71912,0.13166666666666665
71913,0.515
71914,0.24666666666666665
71915,0.3983333333333333
71916,0.016666666666666666
71917,0.985
71918,0.7916666666666666
71919,0.13
71920,0.15166666666666667
71921,0.3433333333333333
71922,0.5966666666666667
71923,0.18666666666666668
71924,0.44666666666666666
71925,0.016666666666666666
71926,0.12833333333333333
71927,0.38
71928,0.15
71929,0.305
71930,0.27
71931,0.04166666666666667
71932,0.26166666666666666
71933,0.715
71934,0.07166666666666667
71935,0.6966666666666667
71936,0.40499999999999997
71937,0.7949999999999999
71938,0.8333333333333334
71939,0.31833333333333336
71940,0.025
71941,0.5266666666666667
71942,0.195
71943,0.3683333333333333
71944,0.2466666666666667
71945,0.2466666666666667
71946,0.32666666666666666
71947,0.295
71948,0.06166666666666666
71949,0.48
71950,0.86
71951,0.47
71952,0.9166666666666667
71953,0.018333333333333333
71954,0.6966666666666667
71955,0.5233333333333333
71956,0.015
71957,0.1766666666666667
71958,0.27
71959,0.5383333333333333
71960,0.27166666666666667
71961,0.5183333333333333
71962,0.22999999999999998
71963,0.5900000000000001
71964,0.018333333333333333
71965,0.5633333333333334
71966,0.21166666666666667
71967,0.19833333333333333
71968,0.24500000000000002
71969,0.18666666666666668
71970,0.9383333333333332
71971,0.34833333333333333
71972,0.295
71973,0.45499999999999996
71974,0.65
71975,0.36
71976,0.6033333333333334
71977,0.35000000000000003
71978,0.13666666666666666
71979,0.2966666666666667
71980,0.3333333333333333
71981,0.36833333333333335
71982,0.19333333333333333
71983,0.7433333333333333
71984,0.2516666666666667
71985,0.013333333333333334
71986,0.8166666666666667
71987,0.6699999999999999
71988,0.8999999999999999
71989,0.65
71990,0.25666666666666665
71991,0.33666666666666667
71992,0.55
71993,0.04833333333333334
71994,0.96
71995,0.185
71996,0.7233333333333334
71997,0.19333333333333336
71998,0.25333333333333335
71999,0.4766666666666666
72000,0.205
72001,0.3666666666666667
72002,0.2
72003,0.8200000000000001
72004,0.30333333333333334
72005,0.18833333333333332
72006,0.24
72007,0.505
72008,0.6333333333333333
72009,0.275
72010,0.5916666666666667
72011,0.3616666666666667
72012,0.6816666666666666
72013,0.0016666666666666668
72014,0.5116666666666667
72015,0.16833333333333333
72016,0.26
72017,0.025
72018,0.15999999999999998
72019,0.6566666666666667
72020,0.6233333333333333
72021,0.08666666666666667
72022,0.6449999999999999
72023,0.30333333333333334
72024,0.165
72025,0.08333333333333333
72026,0.5816666666666667
72027,0.6483333333333333
72028,0.3416666666666667
72029,0.20666666666666667
72030,0.8866666666666667
72031,0.8133333333333332
72032,0.6
72033,0.32833333333333337
72034,0.35000000000000003
72035,0.19166666666666668
72036,0.5233333333333333
72037,0.4783333333333334
72038,0.24833333333333335
72039,0.825
72040,0.4233333333333333
72041,0.555
72042,0.23833333333333334
72043,0.11833333333333335
72044,0.3666666666666667
72045,0.26666666666666666
72046,0.95
72047,0.7933333333333333
72048,0.7866666666666666
72049,0.49
72050,0.3183333333333333
72051,0.2833333333333333
72052,0.32
72053,0.16333333333333333
72054,0.225
72055,0.3466666666666667
72056,0.05666666666666667
72057,0.245
72058,0.15166666666666667
72059,0.27166666666666667
72060,0.2866666666666667
72061,0.06166666666666667
72062,0.9733333333333332
72063,0.27166666666666667
72064,0.205
72065,0.011666666666666667
72066,0.7316666666666667
72067,0.51
72068,0.2783333333333333
72069,0.335
72070,0.96
72071,0.24333333333333335
72072,0.39
72073,0.27
72074,0.3466666666666667
72075,0.7233333333333333
72076,0.62
72077,0.33000000000000007
72078,0.41000000000000003
72079,0.19999999999999998
72080,0.39499999999999996
72081,0.3283333333333333
72082,0.6516666666666667
72083,0.5433333333333333
72084,0.023333333333333334
72085,0.535
72086,0.43
72087,0.17666666666666667
72088,0.8183333333333334
72089,0.17166666666666666
72090,0.9366666666666666
72091,0.04
72092,0.14833333333333332
72093,0.44500000000000006
72094,0.6366666666666667
72095,0.6283333333333334
72096,0.5366666666666666
72097,0.20833333333333334
72098,0.20833333333333331
72099,0.985
72100,0.23500000000000001
72101,0.8583333333333333
72102,0.22333333333333333
72103,0.46499999999999997
72104,0.915
72105,0.8816666666666668
72106,0.38666666666666666
72107,0.245
72108,0.3166666666666667
72109,0.16166666666666668
72110,0.5433333333333333
72111,0.13666666666666666
72112,0.12000000000000001
72113,0.02
72114,0.8316666666666668
72115,0.585
72116,0.28500000000000003
72117,0.6916666666666667
72118,0.9483333333333333
72119,0.6833333333333333
72120,0.016666666666666666
72121,0.9383333333333332
72122,0.3333333333333333
72123,0.095
72124,0.07666666666666666
72125,0.16499999999999998
72126,0.20500000000000002
72127,0.030000000000000002
72128,0.195
72129,0.43666666666666665
72130,0.3416666666666666
72131,0.06333333333333334
72132,0.34833333333333333
72133,0.15833333333333333
72134,0.18666666666666668
72135,0.3883333333333333
72136,0.2966666666666667
72137,0.7266666666666667
72138,0.09999999999999999
72139,0.7033333333333334
72140,0.4933333333333333
72141,0.16999999999999998
72142,0.07833333333333334
72143,0.6083333333333334
72144,0.6416666666666666
72145,0.5066666666666666
72146,0.205
72147,0.9333333333333333
72148,0.47
72149,0.8366666666666667
72150,0.7716666666666667
72151,0.21666666666666667
72152,0.10666666666666666
72153,0.37
72154,0.32833333333333337
72155,0.02666666666666667
72156,0.22333333333333333
72157,0.8866666666666667
72158,0.9933333333333334
72159,0.6983333333333333
72160,0.27666666666666667
72161,0.44166666666666665
72162,0.5833333333333334
72163,0.31333333333333335
72164,0.39
72165,0.3766666666666667
72166,0.9333333333333333
72167,0.8516666666666666
72168,0.3133333333333333
72169,0.13166666666666665
72170,0.52
72171,0.025
72172,0.31
72173,0.13166666666666665
72174,0.385
72175,0.17
72176,0.5083333333333333
72177,0.3933333333333333
72178,0.6066666666666667
72179,0.7433333333333333
72180,0.21499999999999997
72181,0.19166666666666665
72182,0.58
72183,0.6533333333333333
72184,0.13666666666666666
72185,0.21999999999999997
72186,0.37333333333333335
72187,0.9750000000000001
72188,0.33499999999999996
72189,0.885
72190,0.1
72191,0.19
72192,0.5316666666666666
72193,0.18833333333333332
72194,0.34
72195,0.5816666666666667
72196,0.2466666666666667
72197,0.04
72198,0.16666666666666669
72199,0.26999999999999996
72200,0.15
72201,0.6733333333333333
72202,0.11333333333333334
72203,0.25833333333333336
72204,0.4633333333333333
72205,0.24166666666666664
72206,0.39666666666666667
72207,0.12333333333333334
72208,0.10500000000000001
72209,0.24166666666666667
72210,0.6266666666666666
72211,0.7166666666666667
72212,0.89
72213,0.02666666666666667
72214,0.15666666666666668
72215,0.31666666666666665
72216,0.2516666666666667
72217,0.44833333333333336
72218,0.11333333333333334
72219,0.255
72220,0.10166666666666667
72221,0.05666666666666667
72222,0.08833333333333333
72223,0.10499999999999998
72224,0.8133333333333332
72225,0.20666666666666667
72226,0.19333333333333336
72227,0.5866666666666667
72228,0.3866666666666667
72229,0.325
72230,0.006666666666666667
72231,0.285
72232,0.11666666666666667
72233,0.13166666666666665
72234,0.29666666666666663
72235,0.05
72236,0.4483333333333333
72237,0.22
72238,0.6849999999999999
72239,0.22666666666666668
72240,0.2783333333333333
72241,0.24166666666666664
72242,0.28833333333333333
72243,0.44499999999999995
72244,0.37833333333333335
72245,0.5316666666666667
72246,0.2316666666666667
72247,0.07166666666666667
72248,0.295
72249,0.18666666666666665
72250,0.295
72251,0.5483333333333335
72252,0.26666666666666666
72253,0.3516666666666667
72254,0.21166666666666667
72255,0.6533333333333333
72256,0.37333333333333335
72257,0.15666666666666665
72258,0.3516666666666667
72259,0.15833333333333333
72260,0.5616666666666666
72261,0.7816666666666666
72262,0.25
72263,0.32499999999999996
72264,0.46333333333333326
72265,0.41
72266,0.13
72267,0.26666666666666666
72268,0.15166666666666667
72269,0.16333333333333333
72270,0.14333333333333334
72271,0.5383333333333333
72272,0.21666666666666667
72273,0.7216666666666667
72274,0.42666666666666664
72275,0.39999999999999997
72276,0.6983333333333333
72277,0.595
72278,0.14166666666666666
72279,0.9316666666666666
72280,0.315
72281,0.26666666666666666
72282,0.24
72283,0.016666666666666666
72284,0.07666666666666666
72285,0.8233333333333333
72286,0.2483333333333333
72287,0.78
72288,0.041666666666666664
72289,0.4650000000000001
72290,0.235
72291,0.9666666666666666
72292,0.36166666666666664
72293,0.8116666666666666
72294,0.38166666666666665
72295,0.12
72296,0.21666666666666667
72297,0.03
72298,0.18333333333333332
72299,0.08166666666666667
72300,0.23333333333333334
72301,0.30833333333333335
72302,0.5633333333333334
72303,0.30166666666666664
72304,0.24500000000000002
72305,0.10333333333333333
72306,0.011666666666666667
72307,0.26
72308,0.15833333333333333
72309,0.4733333333333334
72310,0.5499999999999999
72311,0.7216666666666667
72312,0.15666666666666668
72313,0.39
72314,0.26666666666666666
72315,0.525
72316,0.45833333333333337
72317,0.14
72318,0.9666666666666667
72319,0.31
72320,0.008333333333333333
72321,0.34500000000000003
72322,0.31166666666666665
72323,0.3683333333333333
72324,0.5933333333333334
72325,0.051666666666666666
72326,0.4166666666666667
72327,0.19833333333333333
72328,0.03833333333333334
72329,0.755
72330,0.26833333333333337
72331,0.03333333333333333
72332,0.19166666666666665
72333,0.195
72334,0.008333333333333333
72335,0.25666666666666665
72336,0.41666666666666663
72337,0.29
72338,0.855
72339,0.03
72340,0.3433333333333333
72341,0.5566666666666666
72342,0.315
72343,0.011666666666666667
72344,0.49
72345,0.24
72346,0.38833333333333336
72347,0.10166666666666667
72348,0.9850000000000001
72349,0.19333333333333333
72350,0.5650000000000001
72351,0.26
72352,0.905
72353,0.24666666666666667
72354,0.5133333333333333
72355,0.42333333333333334
72356,0.295
72357,0.6666666666666667
72358,0.15666666666666668
72359,0.32833333333333337
72360,0.3466666666666667
72361,0.2033333333333333
72362,0.5533333333333333
72363,0.41333333333333333
72364,0.37166666666666665
72365,0.14333333333333334
72366,0.4116666666666666
72367,0.6683333333333333
72368,0.12333333333333332
72369,0.6433333333333333
72370,0.19666666666666668
72371,0.8883333333333332
72372,0.61
72373,0.33999999999999997
72374,0.285
72375,0.985
72376,0.08
72377,0.42166666666666663
72378,0.2366666666666667
72379,0.6000000000000001
72380,0.6433333333333333
72381,0.6333333333333333
72382,0.315
72383,0.51
72384,0.5166666666666666
72385,0.535
72386,0.305
72387,0.305
72388,0.3516666666666667
72389,0.5466666666666666
72390,0.405
72391,0.11333333333333334
72392,0.18666666666666665
72393,0.8966666666666667
72394,0.08166666666666667
72395,0.17
72396,0.4666666666666666
72397,0.33499999999999996
72398,0.5366666666666666
72399,0.19166666666666665
72400,0.33999999999999997
72401,0.21000000000000002
72402,0.21833333333333332
72403,0.11333333333333333
72404,0.9616666666666667
72405,0.19833333333333333
72406,0.17833333333333334
72407,0.11
72408,0.35333333333333333
72409,0.6166666666666666
72410,0.7083333333333334
72411,0.43999999999999995
72412,0.2633333333333333
72413,0.26166666666666666
72414,0.8966666666666667
72415,0.07833333333333334
72416,0.015000000000000001
72417,0.475
72418,0.42500000000000004
72419,0.3966666666666666
72420,0.205
72421,0.315
72422,0.030000000000000002
72423,0.155
72424,0.6833333333333333
72425,0.2383333333333333
72426,0.8866666666666665
72427,0.9450000000000001
72428,0.35833333333333334
72429,0.245
72430,0.5316666666666667
72431,0.37833333333333335
72432,0.10166666666666667
72433,0.3283333333333333
72434,0.9366666666666665
72435,0.46499999999999997
72436,0.55
72437,0.31333333333333335
72438,0.41833333333333333
72439,0.39166666666666666
72440,0.69
72441,0.5800000000000001
72442,0.06333333333333334
72443,0.2783333333333333
72444,0.5083333333333334
72445,0.8816666666666666
72446,0.5399999999999999
72447,0.545
72448,0.9616666666666667
72449,0.6016666666666667
72450,0.45166666666666666
72451,0.5566666666666666
72452,0.5816666666666667
72453,0.695
72454,0.04833333333333333
72455,0.22166666666666668
72456,0.25
72457,0.6466666666666666
72458,0.3416666666666667
72459,0.18333333333333335
72460,0.21
72461,0.345
72462,0.6083333333333333
72463,0.12333333333333332
72464,0.42666666666666664
72465,0.6333333333333333
72466,0.17666666666666667
72467,0.8833333333333333
72468,0.31666666666666665
72469,0.12333333333333335
72470,0.04833333333333334
72471,0.32333333333333336
72472,0.45
72473,0.20333333333333337
72474,0.9233333333333335
72475,0.16833333333333333
72476,0.1
72477,0.12333333333333332
72478,0.7833333333333333
72479,0.06
72480,0.7033333333333334
72481,0.12166666666666667
72482,0.2866666666666667
72483,0.04166666666666667
72484,0.22166666666666668
72485,0.45833333333333337
72486,0.013333333333333334
72487,0.7183333333333333
72488,0.12333333333333334
72489,0.02
72490,0.255
72491,0.19
72492,0.7416666666666666
72493,0.16666666666666666
72494,0.31
72495,0.03666666666666667
72496,0.21666666666666667
72497,0.13666666666666666
72498,0.8233333333333333
72499,0.35
72500,0.4033333333333333
72501,0.355
72502,0.5083333333333333
72503,0.6583333333333334
72504,0.9733333333333334
72505,0.16499999999999998
72506,0.16333333333333333
72507,0.41166666666666674
72508,0.3466666666666667
72509,0.27
72510,0.23166666666666666
72511,0.8183333333333332
72512,0.03666666666666667
72513,0.18666666666666665
72514,0.6183333333333333
72515,0.405
72516,0.055
72517,0.5433333333333333
72518,0.6966666666666667
72519,0.37166666666666665
72520,0.01
72521,0.30666666666666664
72522,0.19833333333333336
72523,0.3966666666666666
72524,0.4
72525,0.025
72526,0.5383333333333333
72527,0.9783333333333333
72528,0.7983333333333333
72529,0.46333333333333326
72530,0.29833333333333334
72531,0.7033333333333334
72532,0.4283333333333333
72533,0.3416666666666667
72534,0.3083333333333333
72535,0.02
72536,0.76
72537,0.295
72538,0.28833333333333333
72539,0.40666666666666673
72540,0.47833333333333333
72541,0.4083333333333333
72542,0.9766666666666667
72543,0.5283333333333334
72544,0.006666666666666667
72545,0.31333333333333335
72546,0.29000000000000004
72547,0.8783333333333332
72548,0.51
72549,0.925
72550,0.9366666666666665
72551,0.29833333333333334
72552,0.22833333333333333
72553,0.32166666666666666
72554,0.6583333333333333
72555,0.006666666666666667
72556,0.24166666666666664
72557,0.24166666666666667
72558,0.6849999999999999
72559,0.195
72560,0.01
72561,0.175
72562,0.3916666666666666
72563,0.3233333333333333
72564,0.42
72565,0.38
72566,0.28500000000000003
72567,0.24166666666666664
72568,0.2033333333333333
72569,0.3383333333333333
72570,0.16999999999999998
72571,0.3416666666666667
72572,0.043333333333333335
72573,0.13499999999999998
72574,0.07666666666666666
72575,0.5266666666666666
72576,0.84
72577,0.39666666666666667
72578,0.008333333333333333
72579,0.28500000000000003
72580,0.03333333333333333
72581,0.011666666666666667
72582,0.4466666666666667
72583,0.9016666666666667
72584,0.59
72585,0.9033333333333333
72586,0.445
72587,0.23833333333333334
72588,0.495
72589,0.2916666666666667
72590,0.45166666666666666
72591,0.5716666666666667
72592,0.11166666666666666
72593,0.07666666666666666
72594,0.535
72595,0.31166666666666665
72596,0.7716666666666666
72597,0.16333333333333333
72598,0.19333333333333333
72599,0.7333333333333333
72600,0.4916666666666667
72601,0.3666666666666667
72602,0.11833333333333333
72603,0.8316666666666668
72604,0.155
72605,0.17333333333333334
72606,0.315
72607,0.3933333333333333
72608,0.7200000000000001
72609,0.14
72610,0.195
72611,0.71
72612,0.195
72613,0.11666666666666667
72614,0.7766666666666666
72615,0.325
72616,0.6900000000000001
72617,0.09833333333333334
72618,0.8999999999999999
72619,0.2
72620,0.345
72621,0.165
72622,0.39333333333333337
72623,0.275
72624,0.12333333333333334
72625,0.28833333333333333
72626,0.10166666666666667
72627,0.01
72628,0.17333333333333334
72629,0.7300000000000001
72630,0.7833333333333333
72631,0.5183333333333334
72632,0.305
72633,0.9716666666666667
72634,0.775
72635,0.18166666666666667
72636,0.07333333333333333
72637,0.3466666666666667
72638,0.06833333333333333
72639,0.95
72640,0.3566666666666667
72641,0.6233333333333333
72642,0.021666666666666667
72643,0.2366666666666667
72644,0.6933333333333334
72645,0.10833333333333334
72646,0.27166666666666667
72647,0.8566666666666667
72648,0.21166666666666667
72649,0.7183333333333334
72650,0.425
72651,0.4
72652,0.15666666666666665
72653,0.14166666666666666
72654,0.02666666666666667
72655,0.20166666666666666
72656,0.2866666666666667
72657,0.43500000000000005
72658,0.4733333333333334
72659,0.5833333333333334
72660,0.5583333333333333
72661,0.20666666666666667
72662,0.30833333333333335
72663,0.13166666666666665
72664,0.04666666666666666
72665,0.10666666666666667
72666,0.21833333333333332
72667,0.3683333333333333
72668,0.06333333333333334
72669,0.6883333333333334
72670,0.05666666666666667
72671,0.1983333333333333
72672,0.22833333333333333
72673,0.14166666666666666
72674,0.15166666666666667
72675,0.2633333333333333
72676,0.11666666666666667
72677,0.31
72678,0.7450000000000001
72679,0.05333333333333334
72680,0.31666666666666665
72681,0.7150000000000001
72682,0.285
72683,0.08
72684,0.9233333333333333
72685,0.7183333333333333
72686,0.23000000000000004
72687,0.275
72688,0.3883333333333333
72689,0.7483333333333334
72690,0.3683333333333333
72691,0.255
72692,0.19666666666666666
72693,0.11666666666666667
72694,0.2733333333333333
72695,0.4566666666666667
72696,0.28500000000000003
72697,0.22333333333333333
72698,0.925
72699,0.7949999999999999
72700,0.4116666666666666
72701,0.6966666666666667
72702,0.06833333333333333
72703,0.22999999999999998
72704,0.3383333333333333
72705,0.31166666666666665
72706,0.4983333333333333
72707,0.6933333333333334
72708,0.30166666666666664
72709,0.22166666666666668
72710,0.22
72711,0.5533333333333333
72712,0.2816666666666667
72713,0.7000000000000001
72714,0.20666666666666667
72715,0.9883333333333333
72716,0.7050000000000001
72717,0.94
72718,0.3
72719,0.1716666666666667
72720,0.07166666666666666
72721,0.43999999999999995
72722,0.36
72723,0.2733333333333333
72724,0.3833333333333333
72725,0.51
72726,0.05
72727,0.29833333333333334
72728,0.725
72729,0.11166666666666666
72730,0.7183333333333334
72731,0.7733333333333333
72732,0.99
72733,0.3233333333333333
72734,0.81
72735,0.24
72736,0.44666666666666666
72737,0.04666666666666666
72738,0.5283333333333333
72739,0.6983333333333334
72740,0.08166666666666668
72741,0.615
72742,0.8833333333333333
72743,0.5650000000000001
72744,0.39166666666666666
72745,0.06333333333333334
72746,0.023333333333333334
72747,0.6283333333333333
72748,0.195
72749,0.14166666666666666
72750,0.33666666666666667
72751,0.20666666666666667
72752,0.2633333333333333
72753,0.026666666666666665
72754,0.30666666666666664
72755,0.3166666666666667
72756,0.31666666666666665
72757,0.19666666666666666
72758,0.24666666666666665
72759,0.22166666666666665
72760,0.2033333333333333
72761,0.52
72762,0.985
72763,0.37333333333333335
72764,0.06
72765,0.7183333333333333
72766,0.09666666666666668
72767,0.20166666666666666
72768,0.725
72769,0.13666666666666666
72770,0.355
72771,0.3483333333333334
72772,0.058333333333333334
72773,0.3516666666666667
72774,0.39666666666666667
72775,0.44166666666666665
72776,0.7366666666666667
72777,0.68
72778,0.10666666666666666
72779,0.20333333333333334
72780,0.5233333333333333
72781,0.875
72782,0.043333333333333335
72783,0.27166666666666667
72784,0.7016666666666667
72785,0.25166666666666665
72786,0.6133333333333333
72787,0.011666666666666667
72788,0.5683333333333334
72789,0.8700000000000001
72790,0.06
72791,0.41
72792,0.3283333333333333
72793,0.24000000000000002
72794,0.2866666666666666
72795,0.3
72796,0.55
72797,0.7016666666666667
72798,0.8883333333333334
72799,0.055
72800,0.32333333333333336
72801,0.42833333333333334
72802,0.17666666666666667
72803,0.3033333333333333
72804,0.33666666666666667
72805,0.32333333333333336
72806,0.14166666666666666
72807,0.3616666666666667
72808,0.31333333333333335
72809,0.41833333333333333
72810,0.15333333333333332
72811,0.7283333333333333
72812,0.425
72813,0.18
72814,0.1
72815,0.2383333333333333
72816,0.25166666666666665
72817,0.44500000000000006
72818,0.04833333333333333
72819,0.11333333333333333
72820,0.08499999999999999
72821,0.11833333333333335
72822,0.43500000000000005
72823,0.9633333333333332
72824,0.40499999999999997
72825,0.26
72826,0.32333333333333336
72827,0.5249999999999999
72828,0.25166666666666665
72829,0.08499999999999999
72830,0.20666666666666667
72831,0.6616666666666666
72832,0.42333333333333334
72833,0.31
72834,0.27166666666666667
72835,0.18
72836,0.395
72837,0.27999999999999997
72838,0.18333333333333335
72839,0.7400000000000001
72840,0.6316666666666667
72841,0.041666666666666664
72842,0.23833333333333337
72843,0.3133333333333333
72844,0.3383333333333334
72845,0.04666666666666667
72846,0.33166666666666667
72847,0.05499999999999999
72848,0.71
72849,0.16999999999999998
72850,0.24333333333333335
72851,0.10166666666666667
72852,0.6916666666666667
72853,0.2583333333333333
72854,0.26
72855,0.6116666666666667
72856,0.8533333333333333
72857,0.03333333333333333
72858,0.29
72859,0.5633333333333334
72860,0.6216666666666666
72861,0.365
72862,0.06833333333333333
72863,0.9749999999999999
72864,0.16833333333333333
72865,0.31
72866,0.9299999999999999
72867,0.03833333333333333
72868,0.08166666666666667
72869,0.10333333333333333
72870,0.6133333333333333
72871,0.023333333333333334
72872,0.2566666666666667
72873,0.21333333333333332
72874,0.2733333333333334
72875,0.065
72876,0.9383333333333334
72877,0.6533333333333333
72878,0.695
72879,0.2
72880,0.6016666666666667
72881,0.7966666666666666
72882,0.09333333333333332
72883,0.7733333333333334
72884,0.1
72885,0.16
72886,0.245
72887,0.77
72888,0.485
72889,0.2033333333333333
72890,0.04166666666666667
72891,0.345
72892,0.5366666666666666
72893,0.16833333333333333
72894,0.38166666666666665
72895,0.30333333333333334
72896,0.07666666666666667
72897,0.3483333333333334
72898,0.17333333333333334
72899,0.29666666666666663
72900,0.38333333333333336
72901,0.7066666666666667
72902,0.18
72903,0.10499999999999998
72904,0.7033333333333333
72905,0.6033333333333333
72906,0.17333333333333334
72907,0.08
72908,0.20166666666666666
72909,0.68
72910,0.16833333333333333
72911,0.06666666666666667
72912,0.365
72913,0.4633333333333334
72914,0.016666666666666666
72915,0.5966666666666666
72916,0.35333333333333333
72917,0.2683333333333333
72918,0.32666666666666666
72919,0.205
72920,0.5216666666666667
72921,0.006666666666666667
72922,0.43333333333333335
72923,0.3133333333333333
72924,0.018333333333333333
72925,0.22166666666666668
72926,0.7466666666666666
72927,0.10666666666666669
72928,0.19833333333333336
72929,0.6233333333333333
72930,0.31166666666666665
72931,0.09166666666666667
72932,0.895
72933,0.325
72934,0.7133333333333333
72935,0.6799999999999999
72936,0.205
72937,0.31
72938,0.5483333333333333
72939,0.6216666666666667
72940,0.3066666666666667
72941,0.2833333333333333
72942,0.5516666666666666
72943,0.18666666666666665
72944,0.5383333333333333
72945,0.5333333333333333
72946,0.9216666666666666
72947,0.6516666666666666
72948,0.2733333333333333
72949,0.4566666666666666
72950,0.38166666666666665
72951,0.08
72952,0.2616666666666667
72953,0.3983333333333333
72954,0.6583333333333333
72955,0.07166666666666667
72956,0.34833333333333333
72957,0.24833333333333335
72958,0.24833333333333332
72959,0.395
72960,0.3383333333333333
72961,0.27999999999999997
72962,0.4683333333333333
72963,0.505
72964,0.43666666666666665
72965,0.7550000000000001
72966,0.635
72967,0.6950000000000001
72968,0.735
72969,0.06
72970,0.935
72971,0.47
72972,0.40166666666666667
72973,0.03666666666666667
72974,0.985
72975,0.33
72976,0.805
72977,0.5883333333333334
72978,0.3016666666666667
72979,0.08833333333333333
72980,0.5016666666666667
72981,0.3383333333333334
72982,0.6666666666666666
72983,0.6583333333333334
72984,0.27166666666666667
72985,0.3516666666666667
72986,0.05333333333333333
72987,0.29833333333333334
72988,0.4933333333333333
72989,0.25833333333333336
72990,0.2533333333333333
72991,0.3766666666666667
72992,0.15666666666666668
72993,0.2733333333333333
72994,0.2683333333333333
72995,0.525
72996,0.3833333333333333
72997,0.25
72998,0.5016666666666667
72999,0.38
73000,0.9616666666666667
73001,0.35833333333333334
73002,0.6783333333333333
73003,0.13833333333333334
73004,0.15166666666666667
73005,0.555
73006,0.78
73007,0.7033333333333333
73008,0.03166666666666667
73009,0.385
73010,0.7016666666666667
73011,0.7916666666666666
73012,0.9866666666666666
73013,0.6433333333333333
73014,0.37333333333333335
73015,0.675
73016,0.35
73017,0.5433333333333333
73018,0.9
73019,0.36
73020,0.028333333333333335
73021,0.69
73022,0.715
73023,0.025
73024,0.6499999999999999
73025,0.1416666666666667
73026,0.43333333333333335
73027,0.2783333333333333
73028,0.30166666666666664
73029,0.12
73030,0.08833333333333333
73031,0.9466666666666668
73032,0.135
73033,0.6783333333333333
73034,0.7450000000000001
73035,0.4
73036,0.8200000000000001
73037,0.38
73038,0.285
73039,0.6533333333333333
73040,0.19666666666666666
73041,0.47333333333333333
73042,0.23166666666666666
73043,0.13166666666666665
73044,0.265
73045,0.0033333333333333335
73046,0.005
73047,0.20833333333333334
73048,0.058333333333333334
73049,0.13166666666666665
73050,0.6483333333333333
73051,0.7383333333333334
73052,0.015000000000000001
73053,0.865
73054,0.28
73055,0.29833333333333334
73056,0.20833333333333331
73057,0.86
73058,0.7833333333333333
73059,0.14333333333333334
73060,0.3266666666666667
73061,0.4850000000000001
73062,0.25166666666666665
73063,0.20833333333333334
73064,0.545
73065,0.41666666666666663
73066,0.31000000000000005
73067,0.55
73068,0.155
73069,0.023333333333333334
73070,0.5316666666666667
73071,0.8999999999999999
73072,0.26666666666666666
73073,0.6950000000000001
73074,0.14166666666666666
73075,0.595
73076,0.44666666666666666
73077,0.18166666666666664
73078,0.4433333333333333
73079,0.745
73080,0.22166666666666668
73081,0.20500000000000002
73082,0.11666666666666667
73083,0.16999999999999998
73084,0.3983333333333333
73085,0.10500000000000001
73086,0.7816666666666667
73087,0.28833333333333333
73088,0.18833333333333332
73089,0.3733333333333333
73090,0.3783333333333334
73091,0.2816666666666667
73092,0.21166666666666667
73093,0.685
73094,0.27666666666666667
73095,0.6866666666666668
73096,0.13166666666666668
73097,0.025
73098,0.3683333333333333
73099,0.3566666666666667
73100,0.13166666666666668
73101,0.585
73102,0.25833333333333336
73103,0.6816666666666666
73104,0.06666666666666667
73105,0.5666666666666668
73106,0.016666666666666666
73107,0.555
73108,0.03166666666666667
73109,0.71
73110,0.8916666666666666
73111,0.30833333333333335
73112,0.9299999999999999
73113,0.36833333333333335
73114,0.36000000000000004
73115,0.065
73116,0.11666666666666667
73117,0.6766666666666666
73118,0.15
73119,0.4216666666666667
73120,0.20833333333333331
73121,0.2633333333333333
73122,0.345
73123,0.5283333333333333
73124,0.3
73125,0.4266666666666667
73126,0.6916666666666668
73127,0.9266666666666667
73128,0.3983333333333333
73129,0.06999999999999999
73130,0.8899999999999999
73131,0.05333333333333333
73132,0.5816666666666667
73133,0.95
73134,0.39
73135,0.21500000000000002
73136,0.5483333333333333
73137,0.18166666666666667
73138,0.9683333333333333
73139,0.04
73140,0.4683333333333334
73141,0.665
73142,0.14
73143,0.3583333333333334
73144,0.375
73145,0.68
73146,0.4966666666666667
73147,0.37
73148,0.23
73149,0.24166666666666664
73150,0.6950000000000001
73151,0.5583333333333333
73152,0.29500000000000004
73153,0.2033333333333333
73154,0.665
73155,0.26666666666666666
73156,0.30166666666666664
73157,0.7133333333333334
73158,0.59
73159,0.4833333333333333
73160,0.7483333333333333
73161,0.2533333333333333
73162,0.10500000000000001
73163,0.08333333333333333
73164,0.2583333333333333
73165,0.08666666666666667
73166,0.015
73167,0.005
73168,0.32
73169,0.63
73170,0.30166666666666664
73171,0.135
73172,0.6933333333333334
73173,0.03
73174,0.43499999999999994
73175,0.485
73176,0.15
73177,0.19666666666666666
73178,0.6566666666666666
73179,0.17
73180,0.2033333333333333
73181,0.32666666666666666
73182,0.3133333333333333
73183,0.605
73184,0.48
73185,0.20333333333333334
73186,0.2683333333333333
73187,0.7116666666666667
73188,0.44833333333333336
73189,0.5616666666666666
73190,0.4816666666666667
73191,0.73
73192,0.05
73193,0.35833333333333334
73194,0.24666666666666665
73195,0.5233333333333333
73196,0.21
73197,0.35333333333333333
73198,0.7266666666666667
73199,0.24833333333333335
73200,0.08499999999999999
73201,0.2916666666666667
73202,0.035
73203,0.33666666666666667
73204,0.15833333333333333
73205,0.43833333333333335
73206,0.32666666666666666
73207,0.7666666666666666
73208,0.5716666666666667
73209,0.6983333333333334
73210,0.33666666666666667
73211,0.2033333333333333
73212,0.95
73213,0.26
73214,0.185
73215,0.058333333333333334
73216,0.6316666666666666
73217,0.12666666666666665
73218,0.6416666666666667
73219,0.58
73220,0.011666666666666667
73221,0.6783333333333335
73222,0.7516666666666667
73223,0.20833333333333331
73224,0.3416666666666667
73225,0.36
73226,0.9616666666666667
73227,0.8333333333333335
73228,0.09999999999999999
73229,0.9566666666666666
73230,0.035
73231,0.19
73232,0.7783333333333333
73233,0.18833333333333332
73234,0.5933333333333333
73235,0.3333333333333333
73236,0.38833333333333336
73237,0.19333333333333333
73238,0.3233333333333333
73239,0.025
73240,0.22000000000000003
73241,0.05
73242,0.8916666666666666
73243,0.42999999999999994
73244,0.32166666666666666
73245,0.2866666666666667
73246,0.18333333333333335
73247,0.29833333333333334
73248,0.006666666666666667
73249,0.21166666666666667
73250,0.5333333333333333
73251,0.5083333333333334
73252,0.6266666666666666
73253,0.7833333333333334
73254,0.2783333333333333
73255,0.4983333333333334
73256,0.3833333333333333
73257,0.445
73258,0.6233333333333333
73259,0.5483333333333333
73260,0.9683333333333333
73261,0.045000000000000005
73262,0.4416666666666667
73263,0.3483333333333334
73264,0.22666666666666668
73265,0.33166666666666667
73266,0.28833333333333333
73267,0.3333333333333333
73268,0.515
73269,0.32666666666666666
73270,0.19833333333333336
73271,0.7516666666666667
73272,0.7316666666666667
73273,0.035
73274,0.27
73275,0.24833333333333335
73276,0.27666666666666667
73277,0.10333333333333333
73278,0.055
73279,0.135
73280,0.3833333333333333
73281,0.5716666666666667
73282,0.6083333333333333
73283,0.6283333333333333
73284,0.3183333333333333
73285,0.8216666666666668
73286,0.555
73287,0.9333333333333333
73288,0.33
73289,0.24
73290,0.34500000000000003
73291,0.9483333333333333
73292,0.195
73293,0.40166666666666667
73294,0.2666666666666667
73295,0.31166666666666665
73296,0.32333333333333336
73297,0.29
73298,0.43000000000000005
73299,0.6566666666666666
73300,0.175
73301,0.5833333333333334
73302,0.205
73303,0.585
73304,0.24333333333333335
73305,0.14166666666666666
73306,0.14333333333333334
73307,0.29000000000000004
73308,0.32166666666666666
73309,0.013333333333333332
73310,0.12666666666666668
73311,0.9466666666666665
73312,0.025
73313,0.42833333333333334
73314,0.06166666666666666
73315,0.9850000000000001
73316,0.16666666666666669
73317,0.145
73318,0.05500000000000001
73319,0.15333333333333335
73320,0.30666666666666664
73321,0.9383333333333335
73322,0.29333333333333333
73323,0.10333333333333335
73324,0.6216666666666666
73325,0.27666666666666667
73326,0.5466666666666666
73327,0.32333333333333336
73328,0.5333333333333333
73329,0.15000000000000002
73330,0.20166666666666663
73331,0.7233333333333334
73332,0.19
73333,0.8433333333333335
73334,0.235
73335,0.4866666666666667
73336,0.5183333333333333
73337,0.06
73338,0.24333333333333335
73339,0.18166666666666667
73340,0.3416666666666667
73341,0.2633333333333333
73342,0.08
73343,0.735
73344,0.6783333333333333
73345,0.625
73346,0.295
73347,0.08833333333333333
73348,0.3033333333333333
73349,0.7616666666666666
73350,0.028333333333333335
73351,0.075
73352,0.5083333333333333
73353,0.06666666666666667
73354,0.36833333333333335
73355,0.5816666666666667
73356,0.585
73357,0.7566666666666666
73358,0.30166666666666664
73359,0.17666666666666667
73360,0.37333333333333335
73361,0.425
73362,0.043333333333333335
73363,0.20833333333333334
73364,0.6983333333333333
73365,0.6166666666666667
73366,0.06333333333333332
73367,0.013333333333333334
73368,0.03833333333333333
73369,0.09166666666666666
73370,0.7116666666666667
73371,0.12
73372,0.3416666666666667
73373,0.3383333333333333
73374,0.3666666666666667
73375,0.255
73376,0.041666666666666664
73377,0.14333333333333334
73378,0.325
73379,0.025
73380,0.7116666666666667
73381,0.075
73382,0.26666666666666666
73383,0.26333333333333336
73384,0.03166666666666667
73385,0.675
73386,0.016666666666666666
73387,0.6533333333333333
73388,0.27
73389,0.69
73390,0.15166666666666667
73391,0.095
73392,0.015
73393,0.7766666666666666
73394,0.255
73395,0.32666666666666666
73396,0.20666666666666667
73397,0.4
73398,0.46333333333333326
73399,0.6533333333333333
73400,0.2766666666666666
73401,0.09
73402,0.365
73403,0.29833333333333334
73404,0.021666666666666667
73405,0.17166666666666666
73406,0.12833333333333333
73407,0.9316666666666668
73408,0.04
73409,0.27999999999999997
73410,0.96
73411,0.21666666666666667
73412,0.8866666666666667
73413,0.21333333333333332
73414,0.5216666666666667
73415,0.59
73416,0.355
73417,0.635
73418,0.6566666666666666
73419,0.30333333333333334
73420,0.03333333333333333
73421,0.5516666666666667
73422,0.305
73423,0.7566666666666666
73424,0.36666666666666664
73425,0.3633333333333333
73426,0.23833333333333334
73427,0.25666666666666665
73428,0.8766666666666667
73429,0.5483333333333333
73430,0.09
73431,0.19166666666666665
73432,0.19166666666666665
73433,0.305
73434,0.20500000000000002
73435,0.495
73436,0.24166666666666667
73437,0.35
73438,0.08
73439,0.36166666666666664
73440,0.185
73441,0.028333333333333332
73442,0.5133333333333333
73443,0.06666666666666667
73444,0.030000000000000002
73445,0.0016666666666666668
73446,0.32333333333333336
73447,0.4583333333333333
73448,0.135
73449,0.30833333333333335
73450,0.8516666666666666
73451,0.2516666666666667
73452,0.24666666666666665
73453,0.9616666666666667
73454,0.3116666666666667
73455,0.27666666666666667
73456,0.305
73457,0.045000000000000005
73458,0.07166666666666667
73459,0.2566666666666667
73460,0.315
73461,0.765
73462,0.8366666666666667
73463,0.075
73464,0.015
73465,0.33333333333333337
73466,0.03666666666666667
73467,0.016666666666666666
73468,0.7666666666666666
73469,0.021666666666666667
73470,0.5016666666666667
73471,0.7616666666666667
73472,0.9933333333333333
73473,0.09999999999999999
73474,0.3383333333333334
73475,0.39
73476,0.36666666666666664
73477,0.025
73478,0.04166666666666667
73479,0.39
73480,0.09833333333333333
73481,0.013333333333333334
73482,0.24666666666666665
73483,0.78
73484,0.9683333333333334
73485,0.49
73486,0.2366666666666667
73487,0.7266666666666667
73488,0.02
73489,0.03
73490,0.8716666666666666
73491,0.4633333333333334
73492,0.006666666666666667
73493,0.6566666666666667
73494,0.2516666666666667
73495,0.37666666666666665
73496,0.2033333333333333
73497,0.33
73498,0.15833333333333333
73499,0.19999999999999998
73500,0.6933333333333334
73501,0.11166666666666666
73502,0.17166666666666666
73503,0.6483333333333334
73504,0.13166666666666668
73505,0.68
73506,0.16166666666666668
73507,0.2866666666666666
73508,0.9333333333333333
73509,0.39
73510,0.305
73511,0.4666666666666667
73512,0.7016666666666667
73513,0.18833333333333335
73514,0.35833333333333334
73515,0.8533333333333333
73516,0.27666666666666667
73517,0.33666666666666667
73518,0.3466666666666667
73519,0.19
73520,0.245
73521,0.10166666666666666
73522,0.3666666666666667
73523,0.2733333333333333
73524,0.31333333333333335
73525,0.3383333333333333
73526,0.5666666666666667
73527,0.016666666666666666
73528,0.10666666666666669
73529,0.05333333333333334
73530,0.885
73531,0.81
73532,0.44333333333333336
73533,0.8183333333333334
73534,0.15833333333333333
73535,0.3
73536,0.17833333333333334
73537,0.2616666666666667
73538,0.6166666666666667
73539,0.1
73540,0.9833333333333333
73541,0.17166666666666663
73542,0.81
73543,0.14166666666666666
73544,0.018333333333333333
73545,0.395
73546,0.35666666666666663
73547,0.8683333333333334
73548,0.205
73549,0.61
73550,0.34
73551,0.295
73552,0.039999999999999994
73553,0.49666666666666665
73554,0.7733333333333333
73555,0.2733333333333334
73556,0.5
73557,0.35
73558,0.02666666666666667
73559,0.7983333333333333
73560,0.54
73561,0.30333333333333334
73562,0.41333333333333333
73563,0.2816666666666667
73564,0.9216666666666666
73565,0.665
73566,0.18000000000000002
73567,0.27166666666666667
73568,0.4633333333333334
73569,0.16
73570,0.725
73571,0.025
73572,0.2783333333333333
73573,0.06833333333333333
73574,0.6783333333333333
73575,0.6133333333333333
73576,0.11666666666666667
73577,0.17333333333333334
73578,0.4166666666666667
73579,0.20166666666666666
73580,0.0033333333333333335
73581,0.38833333333333336
73582,0.6466666666666667
73583,0.6799999999999999
73584,0.3516666666666667
73585,0.875
73586,0.4916666666666667
73587,0.043333333333333335
73588,0.5333333333333333
73589,0.655
73590,0.7566666666666666
73591,0.6916666666666667
73592,0.4166666666666667
73593,0.8583333333333332
73594,0.21333333333333335
73595,0.058333333333333334
73596,0.485
73597,0.5900000000000001
73598,0.165
73599,0.42666666666666664
73600,0.6
73601,0.2583333333333333
73602,0.7333333333333334
73603,0.6666666666666666
73604,0.26166666666666666
73605,0.7016666666666667
73606,0.23833333333333334
73607,0.17666666666666664
73608,0.45166666666666666
73609,0.06666666666666667
73610,0.27
73611,0.39166666666666666
73612,0.6233333333333333
73613,0.15500000000000003
73614,0.6066666666666666
73615,0.14
73616,0.9333333333333333
73617,0.16166666666666668
73618,0.05333333333333334
73619,0.6983333333333334
73620,0.043333333333333335
73621,0.935
73622,0.5516666666666666
73623,0.20500000000000002
73624,0.38499999999999995
73625,0.07666666666666666
73626,0.6766666666666667
73627,0.15333333333333332
73628,0.4816666666666667
73629,0.33666666666666667
73630,0.24
73631,0.3433333333333334
73632,0.24833333333333335
73633,0.7749999999999999
73634,0.13
73635,0.7866666666666666
73636,0.3216666666666667
73637,0.17333333333333334
73638,0.235
73639,0.5033333333333333
73640,0.09333333333333334
73641,0.3683333333333333
73642,0.49333333333333335
73643,0.7766666666666666
73644,0.5616666666666666
73645,0.6166666666666667
73646,0.8216666666666668
73647,0.06833333333333333
73648,0.6716666666666666
73649,0.8866666666666667
73650,0.11500000000000002
73651,0.21833333333333332
73652,0.5383333333333333
73653,0.23833333333333334
73654,0.31166666666666665
73655,0.21666666666666667
73656,0.02
73657,0.2583333333333333
73658,0.21
73659,0.11
73660,0.585
73661,0.07666666666666666
73662,0.06166666666666667
73663,0.95
73664,0.375
73665,0.2316666666666667
73666,0.2866666666666666
73667,0.028333333333333335
73668,0.15000000000000002
73669,0.006666666666666667
73670,0.27666666666666667
73671,0.14500000000000002
73672,0.41833333333333333
73673,0.3933333333333333
73674,0.8433333333333335
73675,0.6383333333333333
73676,0.02666666666666667
73677,0.6683333333333333
73678,0.4916666666666667
73679,0.4683333333333334
73680,0.9933333333333334
73681,0.1366666666666667
73682,0.345
73683,0.7066666666666667
73684,0.1433333333333333
73685,0.2316666666666667
73686,0.8383333333333334
73687,0.31666666666666665
73688,0.5466666666666667
73689,0.67
73690,0.4083333333333333
73691,0.13333333333333333
73692,0.13166666666666665
73693,0.2383333333333333
73694,0.8683333333333334
73695,0.18666666666666668
73696,0.06
73697,0.6033333333333333
73698,0.8866666666666667
73699,0.043333333333333335
73700,0.15666666666666668
73701,0.96
73702,0.38166666666666665
73703,0.5449999999999999
73704,0.3083333333333333
73705,0.26666666666666666
73706,0.10666666666666666
73707,0.2833333333333333
73708,0.16333333333333333
73709,0.01
73710,0.26
73711,0.36666666666666664
73712,0.37
73713,0.19
73714,0.6183333333333334
73715,0.19166666666666668
73716,0.11000000000000001
73717,0.4083333333333334
73718,0.6683333333333333
73719,0.8300000000000001
73720,0.9733333333333334
73721,0.38666666666666666
73722,0.35833333333333334
73723,0.17666666666666667
73724,0.195
73725,0.3283333333333333
73726,0.32833333333333337
73727,0.6150000000000001
73728,0.16333333333333333
73729,0.31666666666666665
73730,0.09
73731,0.22000000000000003
73732,0.365
73733,0.775
73734,0.28833333333333333
73735,0.02
73736,0.3766666666666667
73737,0.025
73738,0.295
73739,0.7366666666666667
73740,0.6583333333333333
73741,0.028333333333333335
73742,0.013333333333333332
73743,0.07
73744,0.36833333333333335
73745,0.43666666666666665
73746,0.42166666666666663
73747,0.43833333333333335
73748,0.5933333333333334
73749,0.41
73750,0.20333333333333334
73751,0.8716666666666666
73752,0.53
73753,0.32499999999999996
73754,0.41000000000000003
73755,0.2683333333333333
73756,0.4783333333333334
73757,0.66
73758,0.095
73759,0.21499999999999997
73760,0.3933333333333334
73761,0.7366666666666666
73762,0.9833333333333334
73763,0.6716666666666666
73764,0.33999999999999997
73765,0.30166666666666664
73766,0.9833333333333334
73767,0.4716666666666667
73768,0.275
73769,0.9433333333333334
73770,0.9299999999999999
73771,0.3716666666666667
73772,0.22666666666666668
73773,0.3
73774,0.09166666666666667
73775,0.5466666666666667
73776,0.6633333333333333
73777,0.3666666666666667
73778,0.24
73779,0.36
73780,0.495
73781,0.9549999999999998
73782,0.5466666666666667
73783,0.22999999999999998
73784,0.4033333333333333
73785,0.025
73786,0.3116666666666667
73787,0.135
73788,0.4766666666666667
73789,0.39
73790,0.385
73791,0.6333333333333333
73792,0.94
73793,0.6583333333333334
73794,0.395
73795,0.23833333333333334
73796,0.04
73797,0.028333333333333335
73798,0.6616666666666667
73799,0.17833333333333334
73800,0.16666666666666669
73801,0.195
73802,0.11
73803,0.2783333333333333
73804,0.20166666666666666
73805,0.32666666666666666
73806,0.29666666666666663
73807,0.18333333333333332
73808,0.71
73809,0.22999999999999998
73810,0.9616666666666667
73811,0.165
73812,0.125
73813,0.28833333333333333
73814,0.12333333333333332
73815,0.27499999999999997
73816,0.5
73817,0.016666666666666666
73818,0.8366666666666667
73819,0.20333333333333334
73820,0.20666666666666667
73821,0.3683333333333333
73822,0.08
73823,0.5166666666666667
73824,0.018333333333333333
73825,0.4666666666666667
73826,0.10500000000000001
73827,0.6666666666666667
73828,0.18166666666666667
73829,0.915
73830,0.5916666666666667
73831,0.6083333333333334
73832,0.29
73833,0.6466666666666667
73834,0.4866666666666667
73835,0.18833333333333335
73836,0.27
73837,0.3033333333333333
73838,0.9816666666666667
73839,0.3383333333333333
73840,0.35
73841,0.4883333333333333
73842,0.845
73843,0.32166666666666666
73844,0.025
73845,0.15333333333333335
73846,0.6383333333333333
73847,0.25666666666666665
73848,0.08333333333333334
73849,0.16333333333333333
73850,0.23166666666666666
73851,0.7849999999999999
73852,0.05333333333333334
73853,0.2366666666666667
73854,0.20500000000000002
73855,0.31833333333333336
73856,0.27999999999999997
73857,0.8099999999999999
73858,0.255
73859,0.16833333333333333
73860,0.5283333333333333
73861,0.185
73862,0.2833333333333333
73863,0.20833333333333334
73864,0.45333333333333337
73865,0.255
73866,0.16166666666666668
73867,0.3566666666666667
73868,0.7133333333333334
73869,0.355
73870,0.3616666666666667
73871,0.30833333333333335
73872,0.20333333333333334
73873,0.6749999999999999
73874,0.22333333333333333
73875,0.18166666666666667
73876,0.9616666666666667
73877,0.7416666666666667
73878,0.14333333333333334
73879,0.6016666666666666
73880,0.20666666666666667
73881,0.03833333333333333
73882,0.13666666666666666
73883,0.17
73884,0.6433333333333333
73885,0.74
73886,0.3016666666666667
73887,0.27166666666666667
73888,0.2833333333333333
73889,0.5449999999999999
73890,0.35833333333333334
73891,0.13166666666666665
73892,0.35000000000000003
73893,0.29
73894,0.3666666666666667
73895,0.42833333333333334
73896,0.6566666666666666
73897,0.12833333333333333
73898,0.4966666666666667
73899,0.11000000000000001
73900,0.9733333333333333
73901,0.08833333333333333
73902,0.41333333333333333
73903,0.7883333333333333
73904,0.8066666666666666
73905,0.40666666666666673
73906,0.21500000000000002
73907,0.2583333333333333
73908,0.3333333333333333
73909,0.17833333333333334
73910,0.10833333333333332
73911,0.2583333333333333
73912,0.15833333333333335
73913,0.26666666666666666
73914,0.17
73915,0.5800000000000001
73916,0.6166666666666667
73917,0.6583333333333333
73918,0.41666666666666663
73919,0.05666666666666667
73920,0.15833333333333333
73921,0.025
73922,0.4166666666666667
73923,0.013333333333333332
73924,0.22999999999999998
73925,0.525
73926,0.4716666666666667
73927,0.5883333333333334
73928,0.615
73929,0.245
73930,0.7983333333333333
73931,0.5283333333333333
73932,0.15166666666666667
73933,0.06333333333333334
73934,0.5666666666666667
73935,0.5433333333333333
73936,0.245
73937,0.34
73938,0.18666666666666665
73939,0.018333333333333333
73940,0.6616666666666666
73941,0.65
73942,0.6183333333333333
73943,0.018333333333333333
73944,0.2833333333333333
73945,0.08666666666666667
73946,0.9983333333333333
73947,0.4916666666666667
73948,0.21499999999999997
73949,0.6766666666666666
73950,0.9916666666666667
73951,0.6616666666666667
73952,0.395
73953,0.135
73954,0.955
73955,0.10333333333333333
73956,0.6416666666666667
73957,0.5133333333333333
73958,0.6616666666666667
73959,0.6699999999999999
73960,0.52
73961,0.305
73962,0.21
73963,0.97
73964,0.5366666666666666
73965,0.025
73966,0.44666666666666666
73967,0.6166666666666667
73968,0.55
73969,0.22666666666666668
73970,0.17333333333333334
73971,0.21166666666666667
73972,0.9433333333333334
73973,0.17666666666666667
73974,0.04666666666666666
73975,0.7483333333333333
73976,0.7916666666666666
73977,0.06
73978,0.365
73979,0.4033333333333333
73980,0.18833333333333335
73981,0.15833333333333335
73982,0.11
73983,0.07666666666666666
73984,0.4016666666666666
73985,0.19166666666666665
73986,0.20833333333333331
73987,0.73
73988,0.055
73989,0.405
73990,0.6516666666666667
73991,0.42333333333333334
73992,0.21999999999999997
73993,0.4483333333333333
73994,0.2016666666666667
73995,0.12333333333333332
73996,0.35833333333333334
73997,0.18166666666666667
73998,0.7566666666666666
73999,0.6883333333333334
74000,0.8266666666666667
74001,0.32666666666666666
74002,0.015
74003,0.23333333333333334
74004,0.7166666666666667
74005,0.28833333333333333
74006,0.011666666666666667
74007,0.09333333333333334
74008,0.5716666666666667
74009,0.43999999999999995
74010,0.19333333333333336
74011,0.7316666666666667
74012,0.30666666666666664
74013,0.335
74014,0.26333333333333336
74015,0.21499999999999997
74016,0.32666666666666666
74017,0.03833333333333334
74018,0.023333333333333334
74019,0.9049999999999999
74020,0.8
74021,0.10500000000000001
74022,0.18333333333333332
74023,0.22500000000000003
74024,0.35333333333333333
74025,0.8183333333333334
74026,0.18666666666666668
74027,0.18
74028,0.10166666666666666
74029,0.23333333333333334
74030,0.21833333333333332
74031,0.24666666666666665
74032,0.39
74033,0.016666666666666666
74034,0.725
74035,0.12666666666666668
74036,0.32999999999999996
74037,0.09666666666666666
74038,0.31166666666666665
74039,0.5483333333333333
74040,0.11666666666666667
74041,0.011666666666666667
74042,0.31166666666666665
74043,0.07333333333333333
74044,0.415
74045,0.6916666666666667
74046,0.9216666666666666
74047,0.4716666666666667
74048,0.5066666666666667
74049,0.17666666666666667
74050,0.016666666666666666
74051,0.19999999999999998
74052,0.10166666666666666
74053,0.26333333333333336
74054,0.215
74055,0.42833333333333334
74056,0.043333333333333335
74057,0.30666666666666664
74058,0.08666666666666666
74059,0.275
74060,0.42666666666666664
74061,0.44833333333333336
74062,0.36
74063,0.2533333333333333
74064,0.5583333333333333
74065,0.5133333333333333
74066,0.07833333333333334
74067,0.54
74068,0.6950000000000001
74069,0.74
74070,0.77
74071,0.7583333333333333
74072,0.30333333333333334
74073,0.9816666666666667
74074,0.5316666666666666
74075,0.775
74076,0.5183333333333333
74077,0.7833333333333332
74078,0.04666666666666667
74079,0.21500000000000002
74080,0.545
74081,0.295
74082,0.3383333333333334
74083,0.1716666666666667
74084,0.23666666666666666
74085,0.013333333333333332
74086,0.42833333333333334
74087,0.6116666666666667
74088,0.915
74089,0.08666666666666667
74090,0.6333333333333333
74091,0.008333333333333333
74092,0.37
74093,0.20500000000000002
74094,0.3616666666666667
74095,0.2783333333333333
74096,0.395
74097,0.62
74098,0.013333333333333334
74099,0.065
74100,0.7516666666666667
74101,0.46333333333333326
74102,0.09333333333333334
74103,0.6533333333333333
74104,0.18166666666666664
74105,0.21499999999999997
74106,0.7016666666666667
74107,0.12833333333333333
74108,0.09166666666666667
74109,0.255
74110,0.27
74111,0.38666666666666666
74112,0.5683333333333334
74113,0.18833333333333332
74114,0.505
74115,0.6516666666666667
74116,0.3233333333333333
74117,0.9266666666666666
74118,0.065
74119,0.20666666666666667
74120,0.37
74121,0.08166666666666667
74122,0.16333333333333333
74123,0.12333333333333335
74124,0.33666666666666667
74125,0.3433333333333334
74126,0.20666666666666667
74127,0.9616666666666667
74128,0.1733333333333333
74129,0.6116666666666667
74130,0.35333333333333333
74131,0.2783333333333333
74132,0.26
74133,0.31
74134,0.6116666666666667
74135,0.17666666666666667
74136,0.16333333333333333
74137,0.26
74138,0.05
74139,0.67
74140,0.37333333333333335
74141,0.6833333333333333
74142,0.44
74143,0.10166666666666667
74144,0.235
74145,0.5033333333333333
74146,0.3966666666666667
74147,0.14833333333333332
74148,0.315
74149,0.37666666666666665
74150,0.3216666666666667
74151,0.15666666666666668
74152,0.11666666666666667
74153,0.315
74154,0.2916666666666667
74155,0.09333333333333332
74156,0.22333333333333333
74157,0.18166666666666667
74158,0.37666666666666665
74159,0.2683333333333333
74160,0.8566666666666667
74161,0.6866666666666668
74162,0.08499999999999999
74163,0.16499999999999998
74164,0.3283333333333333
74165,0.12166666666666667
74166,0.5983333333333334
74167,0.03333333333333333
74168,0.17666666666666667
74169,0.1766666666666667
74170,0.09000000000000001
74171,0.19333333333333333
74172,0.23333333333333334
74173,0.735
74174,0.21833333333333332
74175,0.06833333333333334
74176,0.9433333333333334
74177,0.11499999999999999
74178,0.08000000000000002
74179,0.7016666666666667
74180,0.5283333333333333
74181,0.3
74182,0.09
74183,0.5033333333333334
74184,0.9833333333333334
74185,0.255
74186,0.26333333333333336
74187,0.35666666666666663
74188,0.5916666666666667
74189,0.05666666666666667
74190,0.915
74191,0.8483333333333333
74192,0.335
74193,0.4616666666666666
74194,0.31333333333333335
74195,0.6533333333333333
74196,0.2533333333333333
74197,0.2716666666666666
74198,0.5533333333333333
74199,0.28833333333333333
74200,0.10166666666666668
74201,0.6066666666666667
74202,0.6749999999999999
74203,0.81
74204,0.28833333333333333
74205,0.16833333333333333
74206,0.4600000000000001
74207,0.35
74208,0.011666666666666667
74209,0.15666666666666668
74210,0.335
74211,0.8999999999999999
74212,0.2633333333333333
74213,0.3383333333333333
74214,0.008333333333333333
74215,0.1433333333333333
74216,0.61
74217,0.12333333333333334
74218,0.21999999999999997
74219,0.6799999999999999
74220,0.3016666666666667
74221,0.08333333333333333
74222,0.7533333333333333
74223,0.35833333333333334
74224,0.3316666666666667
74225,0.5966666666666667
74226,0.4983333333333333
74227,0.24
74228,0.605
74229,0.043333333333333335
74230,0.37499999999999994
74231,0.9666666666666667
74232,0.20666666666666667
74233,0.235
74234,0.6033333333333334
74235,0.2816666666666667
74236,0.3
74237,0.9466666666666667
74238,0.5433333333333333
74239,0.03333333333333333
74240,0.22166666666666668
74241,0.5783333333333333
74242,0.9316666666666668
74243,0.2966666666666667
74244,0.08
74245,0.6133333333333333
74246,0.2633333333333333
74247,0.3466666666666667
74248,0.945
74249,0.20666666666666667
74250,0.4633333333333334
74251,0.095
74252,0.29166666666666663
74253,0.44833333333333336
74254,0.7466666666666667
74255,0.26
74256,0.08666666666666667
74257,0.22166666666666668
74258,0.16333333333333333
74259,0.235
74260,0.5566666666666668
74261,0.6833333333333333
74262,0.5233333333333333
74263,0.17333333333333337
74264,0.5516666666666666
74265,0.9816666666666667
74266,0.3
74267,0.29666666666666663
74268,0.21666666666666667
74269,0.07500000000000001
74270,0.5033333333333333
74271,0.5133333333333333
74272,0.29166666666666663
74273,0.48
74274,0.10666666666666667
74275,0.28500000000000003
74276,0.20833333333333331
74277,0.175
74278,0.25333333333333335
74279,0.5666666666666667
74280,0.185
74281,0.27999999999999997
74282,0.2
74283,0.018333333333333333
74284,0.11166666666666666
74285,0.35
74286,0.3433333333333333
74287,0.6583333333333333
74288,0.19666666666666666
74289,0.10666666666666667
74290,0.013333333333333332
74291,0.03166666666666667
74292,0.028333333333333335
74293,0.02666666666666667
74294,0.5066666666666667
74295,0.09166666666666666
74296,0.8600000000000001
74297,0.06833333333333334
74298,0.23333333333333334
74299,0.3033333333333333
74300,0.07500000000000001
74301,0.38333333333333336
74302,0.64
74303,0.6766666666666666
74304,0.8533333333333333
74305,0.57
74306,0.17333333333333334
74307,1.0
74308,0.3983333333333333
74309,0.725
74310,0.10166666666666667
74311,0.375
74312,0.7916666666666666
74313,0.5866666666666667
74314,0.9283333333333333
74315,0.9466666666666668
74316,0.5333333333333333
74317,0.8366666666666667
74318,0.34833333333333333
74319,0.07833333333333332
74320,0.18833333333333335
74321,0.3716666666666667
74322,0.3883333333333333
74323,0.03
74324,0.38666666666666666
74325,0.615
74326,0.105
74327,0.31333333333333335
74328,0.23500000000000001
74329,0.043333333333333335
74330,0.33166666666666667
74331,0.13333333333333333
74332,0.94
74333,0.3466666666666667
74334,0.4699999999999999
74335,0.24833333333333335
74336,0.15166666666666667
74337,0.18666666666666665
74338,0.46333333333333326
74339,0.7516666666666667
74340,0.155
74341,0.37666666666666665
74342,0.6883333333333332
74343,0.4333333333333333
74344,0.023333333333333334
74345,0.555
74346,0.4083333333333333
74347,0.043333333333333335
74348,0.10333333333333333
74349,0.4983333333333334
74350,0.3333333333333333
74351,0.37
74352,0.7783333333333333
74353,0.37333333333333335
74354,0.16833333333333333
74355,0.9383333333333334
74356,0.185
74357,0.08
74358,0.025
74359,0.17833333333333334
74360,0.7266666666666666
74361,0.20666666666666664
74362,0.20166666666666666
74363,0.21833333333333332
74364,0.7383333333333334
74365,0.03833333333333333
74366,0.20666666666666667
74367,0.525
74368,0.8433333333333333
74369,0.2033333333333333
74370,0.29333333333333333
74371,0.44833333333333336
74372,0.33166666666666667
74373,0.78
74374,0.0
74375,0.98
74376,0.45666666666666667
74377,0.65
74378,0.10166666666666667
74379,0.33166666666666667
74380,0.9116666666666666
74381,0.8049999999999999
74382,0.12333333333333335
74383,0.028333333333333335
74384,0.25
74385,0.06
74386,0.16666666666666669
74387,0.22999999999999998
74388,0.37
74389,0.21333333333333332
74390,0.5883333333333334
74391,0.5516666666666666
74392,0.145
74393,0.32333333333333336
74394,0.09666666666666665
74395,0.25666666666666665
74396,0.19666666666666666
74397,0.18
74398,0.285
74399,0.2466666666666667
74400,0.6566666666666667
74401,0.31166666666666665
74402,0.39166666666666666
74403,0.17666666666666667
74404,0.3733333333333334
74405,0.17166666666666666
74406,0.45166666666666666
74407,0.10500000000000001
74408,0.8633333333333333
74409,0.006666666666666667
74410,0.32333333333333336
74411,0.6716666666666666
74412,0.2816666666666666
74413,0.4966666666666667
74414,0.52
74415,0.5866666666666667
74416,0.18166666666666667
74417,0.9683333333333333
74418,0.9616666666666667
74419,0.15333333333333335
74420,0.3283333333333333
74421,0.14
74422,0.2733333333333333
74423,0.015000000000000001
74424,0.41000000000000003
74425,0.2466666666666667
74426,0.135
74427,0.5966666666666667
74428,0.03166666666666667
74429,0.30166666666666664
74430,0.3883333333333333
74431,0.25
74432,0.43000000000000005
74433,0.24
74434,0.12166666666666667
74435,0.65
74436,0.03666666666666667
74437,0.4916666666666667
74438,0.7016666666666667
74439,0.03166666666666666
74440,0.14166666666666666
74441,0.2316666666666667
74442,0.38666666666666666
74443,0.11333333333333334
74444,0.5850000000000001
74445,0.20166666666666666
74446,0.18
74447,0.29333333333333333
74448,0.7116666666666667
74449,0.735
74450,0.30166666666666664
74451,0.35
74452,0.4766666666666667
74453,0.36333333333333334
74454,0.5616666666666666
74455,0.165
74456,0.26666666666666666
74457,0.12833333333333335
74458,0.7183333333333334
74459,0.7083333333333334
74460,0.33
74461,0.665
74462,0.125
74463,0.4083333333333333
74464,0.2866666666666667
74465,0.175
74466,0.18666666666666665
74467,0.305
74468,0.06833333333333333
74469,0.6983333333333333
74470,0.6599999999999999
74471,0.3866666666666667
74472,0.23166666666666666
74473,0.27166666666666667
74474,0.43166666666666664
74475,0.09833333333333333
74476,0.06666666666666667
74477,0.125
74478,0.6383333333333333
74479,0.6383333333333333
74480,0.12333333333333334
74481,0.4833333333333333
74482,0.175
74483,0.21833333333333332
74484,0.245
74485,0.061666666666666675
74486,0.03
74487,0.045
74488,0.6016666666666667
74489,0.35
74490,0.5333333333333333
74491,0.03166666666666667
74492,0.30166666666666664
74493,0.9533333333333334
74494,0.15333333333333332
74495,0.545
74496,0.23333333333333334
74497,0.023333333333333334
74498,0.105
74499,0.325
74500,0.375
74501,0.7
74502,0.8799999999999999
74503,0.9099999999999999
74504,0.27
74505,0.013333333333333332
74506,0.6833333333333333
74507,0.5383333333333333
74508,0.475
74509,0.2866666666666667
74510,0.12
74511,0.14333333333333334
74512,0.29
74513,0.5683333333333334
74514,0.12
74515,0.8783333333333334
74516,0.46499999999999997
74517,0.395
74518,0.715
74519,0.6783333333333333
74520,0.023333333333333334
74521,0.6183333333333334
74522,0.06
74523,0.6616666666666666
74524,0.62
74525,0.5016666666666667
74526,0.34833333333333333
74527,0.21666666666666667
74528,0.7083333333333334
74529,0.22833333333333333
74530,0.31333333333333335
74531,0.30833333333333335
74532,0.11499999999999999
74533,0.8733333333333333
74534,0.6516666666666666
74535,0.3333333333333333
74536,0.03666666666666667
74537,0.18166666666666667
74538,0.07333333333333333
74539,0.24333333333333335
74540,0.24166666666666664
74541,0.3333333333333333
74542,0.06833333333333333
74543,0.12666666666666668
74544,0.22
74545,0.3466666666666666
74546,0.6866666666666666
74547,0.065
74548,0.03666666666666667
74549,0.2683333333333333
74550,0.535
74551,0.03166666666666667
74552,0.3383333333333333
74553,0.57
74554,0.7849999999999999
74555,0.32833333333333337
74556,0.5066666666666666
74557,0.3833333333333333
74558,0.18666666666666668
74559,0.635
74560,0.5249999999999999
74561,0.185
74562,0.9716666666666667
74563,0.32666666666666666
74564,0.5216666666666666
74565,0.17
74566,0.32
74567,0.18999999999999997
74568,0.46166666666666667
74569,0.5783333333333334
74570,0.03
74571,0.61
74572,0.9116666666666666
74573,0.45
74574,0.41000000000000003
74575,0.16166666666666668
74576,0.5183333333333333
74577,0.2533333333333333
74578,0.6516666666666666
74579,0.5583333333333333
74580,0.3383333333333334
74581,0.006666666666666667
74582,0.96
74583,0.4933333333333333
74584,0.36
74585,0.5416666666666666
74586,0.7116666666666667
74587,0.3066666666666667
74588,0.30166666666666664
74589,0.7383333333333333
74590,0.9516666666666667
74591,0.245
74592,0.04666666666666667
74593,0.023333333333333334
74594,0.31000000000000005
74595,0.8916666666666667
74596,0.7383333333333333
74597,0.6033333333333333
74598,0.2433333333333333
74599,0.3516666666666667
74600,0.4666666666666667
74601,0.6033333333333334
74602,0.995
74603,0.65
74604,0.4633333333333333
74605,0.21166666666666667
74606,0.3383333333333333
74607,0.46499999999999997
74608,0.365
74609,0.2333333333333333
74610,0.19666666666666668
74611,0.9333333333333333
74612,0.15666666666666668
74613,0.41500000000000004
74614,0.25666666666666665
74615,0.8350000000000001
74616,0.5783333333333334
74617,0.22
74618,0.18666666666666668
74619,0.6683333333333333
74620,0.43166666666666664
74621,0.3333333333333333
74622,0.7516666666666666
74623,0.915
74624,0.3233333333333333
74625,0.28833333333333333
74626,0.5633333333333334
74627,0.37333333333333335
74628,0.7433333333333333
74629,0.40166666666666667
74630,0.71
74631,0.645
74632,0.5933333333333333
74633,0.325
74634,0.11833333333333332
74635,0.2683333333333333
74636,0.33166666666666667
74637,0.5366666666666667
74638,0.19166666666666665
74639,0.7183333333333334
74640,0.9366666666666668
74641,0.13
74642,0.6950000000000001
74643,0.315
74644,0.7433333333333334
74645,0.42499999999999993
74646,0.73
74647,0.043333333333333335
74648,0.30166666666666664
74649,0.815
74650,0.42833333333333334
74651,0.22166666666666668
74652,0.2866666666666666
74653,0.26833333333333337
74654,0.025
74655,0.03166666666666666
74656,0.21833333333333332
74657,0.24833333333333335
74658,0.31666666666666665
74659,0.7333333333333334
74660,0.09666666666666666
74661,0.6433333333333334
74662,0.6783333333333333
74663,0.7849999999999999
74664,0.5599999999999999
74665,0.12499999999999999
74666,0.03833333333333333
74667,0.7166666666666667
74668,0.8466666666666667
74669,0.2833333333333333
74670,0.24666666666666665
74671,0.7433333333333334
74672,0.6983333333333334
74673,0.7483333333333333
74674,0.46
74675,0.15166666666666667
74676,0.5916666666666667
74677,0.6566666666666667
74678,0.05
74679,0.23833333333333334
74680,0.4916666666666667
74681,0.11333333333333333
74682,0.2733333333333333
74683,0.16833333333333333
74684,0.02
74685,0.16166666666666665
74686,0.18666666666666668
74687,0.7633333333333333
74688,0.755
74689,0.34
74690,0.32
74691,0.735
74692,0.62
74693,0.2633333333333333
74694,0.7783333333333333
74695,0.16833333333333333
74696,0.37
74697,0.2566666666666667
74698,0.08
74699,0.3433333333333333
74700,0.07166666666666667
74701,0.6833333333333333
74702,0.395
74703,0.155
74704,0.125
74705,0.4033333333333333
74706,0.08
74707,0.11000000000000001
74708,0.9833333333333334
74709,0.155
74710,0.38
74711,0.06166666666666666
74712,0.10166666666666667
74713,0.43666666666666665
74714,0.23833333333333334
74715,0.4066666666666666
74716,0.5616666666666666
74717,0.5183333333333333
74718,0.023333333333333334
74719,0.25333333333333335
74720,0.31833333333333336
74721,0.026666666666666665
74722,0.034999999999999996
74723,0.38333333333333336
74724,0.21000000000000002
74725,0.36
74726,0.02666666666666667
74727,0.5966666666666667
74728,0.24333333333333335
74729,0.625
74730,0.72
74731,0.5566666666666666
74732,0.75
74733,0.175
74734,0.17333333333333334
74735,0.33666666666666667
74736,0.5266666666666667
74737,0.14166666666666666
74738,0.22333333333333333
74739,0.17833333333333334
74740,0.05
74741,0.3866666666666667
74742,0.30166666666666664
74743,0.315
74744,0.008333333333333333
74745,0.405
74746,0.7000000000000001
74747,0.22166666666666668
74748,0.8083333333333333
74749,0.20333333333333334
74750,0.20666666666666667
74751,0.9166666666666666
74752,0.07333333333333333
74753,0.4116666666666666
74754,0.18
74755,0.5
74756,0.3516666666666667
74757,0.08333333333333334
74758,0.13166666666666665
74759,0.3816666666666667
74760,0.195
74761,0.7100000000000001
74762,0.5116666666666667
74763,0.22499999999999998
74764,0.18499999999999997
74765,0.22166666666666668
74766,0.27
74767,0.19666666666666666
74768,0.19166666666666665
74769,0.5783333333333334
74770,0.29166666666666663
74771,0.3733333333333333
74772,0.13333333333333333
74773,0.6749999999999999
74774,0.6616666666666667
74775,0.24666666666666665
74776,0.013333333333333334
74777,0.32
74778,0.5383333333333333
74779,0.31166666666666665
74780,0.41666666666666663
74781,0.2316666666666667
74782,0.21500000000000002
74783,0.905
74784,0.6733333333333333
74785,0.7916666666666667
74786,0.8183333333333334
74787,0.5766666666666667
74788,0.3433333333333333
74789,0.11499999999999999
74790,0.23666666666666664
74791,0.5233333333333334
74792,0.6466666666666667
74793,0.9766666666666667
74794,0.10833333333333334
74795,0.6433333333333333
74796,0.675
74797,0.985
74798,0.5216666666666666
74799,0.5916666666666667
74800,0.3566666666666667
74801,0.055
74802,0.3466666666666667
74803,0.05
74804,0.42166666666666663
74805,0.27166666666666667
74806,0.34833333333333333
74807,0.6833333333333333
74808,0.31333333333333335
74809,0.11666666666666667
74810,0.7050000000000001
74811,0.6883333333333334
74812,0.10833333333333334
74813,0.5816666666666667
74814,0.215
74815,0.08833333333333332
74816,0.24
74817,0.31333333333333335
74818,0.045
74819,0.7166666666666667
74820,0.028333333333333335
74821,0.3916666666666667
74822,0.5516666666666666
74823,0.20666666666666667
74824,0.11000000000000001
74825,0.06333333333333334
74826,0.6716666666666666
74827,0.30166666666666664
74828,0.61
74829,0.3683333333333333
74830,0.44166666666666665
74831,0.21333333333333335
74832,0.026666666666666665
74833,0.6883333333333332
74834,0.52
74835,0.24833333333333335
74836,0.895
74837,0.9416666666666667
74838,0.065
74839,0.635
74840,0.15666666666666668
74841,0.10666666666666669
74842,0.27999999999999997
74843,0.37333333333333335
74844,0.5716666666666667
74845,0.15
74846,0.25833333333333336
74847,0.3983333333333333
74848,0.47333333333333333
74849,0.32833333333333337
74850,0.115
74851,0.05
74852,0.6183333333333333
74853,0.27166666666666667
74854,0.016666666666666666
74855,0.5416666666666666
74856,0.16666666666666666
74857,0.51
74858,0.465
74859,0.3166666666666667
74860,0.35833333333333334
74861,0.595
74862,0.07833333333333334
74863,0.98
74864,0.3283333333333333
74865,0.2683333333333333
74866,0.3983333333333333
74867,0.365
74868,0.74
74869,0.17333333333333334
74870,0.6783333333333333
74871,0.15
74872,0.2683333333333333
74873,0.08
74874,0.2
74875,0.315
74876,0.2683333333333333
74877,0.26
74878,0.36
74879,0.2583333333333333
74880,0.15
74881,0.6516666666666666
74882,0.22833333333333333
74883,0.18
74884,0.02333333333333333
74885,0.3566666666666667
74886,0.2733333333333333
74887,0.31
74888,0.275
74889,0.005
74890,0.67
74891,0.775
74892,0.13666666666666666
74893,0.03166666666666667
74894,0.09166666666666666
74895,0.29000000000000004
74896,0.23833333333333334
74897,0.5266666666666666
74898,0.10166666666666667
74899,0.21166666666666667
74900,0.585
74901,0.48
74902,0.4116666666666666
74903,0.2866666666666667
74904,0.3566666666666667
74905,0.4066666666666666
74906,0.08333333333333333
74907,0.725
74908,0.42833333333333334
74909,0.27666666666666667
74910,0.09333333333333334
74911,0.35
74912,0.3766666666666667
74913,0.38
74914,0.9566666666666666
74915,0.24166666666666667
74916,0.83
74917,0.07
74918,0.15000000000000002
74919,0.7266666666666666
74920,0.8266666666666667
74921,0.16666666666666666
74922,0.7366666666666666
74923,0.5666666666666667
74924,0.3933333333333333
74925,0.7483333333333334
74926,0.98
74927,0.3683333333333333
74928,0.5033333333333334
74929,0.18
74930,0.37
74931,0.5666666666666667
74932,0.2566666666666667
74933,0.7300000000000001
74934,0.02
74935,0.9316666666666666
74936,0.8900000000000001
74937,0.77
74938,0.12
74939,0.5266666666666666
74940,0.5800000000000001
74941,0.7033333333333334
74942,0.085
74943,0.04166666666666667
74944,0.058333333333333334
74945,0.34833333333333333
74946,0.36833333333333335
74947,0.4883333333333333
74948,0.041666666666666664
74949,0.19166666666666668
74950,0.26666666666666666
74951,0.21333333333333332
74952,0.535
74953,0.32166666666666666
74954,0.12833333333333333
74955,0.42333333333333334
74956,0.3766666666666667
74957,0.9816666666666667
74958,0.16666666666666666
74959,0.475
74960,0.3466666666666666
74961,0.62
74962,0.7266666666666667
74963,0.525
74964,0.44166666666666665
74965,0.7383333333333333
74966,0.06999999999999999
74967,0.5733333333333334
74968,0.4366666666666667
74969,0.45499999999999996
74970,0.20333333333333334
74971,0.715
74972,0.2
74973,0.6966666666666667
74974,0.26
74975,0.42500000000000004
74976,0.028333333333333335
74977,0.3033333333333333
74978,0.3383333333333333
74979,0.043333333333333335
74980,0.30333333333333334
74981,0.35
74982,0.65
74983,0.12833333333333333
74984,0.008333333333333333
74985,0.018333333333333333
74986,0.24000000000000002
74987,0.32166666666666666
74988,0.29000000000000004
74989,0.05333333333333334
74990,0.11833333333333332
74991,0.27499999999999997
74992,0.33
74993,0.3516666666666667
74994,0.31833333333333336
74995,0.016666666666666666
74996,0.07333333333333333
74997,0.345
74998,0.3416666666666667
74999,0.023333333333333334
75000,0.3116666666666667
75001,0.38
75002,0.755
75003,0.1983333333333333
75004,0.5266666666666666
75005,0.24333333333333337
75006,0.08333333333333334
75007,0.4666666666666667
75008,0.5783333333333334
75009,0.22499999999999998
75010,0.105
75011,0.6683333333333333
75012,0.20666666666666667
75013,0.7350000000000001
75014,0.11
75015,0.32166666666666666
75016,0.24
75017,0.3083333333333333
75018,0.34166666666666673
75019,0.3233333333333333
75020,0.28
75021,0.6383333333333333
75022,0.6416666666666666
75023,0.22499999999999998
75024,0.21166666666666667
75025,0.3816666666666667
75026,0.8733333333333333
75027,0.16166666666666668
75028,0.3383333333333333
75029,0.3766666666666667
75030,0.14166666666666666
75031,0.22333333333333333
75032,0.9233333333333333
75033,0.34
75034,0.24
75035,0.30333333333333334
75036,0.8166666666666667
75037,0.725
75038,0.5183333333333333
75039,0.16833333333333333
75040,0.028333333333333335
75041,0.5133333333333333
75042,0.4066666666666666
75043,0.16
75044,0.16
75045,0.5316666666666666
75046,0.26166666666666666
75047,0.23666666666666666
75048,0.9716666666666667
75049,0.16833333333333333
75050,0.235
75051,0.14333333333333334
75052,0.34833333333333333
75053,0.7999999999999999
75054,0.8616666666666667
75055,0.03833333333333333
75056,0.32333333333333336
75057,0.6233333333333333
75058,0.35000000000000003
75059,0.22
75060,0.3933333333333333
75061,0.05666666666666667
75062,0.925
75063,0.10833333333333334
75064,0.6566666666666667
75065,0.6166666666666666
75066,0.15833333333333333
75067,0.055
75068,0.6383333333333333
75069,0.18166666666666667
75070,0.6866666666666666
75071,0.19499999999999998
75072,0.17833333333333334
75073,0.9933333333333334
75074,0.715
75075,0.515
75076,0.31333333333333335
75077,0.8483333333333334
75078,0.7783333333333333
75079,0.2533333333333333
75080,0.12166666666666667
75081,0.44499999999999995
75082,0.7100000000000001
75083,0.39333333333333337
75084,0.4316666666666667
75085,0.18166666666666667
75086,0.715
75087,0.2
75088,0.07166666666666667
75089,0.9416666666666667
75090,0.2366666666666667
75091,0.355
75092,0.21833333333333332
75093,0.08499999999999999
75094,0.3383333333333333
75095,0.5733333333333334
75096,0.43499999999999994
75097,0.5083333333333333
75098,0.15166666666666667
75099,0.7300000000000001
75100,0.011666666666666667
75101,0.32166666666666666
75102,0.31666666666666665
75103,0.6749999999999999
75104,0.5750000000000001
75105,0.6916666666666667
75106,0.07166666666666667
75107,0.27666666666666667
75108,0.03666666666666667
75109,0.35833333333333334
75110,0.52
75111,0.5016666666666667
75112,0.17166666666666666
75113,0.6016666666666667
75114,0.6233333333333333
75115,0.34833333333333333
75116,0.5866666666666667
75117,0.165
75118,0.47000000000000003
75119,0.4033333333333333
75120,0.013333333333333334
75121,0.25
75122,0.23
75123,0.38666666666666666
75124,0.11666666666666667
75125,0.6416666666666667
75126,0.365
75127,0.8966666666666667
75128,0.8033333333333333
75129,0.3466666666666666
75130,0.3716666666666667
75131,0.875
75132,0.21833333333333332
75133,0.6699999999999999
75134,0.06333333333333334
75135,0.6783333333333333
75136,0.32166666666666666
75137,0.29
75138,0.45999999999999996
75139,0.31333333333333335
75140,0.16166666666666668
75141,0.11833333333333333
75142,0.065
75143,0.125
75144,0.525
75145,0.35333333333333333
75146,0.42000000000000004
75147,0.018333333333333333
75148,0.2516666666666667
75149,0.8033333333333333
75150,0.22333333333333333
75151,0.32333333333333336
75152,0.155
75153,0.18
75154,0.20999999999999996
75155,0.45000000000000007
75156,0.135
75157,0.23
75158,0.4916666666666667
75159,0.7100000000000001
75160,0.52
75161,0.24833333333333335
75162,0.24
75163,0.17833333333333334
75164,0.3966666666666667
75165,0.18666666666666665
75166,0.04666666666666666
75167,0.5666666666666667
75168,0.27166666666666667
75169,0.4316666666666667
75170,0.11333333333333334
75171,0.3116666666666667
75172,0.55
75173,0.3266666666666667
75174,0.041666666666666664
75175,0.7816666666666667
75176,0.29833333333333334
75177,0.495
75178,0.06166666666666667
75179,0.21666666666666665
75180,0.1716666666666667
75181,0.13166666666666668
75182,0.12666666666666668
75183,0.42166666666666663
75184,0.65
75185,0.15833333333333333
75186,0.3716666666666667
75187,0.53
75188,0.19333333333333333
75189,0.6100000000000001
75190,0.15833333333333333
75191,0.2833333333333333
75192,0.025
75193,0.25
75194,0.5616666666666666
75195,0.9333333333333333
75196,0.10166666666666668
75197,0.35333333333333333
75198,0.45666666666666667
75199,0.03333333333333333
75200,0.10166666666666667
75201,0.2533333333333333
75202,0.25666666666666665
75203,0.535
75204,0.235
75205,0.2833333333333333
75206,0.32166666666666666
75207,0.34500000000000003
75208,0.2916666666666667
75209,0.9116666666666666
75210,0.5166666666666667
75211,0.36166666666666664
75212,0.6799999999999999
75213,0.15999999999999998
75214,0.065
75215,0.425
75216,0.42333333333333334
75217,0.5616666666666666
75218,0.6233333333333333
75219,0.24
75220,0.43666666666666665
75221,0.38999999999999996
75222,0.235
75223,0.5616666666666668
75224,0.015
75225,0.3533333333333334
75226,0.325
75227,0.41333333333333333
75228,0.22833333333333333
75229,0.16666666666666666
75230,0.59
75231,0.9199999999999999
75232,0.13
75233,0.2016666666666667
75234,0.9000000000000001
75235,0.495
75236,0.24666666666666665
75237,0.3133333333333333
75238,0.48833333333333334
75239,0.39
75240,0.6633333333333333
75241,0.7016666666666667
75242,0.6233333333333334
75243,0.475
75244,0.8066666666666666
75245,0.6933333333333334
75246,0.68
75247,0.7383333333333333
75248,0.7633333333333334
75249,0.06333333333333332
75250,0.15
75251,0.97
75252,0.04166666666666667
75253,0.45499999999999996
75254,0.43833333333333335
75255,0.415
75256,0.515
75257,0.30333333333333334
75258,0.31333333333333335
75259,0.42500000000000004
75260,0.19
75261,0.69
75262,0.675
75263,0.20833333333333331
75264,0.15
75265,0.19
75266,0.6
75267,0.09166666666666666
75268,0.62
75269,0.3283333333333333
75270,0.4616666666666667
75271,0.18333333333333335
75272,0.6716666666666667
75273,0.17666666666666667
75274,0.32333333333333336
75275,0.5633333333333332
75276,0.36833333333333335
75277,0.8083333333333333
75278,0.6100000000000001
75279,0.5716666666666668
75280,0.45166666666666666
75281,0.05833333333333333
75282,0.09666666666666666
75283,0.38
75284,0.018333333333333333
75285,0.9316666666666666
75286,0.8766666666666667
75287,0.9883333333333333
75288,0.37
75289,0.33
75290,0.06999999999999999
75291,0.36
75292,0.6399999999999999
75293,0.20500000000000002
75294,0.15666666666666668
75295,0.021666666666666667
75296,0.13833333333333334
75297,0.22999999999999998
75298,0.6283333333333334
75299,0.13166666666666668
75300,0.505
75301,0.2733333333333333
75302,0.5583333333333333
75303,0.14833333333333334
75304,0.4633333333333333
75305,0.4266666666666667
75306,0.20166666666666666
75307,0.6816666666666666
75308,0.9566666666666666
75309,0.14666666666666667
75310,0.6416666666666666
75311,0.22166666666666668
75312,0.295
75313,0.7749999999999999
75314,0.013333333333333334
75315,0.33
75316,0.6533333333333333
75317,0.075
75318,0.3
75319,0.9400000000000002
75320,0.68
75321,0.37166666666666665
75322,0.6183333333333334
75323,0.36333333333333334
75324,0.3466666666666666
75325,0.3566666666666667
75326,0.058333333333333334
75327,0.5566666666666666
75328,0.535
75329,0.10666666666666666
75330,0.7416666666666666
75331,0.13833333333333334
75332,0.6583333333333333
75333,0.6183333333333333
75334,0.021666666666666667
75335,0.03333333333333333
75336,0.30833333333333335
75337,0.14833333333333334
75338,0.1416666666666667
75339,0.06166666666666667
75340,0.15333333333333335
75341,0.6449999999999999
75342,0.825
75343,0.605
75344,0.22833333333333333
75345,0.5516666666666666
75346,0.30333333333333334
75347,0.05333333333333334
75348,0.14500000000000002
75349,0.10166666666666667
75350,0.3133333333333333
75351,0.7383333333333334
75352,0.155
75353,0.6633333333333333
75354,0.46166666666666667
75355,0.7116666666666667
75356,0.4833333333333333
75357,0.485
75358,0.4216666666666667
75359,0.37166666666666665
75360,0.335
75361,0.19333333333333333
75362,0.7033333333333334
75363,0.3983333333333334
75364,0.35
75365,0.16333333333333336
75366,0.6266666666666667
75367,0.08833333333333333
75368,0.025
75369,0.15333333333333335
75370,0.365
75371,0.2683333333333333
75372,0.96
75373,0.6233333333333333
75374,0.23833333333333334
75375,0.11833333333333332
75376,0.17166666666666666
75377,0.46833333333333327
75378,0.42000000000000004
75379,0.21833333333333332
75380,0.14
75381,0.5333333333333333
75382,0.9516666666666667
75383,0.6583333333333334
75384,0.9033333333333333
75385,0.9266666666666666
75386,0.23333333333333334
75387,0.2683333333333333
75388,0.6716666666666666
75389,0.30833333333333335
75390,0.29166666666666663
75391,0.16333333333333333
75392,0.3
75393,0.18
75394,0.6983333333333334
75395,0.33333333333333337
75396,0.2883333333333334
75397,0.295
75398,0.2033333333333333
75399,0.32833333333333337
75400,0.21833333333333332
75401,0.71
75402,0.5816666666666667
75403,0.37
75404,0.45666666666666667
75405,0.06333333333333334
75406,0.56
75407,0.13
75408,0.365
75409,0.32833333333333337
75410,0.7083333333333334
75411,0.04666666666666666
75412,0.6683333333333333
75413,0.14333333333333334
75414,0.165
75415,0.21166666666666664
75416,0.22833333333333333
75417,0.25166666666666665
75418,0.44499999999999995
75419,0.06666666666666667
75420,0.03166666666666667
75421,0.35833333333333334
75422,0.03166666666666667
75423,0.4266666666666667
75424,0.1733333333333333
75425,0.32999999999999996
75426,0.5716666666666667
75427,0.96
75428,0.32
75429,0.3733333333333333
75430,0.2833333333333333
75431,0.4883333333333334
75432,0.325
75433,0.22000000000000003
75434,0.25666666666666665
75435,0.7649999999999999
75436,0.016666666666666666
75437,0.018333333333333333
75438,0.2966666666666667
75439,0.115
75440,0.365
75441,0.15333333333333332
75442,0.5716666666666667
75443,0.18166666666666667
75444,0.16333333333333333
75445,0.026666666666666665
75446,0.4666666666666667
75447,0.42
75448,0.47
75449,0.5850000000000001
75450,0.15833333333333333
75451,0.045
75452,0.09833333333333333
75453,0.33
75454,0.25166666666666665
75455,0.7316666666666667
75456,0.07666666666666667
75457,0.10166666666666668
75458,0.5
75459,0.21333333333333335
75460,0.6233333333333333
75461,0.5883333333333334
75462,0.9950000000000001
75463,0.11666666666666665
75464,0.9633333333333334
75465,0.25166666666666665
75466,0.37333333333333335
75467,0.2733333333333333
75468,0.7783333333333334
75469,0.13166666666666665
75470,0.5816666666666667
75471,0.13666666666666666
75472,0.20666666666666664
75473,0.21333333333333335
75474,0.6433333333333333
75475,0.03166666666666667
75476,0.05333333333333334
75477,0.12
75478,0.13166666666666668
75479,0.8383333333333334
75480,0.02
75481,0.5283333333333333
75482,0.3516666666666667
75483,0.9216666666666666
75484,0.15333333333333332
75485,0.07166666666666667
75486,0.25
75487,0.19833333333333336
75488,0.6983333333333333
75489,0.49833333333333335
75490,0.041666666666666664
75491,0.03666666666666667
75492,0.8416666666666666
75493,0.6833333333333333
75494,0.4766666666666667
75495,0.5516666666666667
75496,0.29333333333333333
75497,0.7866666666666667
75498,0.6416666666666667
75499,0.14500000000000002
75500,0.043333333333333335
75501,0.20333333333333334
75502,0.4066666666666667
75503,0.7283333333333333
75504,0.12833333333333333
75505,0.8166666666666668
75506,0.7683333333333333
75507,0.058333333333333334
75508,0.265
75509,0.12333333333333334
75510,0.9183333333333332
75511,0.3916666666666666
75512,0.10999999999999999
75513,0.6666666666666666
75514,0.66
75515,0.2783333333333333
75516,0.49333333333333335
75517,0.4
75518,0.17166666666666666
75519,0.44833333333333336
75520,0.54
75521,0.77
75522,0.5216666666666667
75523,0.8483333333333334
75524,0.675
75525,0.22333333333333333
75526,0.06
75527,0.013333333333333332
75528,0.7616666666666667
75529,0.2816666666666667
75530,0.7050000000000001
75531,0.13833333333333334
75532,0.15833333333333333
75533,0.7116666666666667
75534,0.745
75535,0.045
75536,0.23333333333333334
75537,0.43500000000000005
75538,0.56
75539,0.4083333333333333
75540,0.39666666666666667
75541,0.9133333333333333
75542,0.7016666666666667
75543,0.03166666666666667
75544,0.28833333333333333
75545,0.6816666666666666
75546,0.3216666666666667
75547,0.3516666666666667
75548,0.9283333333333335
75549,0.09333333333333334
75550,0.5133333333333333
75551,0.035
75552,0.3416666666666667
75553,0.3216666666666667
75554,0.6233333333333333
75555,0.5383333333333333
75556,0.3616666666666667
75557,0.66
75558,0.2566666666666667
75559,0.835
75560,0.5466666666666666
75561,0.24
75562,0.035
75563,0.26
75564,0.37666666666666665
75565,0.7616666666666667
75566,0.6916666666666667
75567,0.11
75568,0.02
75569,0.655
75570,0.3516666666666667
75571,0.013333333333333334
75572,0.6666666666666666
75573,0.1
75574,0.6866666666666666
75575,0.18833333333333332
75576,0.33333333333333337
75577,0.7350000000000001
75578,0.4116666666666666
75579,0.365
75580,0.25833333333333336
75581,0.07166666666666667
75582,0.12
75583,0.14500000000000002
75584,0.52
75585,0.10666666666666666
75586,0.6
75587,0.5566666666666666
75588,0.34
75589,0.05
75590,0.3883333333333333
75591,0.31833333333333336
75592,0.3116666666666667
75593,0.32999999999999996
75594,0.635
75595,0.7183333333333334
75596,0.5166666666666667
75597,0.5583333333333333
75598,0.3833333333333333
75599,0.2533333333333333
75600,0.5566666666666666
75601,0.3383333333333333
75602,0.09000000000000001
75603,0.3166666666666667
75604,0.6
75605,0.605
75606,0.058333333333333334
75607,0.3333333333333333
75608,0.20500000000000002
75609,0.3883333333333333
75610,0.29500000000000004
75611,0.41333333333333333
75612,0.17333333333333334
75613,0.13166666666666668
75614,0.4083333333333333
75615,0.9033333333333333
75616,0.6616666666666666
75617,0.9283333333333335
75618,0.015
75619,0.2916666666666667
75620,0.29500000000000004
75621,0.6133333333333333
75622,0.1733333333333333
75623,0.28500000000000003
75624,0.33333333333333337
75625,0.31000000000000005
75626,0.3
75627,0.18333333333333335
75628,0.8116666666666665
75629,0.2733333333333333
75630,0.23
75631,0.3883333333333333
75632,0.615
75633,0.11833333333333335
75634,0.715
75635,0.5316666666666667
75636,0.375
75637,0.025
75638,0.645
75639,0.09666666666666666
75640,0.043333333333333335
75641,0.16499999999999998
75642,0.4666666666666667
75643,0.2733333333333333
75644,0.23333333333333334
75645,0.13499999999999998
75646,0.6050000000000001
75647,0.2683333333333333
75648,0.22
75649,0.2783333333333333
75650,0.23500000000000001
75651,0.09666666666666668
75652,0.22333333333333333
75653,0.27666666666666667
75654,0.6533333333333333
75655,0.94
75656,0.315
75657,0.06
75658,0.3666666666666667
75659,0.5183333333333333
75660,0.18333333333333335
75661,0.15
75662,0.16166666666666665
75663,0.3133333333333333
75664,0.9466666666666665
75665,0.10166666666666667
75666,0.15666666666666668
75667,0.8916666666666666
75668,0.365
75669,0.5233333333333333
75670,0.20833333333333331
75671,0.21000000000000002
75672,0.6483333333333333
75673,0.12666666666666668
75674,0.28833333333333333
75675,0.2033333333333333
75676,0.6566666666666666
75677,0.365
75678,0.615
75679,0.75
75680,0.3933333333333333
75681,0.61
75682,0.15
75683,0.23833333333333334
75684,0.3233333333333333
75685,0.5366666666666666
75686,0.5199999999999999
75687,0.45166666666666666
75688,0.195
75689,0.22166666666666668
75690,0.15333333333333332
75691,0.7466666666666666
75692,0.26666666666666666
75693,0.30166666666666664
75694,0.14833333333333332
75695,0.51
75696,0.03166666666666667
75697,0.47666666666666657
75698,0.35333333333333333
75699,0.15333333333333335
75700,0.5966666666666667
75701,0.8366666666666667
75702,0.1983333333333333
75703,0.8099999999999999
75704,0.015
75705,0.33666666666666667
75706,0.32333333333333336
75707,0.1
75708,0.425
75709,0.6583333333333333
75710,0.24833333333333332
75711,0.22999999999999998
75712,0.006666666666666667
75713,0.8666666666666667
75714,0.8266666666666668
75715,0.7183333333333334
75716,0.185
75717,0.2866666666666667
75718,0.18166666666666667
75719,0.22000000000000003
75720,0.16499999999999998
75721,0.6233333333333334
75722,0.22833333333333333
75723,0.5183333333333333
75724,0.6916666666666667
75725,0.165
75726,0.17833333333333334
75727,0.21666666666666665
75728,0.8033333333333333
75729,0.5366666666666667
75730,0.04833333333333334
75731,0.64
75732,0.6849999999999999
75733,0.6366666666666667
75734,0.07666666666666666
75735,0.25166666666666665
75736,0.016666666666666666
75737,0.175
75738,0.16833333333333333
75739,0.17333333333333334
75740,0.043333333333333335
75741,0.049999999999999996
75742,0.5916666666666667
75743,0.15666666666666668
75744,0.5733333333333334
75745,0.18833333333333332
75746,0.36333333333333334
75747,0.41666666666666663
75748,0.97
75749,0.11333333333333334
75750,0.2816666666666667
75751,0.5916666666666667
75752,0.21833333333333332
75753,0.16
75754,0.09
75755,0.22333333333333333
75756,0.37666666666666665
75757,0.2816666666666667
75758,0.4816666666666667
75759,0.41000000000000003
75760,0.011666666666666667
75761,0.5516666666666666
75762,0.20666666666666667
75763,0.245
75764,0.5383333333333333
75765,0.30833333333333335
75766,0.9216666666666666
75767,0.29666666666666663
75768,0.2
75769,0.9366666666666666
75770,0.5800000000000001
75771,0.4783333333333334
75772,0.6166666666666667
75773,0.65
75774,0.3766666666666667
75775,0.16166666666666668
75776,0.26
75777,0.23833333333333334
75778,0.17500000000000002
75779,0.2583333333333333
75780,0.7033333333333334
75781,0.011666666666666667
75782,0.685
75783,0.3183333333333333
75784,0.6833333333333333
75785,0.19
75786,0.5533333333333333
75787,0.2866666666666667
75788,0.10500000000000001
75789,0.5016666666666667
75790,0.7250000000000001
75791,0.011666666666666667
75792,0.035
75793,0.22833333333333333
75794,0.025
75795,0.36333333333333334
75796,0.039999999999999994
75797,0.4583333333333333
75798,0.8416666666666666
75799,0.21833333333333332
75800,0.165
75801,0.29333333333333333
75802,0.475
75803,0.051666666666666666
75804,0.165
75805,0.5583333333333333
75806,0.16166666666666665
75807,0.02
75808,0.355
75809,0.22333333333333336
75810,0.265
75811,0.9
75812,0.31166666666666665
75813,0.13166666666666668
75814,0.595
75815,0.33333333333333337
75816,0.3516666666666667
75817,0.5766666666666667
75818,0.03
75819,0.9466666666666668
75820,0.595
75821,0.645
75822,0.17166666666666666
75823,0.56
75824,0.265
75825,0.7733333333333333
75826,0.21333333333333332
75827,0.9550000000000001
75828,0.17666666666666667
75829,0.16
75830,0.6433333333333333
75831,0.06333333333333334
75832,0.42666666666666664
75833,0.38166666666666665
75834,0.5733333333333334
75835,0.32666666666666666
75836,0.04666666666666667
75837,0.25
75838,0.17333333333333334
75839,0.44166666666666665
75840,0.5033333333333334
75841,0.6166666666666666
75842,0.011666666666666667
75843,0.25166666666666665
75844,0.38666666666666666
75845,0.185
75846,0.695
75847,0.2583333333333333
75848,0.6416666666666667
75849,0.58
75850,0.15833333333333333
75851,0.495
75852,0.42500000000000004
75853,0.30333333333333334
75854,0.29333333333333333
75855,0.03666666666666667
75856,0.165
75857,0.8216666666666668
75858,0.48166666666666674
75859,0.8033333333333332
75860,0.19833333333333333
75861,0.8866666666666667
75862,0.36333333333333334
75863,0.315
75864,0.9016666666666667
75865,0.68
75866,0.6833333333333333
75867,0.07833333333333334
75868,0.9433333333333334
75869,0.63
75870,0.14
75871,0.49833333333333335
75872,0.13666666666666666
75873,0.15333333333333332
75874,0.8733333333333333
75875,0.03833333333333333
75876,0.6116666666666666
75877,0.8583333333333333
75878,0.9316666666666666
75879,0.085
75880,0.085
75881,0.2316666666666667
75882,0.125
75883,0.345
75884,0.20333333333333334
75885,0.3066666666666667
75886,0.135
75887,0.7566666666666666
75888,0.255
75889,0.013333333333333332
75890,0.37833333333333335
75891,0.6233333333333333
75892,0.6866666666666666
75893,0.14333333333333334
75894,0.14666666666666667
75895,0.245
75896,0.07
75897,0.315
75898,0.44333333333333336
75899,0.36
75900,0.4716666666666667
75901,0.6483333333333333
75902,0.26
75903,0.24833333333333335
75904,0.36333333333333334
75905,0.29833333333333334
75906,0.275
75907,0.6683333333333333
75908,0.04833333333333333
75909,0.24666666666666665
75910,0.44333333333333336
75911,0.39
75912,0.2966666666666667
75913,0.026666666666666665
75914,0.15
75915,0.65
75916,0.5216666666666667
75917,0.615
75918,0.68
75919,0.635
75920,0.02666666666666667
75921,0.7433333333333334
75922,0.43166666666666664
75923,0.15166666666666667
75924,0.045
75925,0.235
75926,0.23166666666666663
75927,0.015
75928,0.40166666666666667
75929,0.17500000000000002
75930,0.9283333333333332
75931,0.2816666666666666
75932,0.3033333333333333
75933,0.30333333333333334
75934,0.04833333333333334
75935,0.04
75936,0.9483333333333333
75937,0.3516666666666667
75938,0.16166666666666668
75939,0.665
75940,0.2683333333333333
75941,0.185
75942,0.6383333333333334
75943,0.6016666666666667
75944,0.2866666666666666
75945,0.5633333333333334
75946,0.24166666666666664
75947,0.16
75948,0.3283333333333333
75949,0.14166666666666666
75950,0.105
75951,0.5183333333333333
75952,0.14666666666666667
75953,0.043333333333333335
75954,0.6166666666666667
75955,0.5916666666666667
75956,0.043333333333333335
75957,0.12
75958,0.3016666666666667
75959,0.155
75960,0.03333333333333333
75961,0.14666666666666667
75962,0.04
75963,0.8066666666666666
75964,0.7333333333333333
75965,0.4716666666666667
75966,0.78
75967,0.29333333333333333
75968,0.335
75969,0.15833333333333333
75970,0.7233333333333333
75971,0.15666666666666668
75972,0.665
75973,0.7583333333333334
75974,0.22666666666666668
75975,0.6933333333333332
75976,0.18666666666666665
75977,0.9216666666666667
75978,0.30666666666666664
75979,0.10333333333333333
75980,0.9533333333333334
75981,0.35333333333333333
75982,0.24833333333333335
75983,0.5533333333333333
75984,0.04666666666666667
75985,0.12833333333333333
75986,0.16499999999999998
75987,0.8666666666666667
75988,0.38
75989,0.19833333333333333
75990,0.08833333333333333
75991,0.25333333333333335
75992,0.19333333333333336
75993,0.045
75994,0.3466666666666667
75995,0.195
75996,0.15333333333333335
75997,0.3933333333333333
75998,0.8200000000000001
75999,0.5816666666666667
76000,0.13166666666666665
76001,0.53
76002,0.23166666666666666
76003,0.3
76004,0.8783333333333332
76005,0.6499999999999999
76006,0.625
76007,0.17833333333333334
76008,0.20666666666666667
76009,0.6183333333333333
76010,0.28
76011,0.043333333333333335
76012,0.28833333333333333
76013,0.6233333333333334
76014,0.1816666666666667
76015,0.41000000000000003
76016,0.4966666666666667
76017,0.07166666666666667
76018,0.67
76019,0.1733333333333333
76020,0.10333333333333333
76021,0.6950000000000001
76022,0.7983333333333333
76023,0.04833333333333334
76024,0.12333333333333335
76025,0.6766666666666666
76026,0.21999999999999997
76027,0.5349999999999999
76028,0.27
76029,1.0
76030,0.9216666666666666
76031,0.59
76032,0.31166666666666665
76033,0.24666666666666665
76034,0.315
76035,0.315
76036,0.3783333333333333
76037,0.24833333333333335
76038,0.17666666666666667
76039,0.5449999999999999
76040,0.6166666666666666
76041,0.7
76042,0.9116666666666666
76043,0.645
76044,0.365
76045,0.3133333333333333
76046,0.31
76047,0.46166666666666667
76048,0.5733333333333334
76049,0.14166666666666666
76050,0.9683333333333333
76051,0.47333333333333333
76052,0.83
76053,0.021666666666666667
76054,0.9266666666666667
76055,0.9066666666666667
76056,0.04
76057,0.33999999999999997
76058,0.9183333333333334
76059,0.9866666666666666
76060,0.3383333333333333
76061,0.6466666666666666
76062,0.3583333333333334
76063,0.52
76064,0.2516666666666667
76065,0.02
76066,0.03166666666666667
76067,0.915
76068,0.32
76069,0.9716666666666667
76070,0.5116666666666667
76071,0.026666666666666665
76072,0.64
76073,0.74
76074,0.01
76075,0.9650000000000001
76076,0.22999999999999998
76077,0.38
76078,0.2783333333333333
76079,0.04166666666666667
76080,0.33999999999999997
76081,0.4883333333333334
76082,0.155
76083,0.42833333333333334
76084,0.16166666666666668
76085,0.4016666666666666
76086,0.2833333333333333
76087,0.12333333333333335
76088,0.11333333333333334
76089,0.11666666666666667
76090,0.21999999999999997
76091,0.125
76092,0.8083333333333333
76093,0.023333333333333334
76094,0.23666666666666664
76095,0.30333333333333334
76096,0.135
76097,0.31833333333333336
76098,0.25666666666666665
76099,0.655
76100,0.4416666666666667
76101,0.025
76102,0.011666666666666667
76103,0.595
76104,0.17666666666666667
76105,0.03666666666666666
76106,0.7483333333333333
76107,0.3483333333333334
76108,0.10500000000000001
76109,0.043333333333333335
76110,0.02
76111,0.6883333333333334
76112,0.13333333333333333
76113,0.7783333333333333
76114,0.5666666666666667
76115,0.31666666666666665
76116,0.7066666666666667
76117,0.8066666666666666
76118,0.45166666666666666
76119,0.018333333333333333
76120,0.17666666666666667
76121,0.27499999999999997
76122,0.99
76123,0.021666666666666667
76124,0.48
76125,0.3183333333333333
76126,0.21
76127,0.125
76128,0.12666666666666665
76129,0.33166666666666667
76130,0.045
76131,0.635
76132,0.12333333333333332
76133,0.02666666666666667
76134,0.04666666666666667
76135,0.45000000000000007
76136,0.32833333333333337
76137,0.3816666666666667
76138,0.05666666666666667
76139,0.965
76140,0.28500000000000003
76141,0.9033333333333333
76142,0.58
76143,0.32
76144,0.10166666666666667
76145,0.585
76146,0.7816666666666667
76147,0.49
76148,0.8666666666666666
76149,0.72
76150,0.17666666666666667
76151,0.5483333333333333
76152,0.11666666666666667
76153,0.29833333333333334
76154,0.3016666666666667
76155,0.3933333333333333
76156,0.4033333333333333
76157,0.05333333333333333
76158,0.185
76159,0.485
76160,0.27999999999999997
76161,0.8516666666666668
76162,0.7466666666666667
76163,0.5016666666666667
76164,0.18333333333333335
76165,0.6649999999999999
76166,0.18666666666666668
76167,0.03333333333333333
76168,0.7033333333333334
76169,0.24166666666666664
76170,0.04833333333333333
76171,0.3783333333333333
76172,0.18666666666666668
76173,0.04833333333333334
76174,0.9200000000000002
76175,0.12166666666666667
76176,0.34500000000000003
76177,0.31166666666666665
76178,0.9183333333333334
76179,0.8383333333333334
76180,0.785
76181,0.41666666666666663
76182,0.10500000000000001
76183,0.28
76184,0.04
76185,0.10166666666666667
76186,0.16166666666666668
76187,0.2816666666666667
76188,0.5033333333333334
76189,0.19999999999999998
76190,0.6316666666666667
76191,0.5666666666666667
76192,0.2833333333333334
76193,0.25
76194,0.40499999999999997
76195,0.22
76196,0.4083333333333333
76197,0.2
76198,0.4433333333333333
76199,0.49
76200,0.29
76201,0.4116666666666666
76202,0.39499999999999996
76203,0.25
76204,0.45666666666666667
76205,0.535
76206,0.62
76207,0.29333333333333333
76208,0.9716666666666667
76209,0.27166666666666667
76210,0.4016666666666666
76211,0.5883333333333334
76212,0.21000000000000002
76213,0.9066666666666667
76214,0.12000000000000001
76215,0.045
76216,0.38
76217,0.45333333333333337
76218,0.04666666666666667
76219,0.6283333333333333
76220,0.7350000000000001
76221,0.4683333333333334
76222,0.325
76223,0.03
76224,0.9
76225,0.19
76226,0.16333333333333333
76227,0.19833333333333336
76228,0.7233333333333334
76229,0.17333333333333334
76230,0.13499999999999998
76231,0.4633333333333333
76232,0.7533333333333334
76233,0.3
76234,0.0033333333333333335
76235,0.355
76236,0.19833333333333333
76237,0.205
76238,0.21499999999999997
76239,0.45499999999999996
76240,0.24666666666666665
76241,0.245
76242,0.16333333333333333
76243,0.43000000000000005
76244,0.165
76245,0.4116666666666666
76246,0.76
76247,0.16666666666666669
76248,0.275
76249,0.2766666666666666
76250,0.04833333333333334
76251,0.35500000000000004
76252,0.03833333333333334
76253,0.35
76254,0.4066666666666667
76255,0.22499999999999998
76256,0.25666666666666665
76257,0.66
76258,0.32166666666666666
76259,0.22
76260,0.08333333333333333
76261,0.30000000000000004
76262,0.44833333333333336
76263,0.47000000000000003
76264,0.15000000000000002
76265,0.3833333333333333
76266,0.21333333333333335
76267,0.15833333333333333
76268,0.7433333333333333
76269,0.14333333333333334
76270,0.7116666666666667
76271,0.625
76272,0.30000000000000004
76273,0.5466666666666666
76274,0.03666666666666667
76275,0.96
76276,0.8066666666666666
76277,0.36166666666666664
76278,0.355
76279,0.14
76280,0.585
76281,0.2733333333333333
76282,0.6683333333333333
76283,0.7716666666666666
76284,0.36000000000000004
76285,0.065
76286,0.5433333333333333
76287,0.75
76288,0.2466666666666667
76289,0.05333333333333333
76290,0.135
76291,0.04166666666666667
76292,0.24166666666666667
76293,0.3766666666666666
76294,0.21666666666666667
76295,0.2533333333333333
76296,0.19666666666666666
76297,0.5366666666666666
76298,0.14500000000000002
76299,0.06999999999999999
76300,0.36833333333333335
76301,0.3516666666666667
76302,0.9233333333333333
76303,0.885
76304,0.09
76305,0.7633333333333334
76306,0.32000000000000006
76307,0.715
76308,0.3366666666666667
76309,0.195
76310,0.6416666666666667
76311,0.31
76312,0.3866666666666667
76313,0.9266666666666665
76314,0.52
76315,0.17666666666666664
76316,0.3983333333333333
76317,0.5499999999999999
76318,0.15166666666666667
76319,0.018333333333333333
76320,0.38333333333333336
76321,0.6883333333333334
76322,0.17166666666666666
76323,0.5666666666666667
76324,0.355
76325,0.78
76326,0.17666666666666667
76327,0.4083333333333334
76328,0.10500000000000001
76329,0.6283333333333333
76330,0.10666666666666666
76331,0.16166666666666665
76332,0.6933333333333334
76333,0.35
76334,0.11499999999999999
76335,0.02
76336,0.21499999999999997
76337,0.22333333333333333
76338,0.09833333333333333
76339,0.018333333333333333
76340,0.37
76341,0.31833333333333336
76342,0.20833333333333331
76343,0.14833333333333334
76344,0.14166666666666666
76345,0.4833333333333333
76346,0.15833333333333333
76347,0.02666666666666667
76348,0.52
76349,0.10666666666666667
76350,0.315
76351,0.24166666666666664
76352,0.23833333333333334
76353,0.6016666666666667
76354,0.4033333333333333
76355,0.685
76356,0.3516666666666667
76357,0.026666666666666665
76358,0.5800000000000001
76359,0.3783333333333333
76360,0.15166666666666667
76361,0.18333333333333335
76362,0.36333333333333334
76363,0.13166666666666665
76364,0.30666666666666664
76365,0.09166666666666666
76366,0.4216666666666667
76367,0.035
76368,0.09333333333333334
76369,0.9450000000000001
76370,0.09333333333333332
76371,0.06
76372,0.5983333333333333
76373,0.09333333333333332
76374,0.465
76375,0.345
76376,0.5366666666666667
76377,0.09166666666666666
76378,0.36833333333333335
76379,0.31333333333333335
76380,0.20833333333333331
76381,0.20500000000000002
76382,0.5950000000000001
76383,0.5166666666666667
76384,0.13999999999999999
76385,0.13333333333333333
76386,0.33
76387,0.40499999999999997
76388,0.12166666666666667
76389,0.06666666666666667
76390,0.20166666666666666
76391,0.705
76392,0.45833333333333337
76393,0.7466666666666667
76394,0.5433333333333333
76395,0.16166666666666665
76396,0.7716666666666667
76397,0.9983333333333333
76398,0.275
76399,0.6866666666666666
76400,0.18666666666666665
76401,0.22499999999999998
76402,0.49
76403,0.33666666666666667
76404,0.5533333333333332
76405,0.32666666666666666
76406,0.92
76407,0.135
76408,0.2783333333333333
76409,0.11333333333333334
76410,0.6766666666666666
76411,0.05
76412,0.965
76413,0.15166666666666667
76414,0.7216666666666667
76415,0.2033333333333333
76416,0.4716666666666667
76417,0.55
76418,0.15333333333333332
76419,0.8366666666666667
76420,0.9099999999999999
76421,0.5316666666666667
76422,0.02333333333333333
76423,0.14666666666666667
76424,0.5266666666666666
76425,0.34
76426,0.21666666666666667
76427,0.02
76428,0.7649999999999999
76429,0.39
76430,0.535
76431,0.5233333333333333
76432,0.3666666666666667
76433,0.02333333333333333
76434,0.8666666666666667
76435,0.018333333333333333
76436,0.10666666666666667
76437,0.43666666666666665
76438,0.15833333333333333
76439,0.7200000000000001
76440,0.05333333333333333
76441,0.59
76442,0.2516666666666667
76443,0.24333333333333335
76444,0.7483333333333333
76445,0.29833333333333334
76446,0.10166666666666667
76447,0.3516666666666667
76448,0.7949999999999999
76449,0.11166666666666666
76450,0.33666666666666667
76451,0.555
76452,0.5983333333333333
76453,0.7283333333333334
76454,0.21
76455,0.31166666666666665
76456,0.058333333333333334
76457,0.03666666666666667
76458,0.38
76459,0.04
76460,0.36166666666666664
76461,0.37166666666666665
76462,0.8733333333333334
76463,0.9483333333333333
76464,0.1
76465,0.025
76466,0.013333333333333332
76467,0.5783333333333333
76468,0.12000000000000002
76469,0.9783333333333333
76470,0.6033333333333333
76471,0.4733333333333334
76472,0.15999999999999998
76473,0.325
76474,0.20666666666666667
76475,0.9916666666666667
76476,0.235
76477,0.011666666666666667
76478,0.9116666666666666
76479,0.03833333333333333
76480,0.035
76481,0.21166666666666667
76482,0.865
76483,0.025
76484,0.67
76485,0.09666666666666666
76486,0.10499999999999998
76487,0.66
76488,0.5516666666666666
76489,0.2833333333333333
76490,0.33999999999999997
76491,0.20166666666666666
76492,0.43000000000000005
76493,0.4600000000000001
76494,0.6583333333333333
76495,0.23833333333333334
76496,0.475
76497,0.3916666666666667
76498,0.5349999999999999
76499,0.5683333333333334
76500,0.59
76501,0.6083333333333334
76502,0.1816666666666667
76503,0.9883333333333333
76504,0.3683333333333333
76505,0.6549999999999999
76506,0.7016666666666667
76507,0.23833333333333334
76508,0.24
76509,0.32
76510,0.8416666666666667
76511,0.10166666666666667
76512,0.94
76513,0.8700000000000001
76514,0.9283333333333335
76515,0.61
76516,0.42666666666666664
76517,0.37666666666666665
76518,0.12333333333333335
76519,0.2783333333333333
76520,0.09999999999999999
76521,0.06333333333333332
76522,0.4166666666666667
76523,0.6333333333333333
76524,0.2516666666666667
76525,0.03
76526,0.23666666666666664
76527,0.026666666666666665
76528,0.16833333333333333
76529,0.11
76530,0.695
76531,0.9183333333333333
76532,0.155
76533,0.013333333333333334
76534,0.18333333333333332
76535,0.20166666666666666
76536,0.44333333333333325
76537,0.6116666666666667
76538,0.011666666666666667
76539,0.7566666666666666
76540,0.91
76541,0.04
76542,0.395
76543,0.11666666666666667
76544,0.215
76545,0.25166666666666665
76546,0.37833333333333335
76547,0.7133333333333334
76548,0.11833333333333333
76549,0.12000000000000002
76550,0.21333333333333332
76551,0.7566666666666667
76552,0.32499999999999996
76553,0.29333333333333333
76554,0.9566666666666666
76555,0.7216666666666667
76556,0.6483333333333333
76557,0.09833333333333333
76558,0.21333333333333335
76559,0.21666666666666667
76560,0.16666666666666666
76561,0.42333333333333334
76562,0.5800000000000001
76563,0.8099999999999998
76564,0.21999999999999997
76565,0.7833333333333334
76566,0.5866666666666667
76567,0.39
76568,0.15333333333333332
76569,0.9516666666666667
76570,0.20333333333333334
76571,0.16
76572,0.5116666666666667
76573,0.315
76574,0.4216666666666667
76575,0.62
76576,0.24333333333333335
76577,0.5066666666666666
76578,0.06999999999999999
76579,0.30166666666666664
76580,0.12666666666666668
76581,0.31333333333333335
76582,0.09666666666666666
76583,0.31833333333333336
76584,0.5983333333333333
76585,0.31166666666666665
76586,0.3466666666666666
76587,0.32166666666666666
76588,0.20833333333333337
76589,0.735
76590,0.9266666666666666
76591,0.38999999999999996
76592,0.44999999999999996
76593,0.235
76594,0.38
76595,0.7533333333333334
76596,0.2316666666666667
76597,0.7083333333333334
76598,0.8416666666666666
76599,0.015
76600,0.8933333333333333
76601,0.49
76602,0.011666666666666667
76603,0.6083333333333334
76604,0.6116666666666667
76605,0.5433333333333333
76606,0.15500000000000003
76607,0.32999999999999996
76608,0.9716666666666667
76609,0.35833333333333334
76610,0.7216666666666667
76611,0.32166666666666666
76612,0.5733333333333333
76613,0.6533333333333333
76614,0.32166666666666666
76615,0.03666666666666667
76616,0.18999999999999997
76617,0.2783333333333333
76618,0.36833333333333335
76619,0.28
76620,0.29666666666666663
76621,0.4149999999999999
76622,0.15166666666666664
76623,0.9100000000000001
76624,0.045
76625,0.15833333333333333
76626,0.37166666666666665
76627,0.355
76628,0.825
76629,0.9183333333333332
76630,0.45166666666666666
76631,0.16333333333333333
76632,0.3616666666666667
76633,0.013333333333333334
76634,0.2683333333333333
76635,0.27666666666666667
76636,0.24166666666666667
76637,0.6033333333333333
76638,0.59
76639,0.355
76640,0.5983333333333333
76641,0.13
76642,0.235
76643,0.8016666666666667
76644,0.030000000000000002
76645,0.5283333333333334
76646,0.34500000000000003
76647,0.3516666666666667
76648,0.11333333333333333
76649,0.64
76650,0.325
76651,0.7633333333333333
76652,0.4883333333333333
76653,0.915
76654,0.9433333333333334
76655,0.016666666666666666
76656,0.6366666666666666
76657,0.6416666666666667
76658,0.315
76659,0.06833333333333333
76660,0.2833333333333333
76661,0.6616666666666667
76662,0.023333333333333334
76663,0.21499999999999997
76664,0.31333333333333335
76665,0.025
76666,0.6633333333333333
76667,0.4116666666666666
76668,0.25166666666666665
76669,0.5616666666666666
76670,0.3183333333333333
76671,0.255
76672,0.6966666666666667
76673,0.10166666666666667
76674,0.42
76675,0.3466666666666667
76676,0.365
76677,0.24833333333333332
76678,0.6816666666666666
76679,0.5933333333333333
76680,0.6233333333333333
76681,0.29333333333333333
76682,0.6583333333333333
76683,0.22499999999999998
76684,0.6416666666666667
76685,0.6233333333333333
76686,0.7733333333333333
76687,0.8400000000000001
76688,0.25
76689,0.95
76690,0.31166666666666665
76691,0.9216666666666667
76692,0.18666666666666665
76693,0.025
76694,0.24166666666666667
76695,0.6950000000000001
76696,0.5233333333333333
76697,0.085
76698,0.11333333333333334
76699,0.018333333333333333
76700,0.6766666666666666
76701,0.10500000000000001
76702,0.10333333333333335
76703,0.26
76704,0.255
76705,0.5549999999999999
76706,0.4383333333333333
76707,0.05666666666666667
76708,0.5833333333333334
76709,0.7116666666666667
76710,0.23666666666666664
76711,0.6716666666666666
76712,0.021666666666666667
76713,0.7000000000000001
76714,0.38833333333333336
76715,0.64
76716,0.31333333333333335
76717,0.705
76718,0.005
76719,0.2283333333333333
76720,0.5783333333333333
76721,0.8366666666666667
76722,0.1716666666666667
76723,0.2633333333333333
76724,0.245
76725,0.7233333333333334
76726,0.21166666666666667
76727,0.3383333333333333
76728,0.6216666666666667
76729,0.2683333333333333
76730,0.725
76731,0.3233333333333333
76732,0.31833333333333336
76733,0.6533333333333333
76734,0.6983333333333334
76735,0.195
76736,0.011666666666666667
76737,0.835
76738,0.6499999999999999
76739,0.19
76740,0.6483333333333333
76741,0.015000000000000001
76742,0.7383333333333334
76743,0.18666666666666668
76744,0.42666666666666664
76745,0.2316666666666667
76746,0.45000000000000007
76747,0.3716666666666667
76748,0.31333333333333335
76749,0.5083333333333333
76750,0.25333333333333335
76751,0.3933333333333333
76752,0.6749999999999999
76753,0.3983333333333333
76754,0.27
76755,0.255
76756,0.6716666666666666
76757,0.5433333333333333
76758,0.15333333333333332
76759,0.5216666666666667
76760,0.2966666666666667
76761,0.5333333333333333
76762,0.07666666666666666
76763,0.19333333333333333
76764,0.245
76765,0.9616666666666667
76766,0.6616666666666667
76767,0.43333333333333335
76768,0.515
76769,0.013333333333333332
76770,0.30666666666666664
76771,0.13
76772,0.19
76773,0.15666666666666668
76774,0.7016666666666667
76775,0.595
76776,0.9566666666666667
76777,0.17833333333333334
76778,0.3283333333333333
76779,0.125
76780,0.15166666666666667
76781,0.7466666666666666
76782,0.2333333333333333
76783,0.4916666666666667
76784,0.64
76785,0.028333333333333335
76786,0.36333333333333334
76787,0.24333333333333332
76788,0.22166666666666668
76789,0.5983333333333334
76790,0.73
76791,0.31166666666666665
76792,0.13
76793,0.6766666666666666
76794,0.16666666666666666
76795,0.5666666666666667
76796,0.42000000000000004
76797,0.30000000000000004
76798,0.7783333333333334
76799,0.5316666666666667
76800,0.7316666666666667
76801,0.6983333333333334
76802,0.060000000000000005
76803,0.07333333333333333
76804,0.98
76805,0.68
76806,0.3766666666666667
76807,0.29000000000000004
76808,0.14166666666666666
76809,0.14666666666666667
76810,0.065
76811,0.3583333333333333
76812,0.039999999999999994
76813,0.31333333333333335
76814,0.8300000000000001
76815,0.6533333333333333
76816,0.5966666666666667
76817,0.335
76818,0.5366666666666666
76819,0.94
76820,0.165
76821,0.85
76822,0.38666666666666666
76823,0.7100000000000001
76824,0.59
76825,0.15
76826,0.66
76827,0.5833333333333334
76828,0.20833333333333334
76829,0.2683333333333333
76830,0.605
76831,0.13833333333333334
76832,0.25
76833,0.8799999999999999
76834,0.4033333333333333
76835,0.185
76836,0.7200000000000001
76837,0.24666666666666667
76838,0.5983333333333334
76839,0.16666666666666666
76840,0.15333333333333332
76841,0.185
76842,0.30500000000000005
76843,0.29500000000000004
76844,0.7433333333333333
76845,0.5716666666666668
76846,0.17833333333333334
76847,0.26166666666666666
76848,0.5066666666666667
76849,0.1716666666666667
76850,0.04833333333333333
76851,0.056666666666666664
76852,0.755
76853,0.03166666666666667
76854,0.67
76855,0.11833333333333335
76856,0.2366666666666667
76857,0.53
76858,0.15333333333333335
76859,0.6566666666666666
76860,0.27999999999999997
76861,0.1983333333333333
76862,0.64
76863,0.21333333333333332
76864,0.6183333333333333
76865,0.3616666666666667
76866,0.3616666666666667
76867,0.28833333333333333
76868,0.18
76869,0.17
76870,0.9933333333333333
76871,0.12666666666666668
76872,0.7266666666666667
76873,0.45166666666666666
76874,0.8499999999999999
76875,0.39666666666666667
76876,0.2816666666666667
76877,0.6233333333333333
76878,0.42999999999999994
76879,0.013333333333333334
76880,0.27166666666666667
76881,0.7916666666666666
76882,0.7649999999999999
76883,0.15333333333333335
76884,0.20666666666666667
76885,0.07
76886,0.31
76887,0.3
76888,0.075
76889,0.3383333333333333
76890,0.22333333333333333
76891,0.1
76892,0.6966666666666667
76893,0.3783333333333333
76894,0.44999999999999996
76895,0.5216666666666667
76896,0.03166666666666666
76897,0.04166666666666667
76898,0.515
76899,0.29833333333333334
76900,0.065
76901,0.04
76902,0.24833333333333332
76903,0.33333333333333337
76904,0.22000000000000003
76905,0.015
76906,0.48333333333333334
76907,0.6749999999999999
76908,0.25
76909,0.6266666666666667
76910,0.5983333333333334
76911,0.8933333333333333
76912,0.8183333333333334
76913,0.55
76914,0.2916666666666667
76915,0.2683333333333333
76916,0.5616666666666666
76917,0.7166666666666667
76918,0.135
76919,0.16333333333333333
76920,0.5133333333333333
76921,0.3783333333333333
76922,0.07666666666666667
76923,0.1
76924,0.13166666666666668
76925,0.9316666666666666
76926,0.41833333333333333
76927,0.3516666666666667
76928,0.06333333333333334
76929,0.27
76930,0.2683333333333333
76931,0.095
76932,0.395
76933,0.6900000000000001
76934,0.6133333333333334
76935,0.025
76936,0.2783333333333333
76937,0.42000000000000004
76938,0.34
76939,0.7016666666666665
76940,0.35333333333333333
76941,0.10166666666666668
76942,0.08
76943,0.47
76944,0.24666666666666665
76945,0.3066666666666667
76946,0.045
76947,0.6283333333333334
76948,0.32999999999999996
76949,0.07
76950,0.08
76951,0.4066666666666667
76952,0.1716666666666667
76953,0.8183333333333334
76954,0.09333333333333334
76955,0.27
76956,0.3966666666666667
76957,0.015000000000000001
76958,0.26166666666666666
76959,0.6016666666666667
76960,0.25
76961,0.26166666666666666
76962,0.44999999999999996
76963,0.5
76964,0.44166666666666665
76965,0.7650000000000001
76966,0.2833333333333334
76967,0.27999999999999997
76968,0.38833333333333336
76969,0.32333333333333336
76970,0.24666666666666665
76971,0.6983333333333334
76972,0.35
76973,0.19666666666666666
76974,0.525
76975,0.07833333333333334
76976,0.22999999999999998
76977,0.5983333333333334
76978,0.22333333333333333
76979,0.6883333333333334
76980,0.305
76981,0.5466666666666667
76982,0.18833333333333335
76983,0.3433333333333334
76984,0.35833333333333334
76985,0.81
76986,0.33999999999999997
76987,0.95
76988,0.6866666666666666
76989,0.20666666666666667
76990,0.36333333333333334
76991,0.9
76992,0.3483333333333333
76993,0.96
76994,0.018333333333333333
76995,0.29000000000000004
76996,0.3283333333333333
76997,0.7816666666666667
76998,0.05
76999,0.2733333333333333
77000,0.3766666666666667
77001,0.19333333333333333
77002,0.195
77003,0.96
77004,0.325
77005,0.895
77006,0.11666666666666665
77007,0.26333333333333336
77008,0.9233333333333333
77009,0.4933333333333333
77010,0.2583333333333333
77011,0.1
77012,0.34833333333333333
77013,0.18166666666666664
77014,0.18833333333333335
77015,0.12333333333333335
77016,0.44
77017,0.18833333333333335
77018,0.30666666666666664
77019,0.11666666666666667
77020,0.16833333333333333
77021,0.54
77022,0.29166666666666663
77023,0.4116666666666667
77024,0.17833333333333334
77025,0.15166666666666667
77026,0.05666666666666667
77027,0.2866666666666667
77028,0.36
77029,0.35833333333333334
77030,0.22666666666666663
77031,0.345
77032,0.2366666666666667
77033,0.8033333333333333
77034,0.3283333333333333
77035,0.8533333333333334
77036,0.18
77037,0.535
77038,0.5850000000000001
77039,0.12000000000000001
77040,0.4766666666666667
77041,0.16166666666666665
77042,0.22999999999999998
77043,0.38000000000000006
77044,0.43333333333333335
77045,0.36333333333333334
77046,0.07666666666666666
77047,0.04
77048,0.17666666666666667
77049,0.043333333333333335
77050,0.2383333333333333
77051,0.14
77052,0.15166666666666667
77053,0.3933333333333333
77054,0.155
77055,0.20666666666666667
77056,0.4
77057,0.595
77058,0.023333333333333334
77059,0.6916666666666667
77060,0.3333333333333333
77061,0.28500000000000003
77062,0.6833333333333333
77063,0.955
77064,0.07666666666666666
77065,0.465
77066,0.255
77067,0.8333333333333334
77068,0.22333333333333333
77069,0.05499999999999999
77070,0.245
77071,0.3133333333333333
77072,0.16499999999999998
77073,0.8766666666666667
77074,0.12166666666666667
77075,0.31666666666666665
77076,0.155
77077,0.18
77078,0.46499999999999997
77079,0.16166666666666668
77080,0.84
77081,0.32833333333333337
77082,0.47333333333333333
77083,0.22000000000000003
77084,0.135
77085,0.08
77086,0.21
77087,0.2616666666666667
77088,0.11833333333333332
77089,0.3833333333333333
77090,0.24333333333333332
77091,0.37
77092,0.08
77093,0.6916666666666667
77094,0.43333333333333335
77095,0.7666666666666666
77096,0.2416666666666667
77097,0.12166666666666667
77098,0.24333333333333335
77099,0.13
77100,0.8116666666666665
77101,0.4083333333333333
77102,0.6266666666666667
77103,0.6683333333333333
77104,0.15166666666666667
77105,0.775
77106,0.17166666666666666
77107,0.09666666666666666
77108,0.31833333333333336
77109,0.19166666666666668
77110,0.41833333333333333
77111,0.6749999999999999
77112,0.6066666666666667
77113,0.71
77114,0.028333333333333335
77115,0.09
77116,0.4966666666666667
77117,0.4633333333333334
77118,0.37666666666666665
77119,0.18666666666666665
77120,0.7916666666666666
77121,0.01
77122,0.32666666666666666
77123,0.17333333333333337
77124,0.09000000000000001
77125,0.15333333333333332
77126,0.29833333333333334
77127,0.48
77128,0.12
77129,0.42833333333333334
77130,0.885
77131,0.4033333333333334
77132,0.22
77133,0.26166666666666666
77134,0.195
77135,0.9466666666666667
77136,0.18666666666666668
77137,0.15833333333333333
77138,0.5549999999999999
77139,0.23
77140,0.9316666666666666
77141,0.18
77142,0.2916666666666667
77143,0.4149999999999999
77144,0.3733333333333333
77145,0.45999999999999996
77146,0.11333333333333334
77147,0.9216666666666666
77148,0.17500000000000002
77149,0.98
77150,0.4483333333333333
77151,0.265
77152,0.32833333333333337
77153,0.2866666666666667
77154,0.5366666666666666
77155,0.30500000000000005
77156,0.7416666666666666
77157,0.9266666666666667
77158,0.03
77159,0.5716666666666667
77160,0.6
77161,0.8216666666666668
77162,0.6116666666666667
77163,0.3233333333333333
77164,0.18666666666666665
77165,0.5016666666666666
77166,0.4216666666666667
77167,0.45
77168,0.2683333333333333
77169,0.04833333333333333
77170,0.20500000000000002
77171,0.5333333333333333
77172,0.03833333333333334
77173,0.29666666666666663
77174,0.725
77175,0.37166666666666665
77176,0.13833333333333334
77177,0.3066666666666667
77178,0.6783333333333333
77179,0.1983333333333333
77180,0.585
77181,0.3416666666666667
77182,0.31166666666666665
77183,0.6616666666666666
77184,0.795
77185,0.18
77186,0.6833333333333333
77187,0.38833333333333336
77188,0.19666666666666666
77189,0.3216666666666667
77190,0.36333333333333334
77191,0.26333333333333336
77192,0.23833333333333334
77193,0.32333333333333336
77194,0.18666666666666665
77195,0.31166666666666665
77196,0.33333333333333337
77197,0.27999999999999997
77198,0.9366666666666665
77199,0.7783333333333333
77200,0.28833333333333333
77201,0.3066666666666667
77202,0.2033333333333333
77203,0.93
77204,0.14333333333333334
77205,0.585
77206,0.19166666666666665
77207,0.025
77208,0.028333333333333332
77209,0.195
77210,0.5133333333333334
77211,0.245
77212,0.47333333333333333
77213,0.0
77214,0.295
77215,0.305
77216,0.06166666666666666
77217,0.32666666666666666
77218,0.29666666666666663
77219,0.11833333333333333
77220,0.6333333333333333
77221,0.41833333333333333
77222,0.4916666666666667
77223,0.9816666666666667
77224,0.555
77225,0.5216666666666667
77226,0.5316666666666666
77227,0.7866666666666666
77228,0.19166666666666665
77229,0.15333333333333332
77230,0.47
77231,0.04166666666666667
77232,0.15666666666666665
77233,0.26
77234,0.25333333333333335
77235,0.5166666666666667
77236,0.13833333333333334
77237,0.5750000000000001
77238,0.11833333333333332
77239,0.6133333333333333
77240,0.6866666666666666
77241,0.4716666666666667
77242,0.3
77243,0.4066666666666666
77244,0.19
77245,0.5633333333333334
77246,0.21000000000000002
77247,0.15333333333333332
77248,0.8733333333333333
77249,0.335
77250,0.78
77251,0.67
77252,0.42333333333333334
77253,0.035
77254,0.9133333333333333
77255,0.28833333333333333
77256,0.485
77257,0.03666666666666667
77258,0.7499999999999999
77259,0.24166666666666667
77260,0.7283333333333333
77261,0.405
77262,0.29833333333333334
77263,0.028333333333333335
77264,0.9466666666666665
77265,0.16166666666666665
77266,0.595
77267,0.20333333333333334
77268,0.6233333333333333
77269,0.3683333333333333
77270,0.265
77271,0.8883333333333334
77272,0.24833333333333335
77273,0.26
77274,0.19333333333333333
77275,0.12166666666666667
77276,0.305
77277,0.13999999999999999
77278,0.45833333333333337
77279,0.4933333333333333
77280,0.32333333333333336
77281,0.31
77282,0.7016666666666667
77283,0.2833333333333333
77284,0.6133333333333333
77285,0.26666666666666666
77286,0.745
77287,0.2866666666666667
77288,0.30166666666666664
77289,0.375
77290,0.0016666666666666668
77291,0.78
77292,0.6483333333333333
77293,0.14833333333333334
77294,0.665
77295,0.3933333333333333
77296,0.40666666666666673
77297,0.405
77298,0.4099999999999999
77299,0.5883333333333334
77300,0.5083333333333334
77301,0.44666666666666666
77302,0.8216666666666667
77303,0.10166666666666667
77304,0.20666666666666667
77305,0.02666666666666667
77306,0.15333333333333332
77307,0.04833333333333333
77308,0.12333333333333332
77309,0.3666666666666667
77310,0.49166666666666664
77311,0.9249999999999999
77312,0.26
77313,0.4783333333333333
77314,0.02666666666666667
77315,0.08166666666666667
77316,0.935
77317,0.8133333333333334
77318,0.22499999999999998
77319,0.1366666666666667
77320,0.2516666666666667
77321,0.025
77322,0.715
77323,0.21666666666666667
77324,0.46166666666666667
77325,0.45333333333333337
77326,0.36
77327,0.6916666666666667
77328,0.5
77329,0.7
77330,0.2866666666666667
77331,0.5633333333333334
77332,0.06666666666666667
77333,0.315
77334,0.4816666666666667
77335,0.1
77336,0.15
77337,0.125
77338,0.595
77339,0.7416666666666667
77340,0.3333333333333333
77341,0.7083333333333334
77342,0.2
77343,0.06333333333333334
77344,0.20333333333333334
77345,0.6233333333333333
77346,0.3383333333333334
77347,0.15
77348,0.7516666666666666
77349,0.41000000000000003
77350,0.19333333333333333
77351,0.3566666666666667
77352,0.6266666666666666
77353,0.3016666666666667
77354,0.12166666666666667
77355,0.18166666666666667
77356,0.2783333333333333
77357,0.10833333333333334
77358,0.4916666666666667
77359,0.31166666666666665
77360,0.19333333333333333
77361,0.2416666666666667
77362,0.5533333333333333
77363,0.33666666666666667
77364,0.7016666666666668
77365,0.7533333333333334
77366,0.21
77367,0.15166666666666667
77368,0.2116666666666667
77369,0.04666666666666667
77370,0.16666666666666669
77371,0.24
77372,0.22833333333333336
77373,0.7816666666666667
77374,0.4116666666666667
77375,0.10833333333333334
77376,0.35
77377,0.6000000000000001
77378,0.44
77379,0.8083333333333333
77380,0.9916666666666667
77381,0.18
77382,0.6033333333333333
77383,0.13333333333333336
77384,0.42833333333333334
77385,0.325
77386,0.6549999999999999
77387,0.175
77388,0.24166666666666667
77389,0.04
77390,0.02
77391,0.15666666666666668
77392,0.2533333333333333
77393,0.20500000000000002
77394,0.14666666666666667
77395,0.4066666666666667
77396,0.04666666666666666
77397,0.14666666666666667
77398,0.6716666666666666
77399,0.2733333333333333
77400,0.025
77401,0.9116666666666666
77402,0.16166666666666665
77403,0.18
77404,0.10500000000000001
77405,0.575
77406,0.3416666666666667
77407,0.33
77408,0.6433333333333333
77409,0.6466666666666667
77410,0.79
77411,0.7433333333333333
77412,0.72
77413,0.23833333333333334
77414,0.29333333333333333
77415,0.7083333333333334
77416,0.3616666666666667
77417,0.5083333333333333
77418,0.39666666666666667
77419,0.05666666666666667
77420,0.3383333333333333
77421,0.5133333333333333
77422,0.22666666666666663
77423,0.22999999999999998
77424,0.39
77425,0.455
77426,0.15166666666666667
77427,0.4850000000000001
77428,0.11666666666666667
77429,0.6333333333333333
77430,0.26499999999999996
77431,0.20666666666666667
77432,0.275
77433,0.5966666666666667
77434,0.4016666666666666
77435,0.16499999999999998
77436,0.6666666666666667
77437,0.11500000000000002
77438,0.14333333333333334
77439,0.32
77440,0.07333333333333333
77441,0.9466666666666667
77442,0.03666666666666667
77443,0.12166666666666667
77444,0.48500000000000004
77445,0.6950000000000001
77446,0.29500000000000004
77447,0.16666666666666669
77448,0.5066666666666667
77449,0.04666666666666666
77450,0.8366666666666667
77451,0.20333333333333334
77452,0.31166666666666665
77453,0.3083333333333333
77454,0.095
77455,0.57
77456,0.3066666666666667
77457,0.4016666666666666
77458,0.15166666666666667
77459,0.31
77460,0.4716666666666667
77461,0.11500000000000002
77462,0.31333333333333335
77463,0.18499999999999997
77464,0.6366666666666667
77465,0.325
77466,0.4116666666666667
77467,0.4933333333333334
77468,0.2683333333333333
77469,0.46
77470,0.885
77471,0.9433333333333334
77472,0.9916666666666667
77473,0.3816666666666667
77474,0.17166666666666666
77475,0.13166666666666665
77476,0.21000000000000002
77477,0.20833333333333334
77478,0.3533333333333334
77479,0.30333333333333334
77480,0.05666666666666667
77481,0.13666666666666666
77482,0.38
77483,0.06666666666666667
77484,0.32666666666666666
77485,0.08333333333333334
77486,0.04
77487,0.011666666666666667
77488,0.19833333333333333
77489,0.3416666666666667
77490,0.9633333333333334
77491,0.33
77492,0.5516666666666666
77493,0.2
77494,0.3466666666666667
77495,0.27666666666666667
77496,0.04833333333333334
77497,0.33666666666666667
77498,0.3866666666666667
77499,0.2566666666666667
77500,0.30166666666666664
77501,0.19333333333333333
77502,0.8683333333333333
77503,0.37166666666666665
77504,0.058333333333333334
77505,0.7433333333333334
77506,0.7266666666666667
77507,0.24833333333333335
77508,0.4
77509,0.7583333333333333
77510,0.2316666666666667
77511,0.22833333333333333
77512,0.8933333333333333
77513,0.6433333333333333
77514,0.435
77515,0.8483333333333333
77516,0.3766666666666667
77517,0.175
77518,0.8483333333333334
77519,0.9433333333333334
77520,0.8216666666666668
77521,0.095
77522,0.575
77523,0.18
77524,0.16333333333333333
77525,0.9416666666666667
77526,0.16999999999999998
77527,0.7033333333333334
77528,0.16166666666666668
77529,0.45833333333333337
77530,0.06833333333333333
77531,0.14666666666666667
77532,0.21999999999999997
77533,0.7649999999999999
77534,0.47000000000000003
77535,0.11333333333333334
77536,0.021666666666666667
77537,0.6633333333333333
77538,0.13999999999999999
77539,0.12
77540,0.065
77541,0.07
77542,0.71
77543,0.5133333333333333
77544,0.26
77545,0.715
77546,0.15999999999999998
77547,0.42333333333333334
77548,0.38
77549,0.27666666666666667
77550,0.36
77551,0.245
77552,0.3333333333333333
77553,0.28
77554,0.14666666666666667
77555,0.7266666666666667
77556,0.4816666666666667
77557,0.2416666666666667
77558,0.7533333333333334
77559,0.6566666666666667
77560,0.7333333333333333
77561,0.28500000000000003
77562,0.058333333333333334
77563,0.3616666666666667
77564,0.5383333333333333
77565,0.575
77566,0.595
77567,0.03333333333333333
77568,0.5066666666666666
77569,0.18333333333333335
77570,0.16666666666666666
77571,0.27166666666666667
77572,0.015000000000000001
77573,0.1933333333333333
77574,0.375
77575,0.9316666666666666
77576,0.06666666666666667
77577,0.01
77578,0.97
77579,0.12333333333333335
77580,0.21500000000000002
77581,0.37333333333333335
77582,0.265
77583,0.8583333333333334
77584,0.5433333333333333
77585,0.5066666666666667
77586,0.19
77587,0.05666666666666667
77588,0.09000000000000001
77589,0.005
77590,0.3883333333333333
77591,0.3
77592,0.24833333333333335
77593,0.6566666666666666
77594,0.4933333333333333
77595,0.9633333333333332
77596,0.6983333333333334
77597,0.19166666666666665
77598,0.23666666666666664
77599,0.9649999999999999
77600,0.18999999999999997
77601,0.05666666666666667
77602,0.155
77603,0.20666666666666667
77604,0.12999999999999998
77605,0.38
77606,0.31166666666666665
77607,0.2733333333333333
77608,0.7666666666666667
77609,0.62
77610,0.21666666666666667
77611,0.07833333333333332
77612,0.5066666666666667
77613,0.15666666666666665
77614,0.32
77615,0.21166666666666667
77616,0.05333333333333334
77617,0.235
77618,0.03166666666666667
77619,0.2533333333333333
77620,0.7916666666666666
77621,0.3416666666666667
77622,0.058333333333333334
77623,0.34833333333333333
77624,0.175
77625,0.6816666666666666
77626,0.9083333333333334
77627,0.04666666666666667
77628,0.15666666666666668
77629,0.5883333333333334
77630,0.8616666666666667
77631,0.03333333333333333
77632,0.28
77633,0.2733333333333333
77634,0.15833333333333333
77635,0.09833333333333334
77636,0.6983333333333334
77637,0.24
77638,0.405
77639,0.27
77640,0.63
77641,0.7333333333333334
77642,0.32999999999999996
77643,0.935
77644,0.02
77645,0.2833333333333333
77646,0.6566666666666666
77647,0.03
77648,0.8566666666666667
77649,0.6816666666666666
77650,0.935
77651,0.025
77652,0.5466666666666666
77653,0.21666666666666667
77654,0.8883333333333333
77655,0.01
77656,0.1433333333333333
77657,0.6366666666666667
77658,0.45999999999999996
77659,0.49
77660,0.32
77661,0.19999999999999998
77662,0.21333333333333337
77663,0.023333333333333334
77664,0.16499999999999998
77665,0.585
77666,0.5533333333333333
77667,0.7983333333333333
77668,0.24666666666666665
77669,0.22499999999999998
77670,0.21166666666666667
77671,0.25
77672,0.1766666666666667
77673,0.5316666666666667
77674,0.6116666666666666
77675,0.33333333333333337
77676,0.6083333333333333
77677,0.53
77678,0.14666666666666667
77679,0.25333333333333335
77680,0.11333333333333334
77681,0.5883333333333334
77682,0.5383333333333333
77683,0.4883333333333333
77684,0.14666666666666667
77685,0.29833333333333334
77686,0.17333333333333334
77687,0.30166666666666664
77688,0.95
77689,0.4783333333333333
77690,0.16333333333333336
77691,0.13833333333333334
77692,0.31999999999999995
77693,0.15
77694,0.8966666666666667
77695,0.27666666666666667
77696,0.6933333333333334
77697,0.6749999999999999
77698,0.4933333333333333
77699,0.2683333333333333
77700,0.3233333333333333
77701,0.3233333333333333
77702,0.33166666666666667
77703,0.25
77704,0.5650000000000001
77705,0.095
77706,0.03333333333333333
77707,0.8966666666666667
77708,0.1
77709,0.075
77710,0.03166666666666667
77711,0.195
77712,0.43666666666666665
77713,0.645
77714,0.8266666666666667
77715,0.2783333333333333
77716,0.2583333333333333
77717,0.5199999999999999
77718,0.9583333333333333
77719,0.2016666666666667
77720,0.2916666666666667
77721,0.04666666666666667
77722,0.041666666666666664
77723,0.27
77724,0.34833333333333333
77725,0.20666666666666667
77726,0.21833333333333332
77727,0.31333333333333335
77728,0.32999999999999996
77729,0.39333333333333337
77730,0.5466666666666667
77731,0.6466666666666666
77732,0.11333333333333334
77733,0.15166666666666667
77734,0.06
77735,0.6616666666666666
77736,0.43666666666666665
77737,0.67
77738,0.21666666666666667
77739,0.135
77740,0.11666666666666667
77741,0.175
77742,0.2833333333333333
77743,0.18999999999999997
77744,0.6916666666666667
77745,0.11666666666666667
77746,0.17833333333333332
77747,0.31
77748,0.9550000000000001
77749,0.9566666666666666
77750,0.3416666666666667
77751,0.29666666666666663
77752,0.95
77753,0.3
77754,0.03833333333333334
77755,0.4766666666666667
77756,0.6683333333333333
77757,0.41333333333333333
77758,0.02
77759,0.8049999999999999
77760,0.115
77761,0.8616666666666666
77762,0.4116666666666666
77763,0.29
77764,0.24166666666666667
77765,0.016666666666666666
77766,0.045
77767,0.05333333333333333
77768,0.1
77769,0.5583333333333333
77770,0.26166666666666666
77771,0.155
77772,0.94
77773,0.11333333333333334
77774,0.2033333333333333
77775,0.37833333333333335
77776,0.525
77777,0.6016666666666667
77778,0.22833333333333333
77779,0.42500000000000004
77780,0.04166666666666667
77781,0.15833333333333333
77782,0.056666666666666664
77783,0.11666666666666667
77784,0.3333333333333333
77785,0.025
77786,0.105
77787,0.27666666666666667
77788,0.6233333333333333
77789,0.5533333333333333
77790,0.35500000000000004
77791,0.7566666666666667
77792,0.30333333333333334
77793,0.9016666666666666
77794,0.051666666666666666
77795,0.16
77796,0.285
77797,0.016666666666666666
77798,0.32333333333333336
77799,0.8766666666666667
77800,0.051666666666666666
77801,0.013333333333333334
77802,0.87
77803,0.5066666666666667
77804,0.4733333333333333
77805,0.26833333333333337
77806,0.505
77807,0.8216666666666668
77808,0.6133333333333333
77809,0.5966666666666667
77810,0.3983333333333333
77811,0.06333333333333334
77812,0.21333333333333332
77813,0.04333333333333333
77814,0.22666666666666668
77815,0.17166666666666666
77816,0.15
77817,0.41
77818,0.4766666666666667
77819,0.325
77820,0.8983333333333334
77821,0.38
77822,0.32666666666666666
77823,0.07333333333333333
77824,0.27
77825,0.5149999999999999
77826,0.315
77827,0.65
77828,0.07166666666666667
77829,0.2583333333333333
77830,0.31166666666666665
77831,0.7283333333333334
77832,0.28833333333333333
77833,0.6033333333333333
77834,0.3933333333333333
77835,0.265
77836,0.24166666666666667
77837,0.22166666666666668
77838,0.21000000000000002
77839,0.2683333333333333
77840,0.46499999999999997
77841,0.24500000000000002
77842,0.395
77843,0.545
77844,0.21166666666666667
77845,0.5983333333333334
77846,0.35666666666666663
77847,0.7816666666666667
77848,0.028333333333333335
77849,0.3183333333333333
77850,0.4816666666666667
77851,0.265
77852,0.6849999999999999
77853,0.48
77854,0.335
77855,0.5966666666666667
77856,0.5299999999999999
77857,0.13333333333333333
77858,0.15833333333333333
77859,0.52
77860,0.8183333333333334
77861,0.9183333333333333
77862,0.40499999999999997
77863,0.61
77864,0.955
77865,0.10833333333333334
77866,0.21333333333333335
77867,0.48
77868,0.021666666666666667
77869,0.24833333333333335
77870,0.29333333333333333
77871,0.6383333333333333
77872,0.33666666666666667
77873,0.94
77874,0.5883333333333333
77875,0.006666666666666667
77876,0.4283333333333333
77877,0.6466666666666667
77878,0.43833333333333335
77879,0.17166666666666666
77880,0.245
77881,0.31333333333333335
77882,0.5883333333333333
77883,0.10666666666666667
77884,0.8066666666666666
77885,0.056666666666666664
77886,0.3916666666666666
77887,0.15166666666666667
77888,0.33
77889,0.19000000000000003
77890,0.2366666666666667
77891,0.5416666666666667
77892,0.855
77893,0.14666666666666667
77894,0.011666666666666667
77895,0.4783333333333334
77896,0.11333333333333333
77897,0.325
77898,0.815
77899,0.33166666666666667
77900,0.375
77901,0.02
77902,0.05500000000000001
77903,0.41333333333333333
77904,0.82
77905,0.28500000000000003
77906,0.6583333333333333
77907,0.6916666666666667
77908,0.22666666666666668
77909,0.29
77910,0.2733333333333333
77911,0.37833333333333335
77912,0.6033333333333334
77913,0.07333333333333333
77914,0.26166666666666666
77915,0.2633333333333333
77916,0.605
77917,0.13333333333333333
77918,0.24166666666666667
77919,0.3383333333333333
77920,0.63
77921,0.3433333333333334
77922,0.3
77923,0.7133333333333334
77924,0.23666666666666666
77925,0.20666666666666667
77926,0.35
77927,0.28833333333333333
77928,0.10999999999999999
77929,0.635
77930,0.17833333333333332
77931,0.7016666666666667
77932,0.30166666666666664
77933,0.19166666666666665
77934,0.2683333333333333
77935,0.5983333333333334
77936,0.055
77937,0.19833333333333333
77938,0.23666666666666666
77939,0.008333333333333333
77940,0.025
77941,0.6983333333333334
77942,0.3433333333333334
77943,0.008333333333333333
77944,0.06999999999999999
77945,0.12
77946,0.22
77947,0.7566666666666667
77948,0.9216666666666666
77949,0.7116666666666667
77950,0.20500000000000002
77951,0.07500000000000001
77952,0.1733333333333333
77953,0.3416666666666667
77954,0.5633333333333334
77955,0.3866666666666667
77956,0.6133333333333333
77957,0.9616666666666667
77958,0.5116666666666666
77959,0.5633333333333334
77960,0.7233333333333333
77961,0.3883333333333333
77962,0.5783333333333334
77963,0.42000000000000004
77964,0.5666666666666667
77965,0.6383333333333334
77966,0.22
77967,0.3183333333333333
77968,0.24666666666666665
77969,0.39166666666666666
77970,0.07
77971,0.5466666666666666
77972,0.32333333333333336
77973,0.3466666666666667
77974,0.8999999999999999
77975,0.3416666666666667
77976,0.15833333333333333
77977,0.035
77978,0.22499999999999998
77979,0.66
77980,0.14833333333333334
77981,0.21166666666666667
77982,0.195
77983,0.17166666666666666
77984,0.16833333333333333
77985,0.6816666666666666
77986,0.5633333333333334
77987,0.7266666666666667
77988,0.38666666666666666
77989,0.25833333333333336
77990,0.875
77991,0.4783333333333334
77992,0.415
77993,0.9333333333333333
77994,0.07833333333333334
77995,0.24166666666666667
77996,0.025
77997,0.22833333333333333
77998,0.845
77999,0.06666666666666667
78000,0.31000000000000005
78001,0.735
78002,0.2316666666666667
78003,0.15333333333333335
78004,0.675
78005,0.23333333333333334
78006,0.42833333333333334
78007,0.04
78008,0.6516666666666666
78009,0.335
78010,0.018333333333333333
78011,0.32166666666666666
78012,0.71
78013,0.6433333333333333
78014,0.2966666666666667
78015,0.05500000000000001
78016,0.018333333333333333
78017,0.325
78018,0.095
78019,0.895
78020,0.2633333333333333
78021,0.62
78022,0.17833333333333334
78023,0.87
78024,0.5616666666666666
78025,0.30833333333333335
78026,0.6516666666666667
78027,0.11333333333333334
78028,0.015
78029,0.3716666666666667
78030,0.185
78031,0.3733333333333334
78032,0.3916666666666667
78033,0.8933333333333333
78034,0.018333333333333333
78035,0.49
78036,0.125
78037,0.2783333333333333
78038,0.5333333333333333
78039,0.6933333333333334
78040,0.27166666666666667
78041,0.3783333333333333
78042,0.14666666666666667
78043,0.26166666666666666
78044,0.23833333333333334
78045,0.305
78046,0.53
78047,0.91
78048,0.905
78049,0.056666666666666664
78050,0.3633333333333334
78051,0.5133333333333334
78052,0.6233333333333333
78053,0.7266666666666667
78054,0.4683333333333334
78055,0.20333333333333337
78056,0.5750000000000001
78057,0.5216666666666666
78058,0.025
78059,0.19333333333333333
78060,0.21833333333333335
78061,0.495
78062,0.7516666666666666
78063,0.2866666666666667
78064,0.23
78065,0.655
78066,0.17
78067,0.5766666666666667
78068,0.16666666666666669
78069,0.05
78070,0.18166666666666667
78071,0.7083333333333333
78072,0.29
78073,0.595
78074,0.285
78075,0.29500000000000004
78076,0.27166666666666667
78077,0.04
78078,0.8599999999999999
78079,0.24333333333333335
78080,0.9550000000000001
78081,0.23333333333333334
78082,0.16166666666666668
78083,0.40499999999999997
78084,0.175
78085,0.8383333333333334
78086,0.26
78087,0.3166666666666667
78088,0.03333333333333333
78089,0.9816666666666667
78090,0.3833333333333333
78091,0.3333333333333333
78092,0.9133333333333333
78093,0.7783333333333333
78094,0.3833333333333333
78095,0.4783333333333333
78096,0.54
78097,0.35833333333333334
78098,0.29166666666666663
78099,0.041666666666666664
78100,0.2583333333333333
78101,0.16999999999999998
78102,0.030000000000000002
78103,0.45
78104,0.095
78105,0.25333333333333335
78106,0.41500000000000004
78107,0.15666666666666668
78108,0.10833333333333334
78109,0.7033333333333334
78110,0.28833333333333333
78111,0.195
78112,0.4833333333333334
78113,0.63
78114,0.22333333333333333
78115,0.36666666666666664
78116,0.5716666666666667
78117,0.6633333333333333
78118,0.023333333333333334
78119,0.5133333333333333
78120,0.5216666666666666
78121,0.19666666666666666
78122,0.035
78123,0.73
78124,0.405
78125,0.6833333333333332
78126,0.035
78127,0.5816666666666667
78128,0.13333333333333333
78129,0.5166666666666666
78130,0.16833333333333333
78131,0.43
78132,0.27
78133,0.16333333333333333
78134,0.11
78135,0.14
78136,0.315
78137,0.22
78138,0.17666666666666667
78139,0.34
78140,0.016666666666666666
78141,0.3433333333333333
78142,0.26
78143,0.04
78144,0.7766666666666667
78145,0.8383333333333334
78146,0.255
78147,0.24666666666666667
78148,0.675
78149,0.16
78150,0.8233333333333333
78151,0.10333333333333333
78152,0.255
78153,0.5599999999999999
78154,0.11333333333333334
78155,0.09833333333333333
78156,0.013333333333333334
78157,0.735
78158,0.595
78159,0.68
78160,0.23833333333333334
78161,0.7649999999999999
78162,0.4783333333333333
78163,0.6983333333333333
78164,0.29333333333333333
78165,0.16666666666666669
78166,0.31666666666666665
78167,0.5333333333333333
78168,0.205
78169,0.165
78170,0.885
78171,0.09
78172,0.11666666666666667
78173,0.9116666666666666
78174,0.6499999999999999
78175,0.53
78176,0.07833333333333334
78177,0.2883333333333334
78178,0.33499999999999996
78179,0.71
78180,0.4916666666666667
78181,0.38666666666666666
78182,0.64
78183,0.14500000000000002
78184,0.08166666666666667
78185,0.3816666666666667
78186,0.48000000000000004
78187,0.4833333333333334
78188,0.17833333333333332
78189,0.7433333333333333
78190,0.335
78191,0.9866666666666667
78192,0.4816666666666667
78193,0.30166666666666664
78194,0.065
78195,0.4083333333333333
78196,0.3033333333333333
78197,0.19333333333333333
78198,0.17166666666666666
78199,0.16333333333333333
78200,0.2733333333333333
78201,0.10666666666666667
78202,0.11333333333333334
78203,0.9433333333333332
78204,0.13
78205,0.12833333333333333
78206,0.2016666666666667
78207,0.42666666666666664
78208,0.41000000000000003
78209,0.2583333333333333
78210,0.8383333333333333
78211,0.33666666666666667
78212,0.3516666666666667
78213,0.895
78214,0.3566666666666667
78215,0.5033333333333334
78216,0.5800000000000001
78217,0.575
78218,0.5966666666666667
78219,0.285
78220,0.25333333333333335
78221,0.19166666666666665
78222,0.575
78223,0.5966666666666667
78224,0.315
78225,0.8166666666666667
78226,0.065
78227,0.62
78228,0.3533333333333334
78229,0.16999999999999998
78230,0.07833333333333334
78231,0.22999999999999998
78232,0.2633333333333333
78233,0.17833333333333334
78234,0.08499999999999999
78235,0.875
78236,0.20166666666666666
78237,0.41500000000000004
78238,0.04166666666666667
78239,0.07833333333333334
78240,0.10499999999999998
78241,0.9166666666666667
78242,0.6799999999999999
78243,0.10833333333333334
78244,0.021666666666666667
78245,0.7833333333333332
78246,0.1433333333333333
78247,0.18166666666666667
78248,0.335
78249,0.1
78250,0.295
78251,0.255
78252,0.7083333333333334
78253,0.6733333333333332
78254,0.33
78255,0.665
78256,0.38
78257,0.15666666666666668
78258,0.07666666666666666
78259,0.7233333333333334
78260,0.9266666666666667
78261,0.05
78262,0.7166666666666667
78263,0.6066666666666667
78264,0.29500000000000004
78265,0.27
78266,0.3433333333333333
78267,0.008333333333333333
78268,0.32666666666666666
78269,0.41833333333333333
78270,0.315
78271,0.22499999999999998
78272,0.5216666666666667
78273,0.27666666666666667
78274,0.16833333333333333
78275,0.051666666666666666
78276,0.24166666666666664
78277,0.3616666666666667
78278,0.7283333333333333
78279,0.13
78280,0.5833333333333334
78281,0.10166666666666666
78282,0.25666666666666665
78283,0.61
78284,0.026666666666666665
78285,0.9283333333333332
78286,0.26
78287,0.11499999999999999
78288,0.23166666666666663
78289,0.051666666666666666
78290,0.5883333333333334
78291,0.94
78292,0.4016666666666667
78293,0.5549999999999999
78294,0.035
78295,0.21500000000000002
78296,0.31666666666666665
78297,0.25
78298,0.73
78299,0.24
78300,0.5783333333333334
78301,0.28833333333333333
78302,0.23333333333333334
78303,0.915
78304,0.16166666666666668
78305,0.5833333333333334
78306,0.32666666666666666
78307,0.22999999999999998
78308,0.735
78309,0.06666666666666667
78310,0.4766666666666667
78311,0.6833333333333333
78312,0.30666666666666664
78313,0.47000000000000003
78314,0.03
78315,0.655
78316,0.20166666666666666
78317,0.6900000000000001
78318,0.16
78319,0.7116666666666667
78320,0.6133333333333334
78321,0.3383333333333334
78322,0.69
78323,0.5166666666666666
78324,0.7033333333333333
78325,0.4
78326,0.11499999999999999
78327,0.36
78328,0.013333333333333332
78329,0.028333333333333335
78330,0.24833333333333335
78331,0.415
78332,0.31499999999999995
78333,0.275
78334,0.3066666666666667
78335,0.21
78336,0.21000000000000002
78337,0.38166666666666665
78338,0.9416666666666667
78339,0.46499999999999997
78340,0.06
78341,0.06833333333333333
78342,0.15833333333333335
78343,0.07833333333333334
78344,0.10333333333333333
78345,0.3433333333333333
78346,0.315
78347,0.895
78348,0.3016666666666667
78349,0.2566666666666667
78350,0.8716666666666666
78351,0.12166666666666666
78352,0.44166666666666665
78353,0.52
78354,0.14833333333333332
78355,0.31666666666666665
78356,0.2033333333333333
78357,0.6433333333333333
78358,0.03333333333333333
78359,0.175
78360,0.11833333333333333
78361,0.61
78362,0.6833333333333333
78363,0.76
78364,0.5499999999999999
78365,0.5633333333333332
78366,0.19
78367,0.6533333333333333
78368,0.7933333333333332
78369,0.05
78370,0.4266666666666667
78371,0.36
78372,0.6366666666666667
78373,0.9933333333333332
78374,0.2
78375,0.5066666666666667
78376,0.07833333333333334
78377,0.6816666666666666
78378,0.5216666666666667
78379,0.30333333333333334
78380,0.275
78381,0.15333333333333332
78382,0.24833333333333335
78383,0.07666666666666667
78384,0.85
78385,0.15
78386,0.6583333333333333
78387,0.27666666666666667
78388,0.8816666666666667
78389,0.3983333333333333
78390,0.16166666666666668
78391,0.30333333333333334
78392,0.25
78393,0.10500000000000001
78394,0.5416666666666667
78395,0.9600000000000001
78396,0.6333333333333333
78397,0.030000000000000002
78398,0.07
78399,0.21833333333333332
78400,0.7183333333333334
78401,0.295
78402,0.7716666666666667
78403,0.5516666666666666
78404,0.08333333333333334
78405,0.21833333333333335
78406,0.2916666666666667
78407,0.145
78408,0.3233333333333333
78409,0.33499999999999996
78410,0.041666666666666664
78411,0.905
78412,0.4716666666666667
78413,0.3166666666666667
78414,0.20666666666666667
78415,0.30666666666666664
78416,0.19333333333333333
78417,0.7366666666666667
78418,0.18333333333333335
78419,0.7283333333333334
78420,0.49
78421,0.6866666666666666
78422,0.295
78423,0.51
78424,0.13
78425,0.11333333333333333
78426,0.4533333333333333
78427,0.10666666666666667
78428,0.6066666666666666
78429,0.5783333333333334
78430,0.6683333333333333
78431,0.24166666666666664
78432,0.385
78433,0.7699999999999999
78434,0.8049999999999999
78435,0.98
78436,0.15
78437,0.12333333333333332
78438,0.65
78439,0.06
78440,0.185
78441,0.20833333333333331
78442,0.7283333333333334
78443,0.7883333333333332
78444,0.335
78445,0.305
78446,0.12166666666666667
78447,0.10833333333333332
78448,0.39666666666666667
78449,0.33166666666666667
78450,0.5633333333333334
78451,0.95
78452,0.13166666666666668
78453,0.32166666666666666
78454,0.15000000000000002
78455,0.3683333333333333
78456,0.6633333333333333
78457,0.41666666666666663
78458,0.27499999999999997
78459,0.5683333333333334
78460,0.3783333333333333
78461,0.16166666666666668
78462,0.15666666666666668
78463,0.03166666666666666
78464,0.015000000000000001
78465,0.12833333333333333
78466,0.34
78467,0.04666666666666667
78468,0.3866666666666667
78469,0.97
78470,0.9466666666666667
78471,0.056666666666666664
78472,0.44500000000000006
78473,0.28
78474,0.6849999999999999
78475,0.10666666666666667
78476,0.12833333333333335
78477,0.8833333333333333
78478,0.9033333333333333
78479,0.645
78480,0.4716666666666667
78481,0.6533333333333333
78482,0.3466666666666667
78483,0.5666666666666667
78484,0.06666666666666667
78485,0.10166666666666668
78486,0.18333333333333335
78487,0.18
78488,0.5733333333333334
78489,0.3566666666666667
78490,0.10666666666666666
78491,0.060000000000000005
78492,0.6183333333333333
78493,0.32333333333333336
78494,0.20666666666666667
78495,0.013333333333333332
78496,0.19333333333333333
78497,0.44333333333333336
78498,0.5750000000000001
78499,0.9766666666666667
78500,0.6283333333333333
78501,0.06166666666666667
78502,0.29333333333333333
78503,0.16833333333333333
78504,0.09000000000000001
78505,0.605
78506,0.255
78507,0.24833333333333335
78508,0.5549999999999999
78509,0.6783333333333333
78510,0.3516666666666667
78511,0.33
78512,0.21
78513,0.99
78514,0.1716666666666667
78515,0.7133333333333333
78516,0.195
78517,0.24333333333333335
78518,0.125
78519,0.05500000000000001
78520,0.22499999999999998
78521,0.13
78522,0.545
78523,0.3516666666666667
78524,0.29666666666666663
78525,0.07833333333333332
78526,0.7516666666666667
78527,0.425
78528,0.18166666666666667
78529,0.35333333333333333
78530,0.6933333333333334
78531,0.99
78532,0.19333333333333336
78533,0.15833333333333333
78534,0.13166666666666665
78535,0.9883333333333333
78536,0.46166666666666667
78537,0.6333333333333333
78538,0.6333333333333333
78539,0.7533333333333333
78540,0.051666666666666666
78541,0.33666666666666667
78542,0.29
78543,0.08166666666666667
78544,0.4666666666666667
78545,0.215
78546,0.6983333333333334
78547,0.31833333333333336
78548,0.6599999999999999
78549,0.19
78550,0.4166666666666667
78551,0.49
78552,0.265
78553,0.28
78554,0.17833333333333334
78555,0.38
78556,0.5566666666666666
78557,0.7566666666666666
78558,0.24333333333333335
78559,0.10833333333333334
78560,0.16999999999999998
78561,0.4733333333333334
78562,0.3283333333333333
78563,0.15166666666666667
78564,0.09333333333333332
78565,0.255
78566,0.45666666666666667
78567,0.15
78568,0.5183333333333333
78569,0.07666666666666667
78570,0.68
78571,0.013333333333333332
78572,0.12
78573,0.8899999999999999
78574,0.58
78575,0.30333333333333334
78576,0.7766666666666666
78577,0.5183333333333333
78578,0.225
78579,0.9433333333333334
78580,0.355
78581,0.09166666666666666
78582,0.5966666666666667
78583,0.6166666666666667
78584,0.64
78585,0.24333333333333335
78586,0.08833333333333335
78587,0.33999999999999997
78588,0.315
78589,0.44333333333333336
78590,0.13
78591,0.295
78592,0.15666666666666668
78593,0.31166666666666665
78594,0.73
78595,0.19333333333333333
78596,0.32666666666666666
78597,0.31333333333333335
78598,0.025
78599,0.375
78600,0.6766666666666666
78601,0.7116666666666667
78602,0.05333333333333334
78603,0.3183333333333333
78604,0.07500000000000001
78605,0.15333333333333335
78606,0.26166666666666666
78607,0.775
78608,0.06833333333333333
78609,0.505
78610,0.4666666666666667
78611,0.7116666666666667
78612,0.12000000000000001
78613,0.36500000000000005
78614,0.6383333333333333
78615,0.03
78616,0.31833333333333336
78617,0.41333333333333333
78618,0.505
78619,0.6433333333333333
78620,0.7033333333333334
78621,0.5733333333333334
78622,0.8933333333333333
78623,0.7083333333333334
78624,0.095
78625,0.6566666666666666
78626,0.29666666666666663
78627,0.185
78628,0.32166666666666666
78629,0.36166666666666664
78630,0.5883333333333334
78631,0.19166666666666665
78632,0.7183333333333334
78633,0.6766666666666666
78634,0.255
78635,0.2533333333333333
78636,0.6933333333333334
78637,0.06999999999999999
78638,0.06666666666666667
78639,0.97
78640,0.22833333333333333
78641,0.14166666666666666
78642,0.21333333333333332
78643,0.2733333333333333
78644,0.305
78645,0.4633333333333333
78646,0.03833333333333333
78647,0.6283333333333334
78648,0.24166666666666667
78649,0.46499999999999997
78650,0.4633333333333334
78651,0.6966666666666667
78652,0.7916666666666666
78653,0.2833333333333333
78654,0.5883333333333333
78655,0.8016666666666667
78656,0.9383333333333332
78657,0.5233333333333333
78658,0.12833333333333333
78659,0.8183333333333334
78660,0.8083333333333333
78661,0.51
78662,0.2866666666666667
78663,0.55
78664,0.5283333333333333
78665,0.46666666666666656
78666,0.705
78667,0.02333333333333333
78668,0.385
78669,0.61
78670,0.5549999999999999
78671,0.62
78672,0.135
78673,0.5516666666666666
78674,0.17833333333333334
78675,0.2533333333333333
78676,0.735
78677,0.92
78678,0.24333333333333335
78679,0.6966666666666667
78680,0.18
78681,0.20833333333333331
78682,0.275
78683,0.3833333333333333
78684,0.9833333333333334
78685,0.24500000000000002
78686,0.18333333333333335
78687,0.8516666666666668
78688,0.7366666666666667
78689,0.025
78690,0.5599999999999999
78691,0.021666666666666667
78692,0.04
78693,0.8866666666666667
78694,0.36333333333333334
78695,0.9449999999999998
78696,0.04833333333333334
78697,0.03833333333333333
78698,0.30666666666666664
78699,0.2866666666666666
78700,0.18
78701,0.055
78702,0.13666666666666666
78703,0.42500000000000004
78704,0.215
78705,0.5616666666666666
78706,0.09166666666666667
78707,0.16166666666666668
78708,0.21666666666666667
78709,0.25833333333333336
78710,0.125
78711,0.32333333333333336
78712,0.6716666666666666
78713,0.89
78714,0.18166666666666667
78715,0.65
78716,0.011666666666666667
78717,0.15333333333333332
78718,0.2
78719,0.013333333333333332
78720,0.03
78721,0.9133333333333333
78722,0.25
78723,0.9733333333333334
78724,0.7033333333333334
78725,0.135
78726,0.26666666666666666
78727,0.42999999999999994
78728,0.125
78729,0.6
78730,0.9299999999999999
78731,0.14166666666666666
78732,0.17666666666666664
78733,0.14666666666666667
78734,0.45333333333333337
78735,0.9316666666666666
78736,0.11333333333333334
78737,0.04
78738,0.13666666666666666
78739,0.8033333333333333
78740,0.735
78741,0.275
78742,0.3333333333333333
78743,0.018333333333333333
78744,0.7183333333333333
78745,0.185
78746,0.14500000000000002
78747,0.5433333333333333
78748,0.3933333333333333
78749,0.9333333333333332
78750,0.8633333333333333
78751,0.405
78752,0.7166666666666667
78753,0.2416666666666667
78754,0.44333333333333336
78755,0.22333333333333333
78756,0.265
78757,0.365
78758,0.5833333333333334
78759,0.23500000000000001
78760,0.26
78761,0.07333333333333333
78762,0.2033333333333333
78763,0.19999999999999998
78764,0.5883333333333334
78765,0.3733333333333333
78766,0.35
78767,0.9883333333333333
78768,0.16166666666666665
78769,0.7233333333333334
78770,0.1716666666666667
78771,0.21500000000000002
78772,0.025
78773,0.11666666666666667
78774,0.12666666666666665
78775,0.22666666666666668
78776,0.16
78777,0.32666666666666666
78778,0.3966666666666667
78779,0.13666666666666666
78780,0.6983333333333334
78781,0.245
78782,0.98
78783,0.7016666666666667
78784,0.13
78785,0.6950000000000001
78786,0.3783333333333333
78787,0.9000000000000001
78788,0.08666666666666666
78789,0.7
78790,0.5366666666666666
78791,0.5983333333333334
78792,0.021666666666666667
78793,0.73
78794,0.27666666666666667
78795,0.255
78796,0.9316666666666666
78797,0.32
78798,0.3616666666666667
78799,0.6316666666666666
78800,0.13166666666666665
78801,0.5533333333333333
78802,0.81
78803,0.24500000000000002
78804,0.04
78805,0.13166666666666665
78806,0.88
78807,0.5283333333333334
78808,0.11666666666666667
78809,0.5633333333333334
78810,0.5783333333333334
78811,0.18
78812,0.45666666666666667
78813,0.195
78814,0.26166666666666666
78815,0.20333333333333334
78816,0.11000000000000001
78817,0.6316666666666667
78818,0.11500000000000002
78819,0.45333333333333337
78820,0.2033333333333333
78821,0.335
78822,0.24
78823,0.78
78824,0.22
78825,0.925
78826,0.2783333333333333
78827,0.61
78828,0.6366666666666666
78829,0.6816666666666666
78830,0.215
78831,0.385
78832,0.035
78833,0.5233333333333334
78834,0.16833333333333333
78835,0.615
78836,0.5316666666666666
78837,0.23
78838,0.10166666666666666
78839,0.46499999999999997
78840,0.13666666666666666
78841,0.021666666666666667
78842,0.585
78843,0.7283333333333333
78844,0.11333333333333334
78845,0.11166666666666668
78846,0.025
78847,0.45833333333333337
78848,0.24333333333333335
78849,0.6266666666666667
78850,0.16999999999999998
78851,0.09166666666666667
78852,0.295
78853,0.665
78854,0.74
78855,0.19
78856,0.6666666666666667
78857,0.075
78858,0.14
78859,0.08666666666666667
78860,0.46166666666666667
78861,0.4083333333333333
78862,0.2833333333333333
78863,0.27166666666666667
78864,0.13999999999999999
78865,0.6933333333333334
78866,0.395
78867,0.265
78868,0.03666666666666667
78869,0.9833333333333334
78870,0.48333333333333334
78871,0.4066666666666667
78872,0.31166666666666665
78873,0.22999999999999998
78874,0.2116666666666667
78875,0.3933333333333333
78876,0.6533333333333333
78877,0.33
78878,0.20166666666666666
78879,0.15166666666666667
78880,0.8883333333333332
78881,0.9333333333333332
78882,0.5283333333333333
78883,0.9099999999999999
78884,0.845
78885,0.5750000000000001
78886,0.46166666666666667
78887,0.2316666666666667
78888,0.06666666666666667
78889,0.2833333333333333
78890,0.17333333333333334
78891,0.28
78892,0.011666666666666667
78893,0.14333333333333334
78894,0.49166666666666664
78895,0.9716666666666667
78896,0.20333333333333334
78897,0.07
78898,0.22499999999999998
78899,0.285
78900,0.15333333333333332
78901,0.2
78902,0.5883333333333333
78903,0.16666666666666669
78904,0.04666666666666667
78905,0.6416666666666666
78906,0.26
78907,0.62
78908,0.16666666666666666
78909,0.18666666666666668
78910,0.37333333333333335
78911,0.485
78912,0.69
78913,0.27499999999999997
78914,0.5933333333333334
78915,0.36166666666666664
78916,0.3516666666666667
78917,0.8166666666666667
78918,0.15999999999999998
78919,0.41833333333333333
78920,0.875
78921,0.3366666666666666
78922,0.6649999999999999
78923,0.6483333333333333
78924,0.9950000000000001
78925,0.3416666666666667
78926,0.07166666666666666
78927,0.655
78928,0.25
78929,0.3116666666666667
78930,0.13833333333333334
78931,0.20666666666666667
78932,0.8133333333333334
78933,0.19
78934,0.515
78935,0.12333333333333332
78936,0.31333333333333335
78937,0.21333333333333332
78938,0.575
78939,0.4116666666666667
78940,0.585
78941,0.5866666666666667
78942,0.29000000000000004
78943,0.6716666666666666
78944,0.5916666666666667
78945,0.04166666666666667
78946,0.028333333333333335
78947,0.25166666666666665
78948,0.38166666666666665
78949,0.9616666666666666
78950,0.35500000000000004
78951,0.02
78952,0.15999999999999998
78953,0.8200000000000001
78954,0.2816666666666667
78955,0.6366666666666667
78956,0.14333333333333334
78957,0.5733333333333333
78958,0.20500000000000002
78959,0.2866666666666667
78960,0.2733333333333333
78961,0.3833333333333333
78962,0.085
78963,0.16999999999999998
78964,0.30333333333333334
78965,0.6316666666666666
78966,0.9216666666666666
78967,0.06666666666666668
78968,0.245
78969,0.16833333333333336
78970,0.94
78971,0.45500000000000007
78972,0.3716666666666667
78973,0.145
78974,0.6433333333333333
78975,0.7866666666666667
78976,0.6033333333333333
78977,0.7166666666666667
78978,0.42333333333333334
78979,0.22999999999999998
78980,0.028333333333333335
78981,0.05
78982,0.2316666666666667
78983,0.25
78984,0.44333333333333325
78985,0.27499999999999997
78986,0.8666666666666667
78987,0.22166666666666668
78988,0.3666666666666667
78989,0.225
78990,0.255
78991,0.3883333333333333
78992,0.6433333333333333
78993,0.195
78994,0.18666666666666668
78995,0.21999999999999997
78996,0.485
78997,0.22833333333333333
78998,0.5800000000000001
78999,0.33999999999999997
79000,0.365
79001,0.26166666666666666
79002,0.605
79003,0.7233333333333334
79004,0.3983333333333333
79005,0.021666666666666667
79006,0.08333333333333334
79007,0.9033333333333333
79008,0.5750000000000001
79009,0.44166666666666665
79010,0.31000000000000005
79011,0.013333333333333334
79012,0.64
79013,0.10500000000000001
79014,0.40499999999999997
79015,0.23666666666666666
79016,0.145
79017,0.37666666666666665
79018,0.28500000000000003
79019,0.19166666666666668
79020,0.9216666666666666
79021,0.20166666666666666
79022,0.14833333333333334
79023,0.22833333333333333
79024,0.15833333333333333
79025,0.3966666666666666
79026,0.45499999999999996
79027,0.555
79028,0.7766666666666666
79029,0.08666666666666668
79030,0.09666666666666666
79031,0.8999999999999999
79032,0.18166666666666667
79033,0.295
79034,0.5700000000000001
79035,0.16833333333333333
79036,0.4833333333333334
79037,0.8916666666666666
79038,0.18833333333333332
79039,0.345
79040,0.5800000000000001
79041,0.235
79042,0.21666666666666665
79043,0.4666666666666667
79044,0.32666666666666666
79045,0.15000000000000002
79046,0.29500000000000004
79047,0.5883333333333333
79048,0.3383333333333333
79049,0.07833333333333334
79050,0.05333333333333334
79051,0.01
79052,0.2633333333333333
79053,0.5
79054,0.8233333333333334
79055,0.4866666666666667
79056,0.4766666666666667
79057,0.2633333333333333
79058,0.17666666666666667
79059,0.10333333333333333
79060,0.26
79061,0.17166666666666666
79062,0.165
79063,0.47
79064,0.05
79065,0.5850000000000001
79066,0.3933333333333333
79067,0.13
79068,0.37499999999999994
79069,0.2833333333333333
79070,0.375
79071,0.40666666666666673
79072,0.245
79073,0.021666666666666667
79074,0.2
79075,0.5533333333333333
79076,0.6816666666666666
79077,0.24333333333333335
79078,0.35
79079,0.4383333333333333
79080,0.5616666666666666
79081,0.2733333333333333
79082,0.20666666666666667
79083,0.525
79084,0.145
79085,0.23666666666666666
79086,0.9766666666666668
79087,0.37
79088,0.16
79089,0.2733333333333333
79090,0.7616666666666667
79091,0.7783333333333333
79092,0.31666666666666665
79093,0.9366666666666668
79094,0.0
79095,0.16833333333333333
79096,0.41333333333333333
79097,0.7066666666666667
79098,0.47666666666666657
79099,0.8933333333333333
79100,0.185
79101,0.4650000000000001
79102,0.026666666666666665
79103,0.29500000000000004
79104,0.19166666666666665
79105,0.2783333333333333
79106,0.595
79107,0.28833333333333333
79108,0.6616666666666666
79109,0.265
79110,0.6666666666666666
79111,0.42833333333333334
79112,0.3616666666666667
79113,0.10666666666666667
79114,0.27166666666666667
79115,0.4916666666666667
79116,0.315
79117,0.195
79118,0.17833333333333334
79119,0.9583333333333333
79120,0.4916666666666667
79121,0.04
79122,0.16333333333333333
79123,0.18166666666666664
79124,0.35000000000000003
79125,0.2633333333333333
79126,0.4916666666666667
79127,0.14333333333333334
79128,0.33499999999999996
79129,0.42833333333333334
79130,0.2633333333333333
79131,0.4066666666666667
79132,0.4066666666666666
79133,0.3966666666666667
79134,0.525
79135,0.29333333333333333
79136,0.2683333333333333
79137,0.6816666666666666
79138,0.19
79139,0.3383333333333334
79140,0.32
79141,0.2783333333333333
79142,0.13333333333333333
79143,0.049999999999999996
79144,0.060000000000000005
79145,0.33999999999999997
79146,0.24833333333333335
79147,0.2816666666666667
79148,0.31666666666666665
79149,0.2
79150,0.33666666666666667
79151,0.37833333333333335
79152,0.21833333333333332
79153,0.495
79154,0.20500000000000002
79155,0.056666666666666664
79156,0.04
79157,0.18
79158,0.01
79159,0.31166666666666665
79160,0.315
79161,0.30500000000000005
79162,0.265
79163,0.44666666666666666
79164,0.23333333333333334
79165,0.685
79166,0.25833333333333336
79167,0.5166666666666666
79168,0.6699999999999999
79169,0.0016666666666666668
79170,0.42333333333333334
79171,0.47500000000000003
79172,0.43999999999999995
79173,0.075
79174,0.9816666666666667
79175,0.043333333333333335
79176,0.1733333333333333
79177,0.8749999999999999
79178,0.45833333333333337
79179,0.33999999999999997
79180,0.3716666666666667
79181,0.355
79182,0.7183333333333334
79183,0.25166666666666665
79184,0.3666666666666667
79185,0.265
79186,0.16333333333333333
79187,0.18333333333333335
79188,0.29000000000000004
79189,0.013333333333333334
79190,0.12999999999999998
79191,0.23666666666666666
79192,0.97
79193,0.06833333333333333
79194,0.45333333333333337
79195,0.42666666666666664
79196,0.04666666666666666
79197,0.021666666666666667
79198,0.7633333333333334
79199,0.8383333333333334
79200,0.11
79201,0.33
79202,0.7250000000000001
79203,0.64
79204,0.2833333333333333
79205,0.27666666666666667
79206,0.09166666666666667
79207,0.6666666666666667
79208,0.19166666666666665
79209,0.29833333333333334
79210,0.056666666666666664
79211,0.37166666666666665
79212,0.24
79213,0.16333333333333333
79214,0.5066666666666667
79215,0.575
79216,0.8999999999999999
79217,0.051666666666666666
79218,0.165
79219,0.051666666666666666
79220,0.021666666666666667
79221,0.22499999999999998
79222,0.975
79223,0.42000000000000004
79224,0.07833333333333334
79225,0.23666666666666666
79226,0.7516666666666667
79227,0.05
79228,0.04
79229,0.25
79230,0.7000000000000001
79231,0.3433333333333334
79232,0.30666666666666664
79233,0.12333333333333334
79234,0.6333333333333333
79235,0.515
79236,0.33
79237,0.025
79238,0.8983333333333334
79239,0.29333333333333333
79240,0.4116666666666666
79241,0.11500000000000002
79242,0.3766666666666667
79243,0.6566666666666666
79244,0.4
79245,0.12
79246,0.15833333333333333
79247,0.7133333333333333
79248,0.23833333333333334
79249,0.29666666666666663
79250,0.018333333333333333
79251,0.725
79252,0.9100000000000001
79253,0.215
79254,0.12166666666666667
79255,0.2566666666666667
79256,0.17666666666666667
79257,0.9883333333333333
79258,0.32833333333333337
79259,0.7483333333333333
79260,0.06166666666666666
79261,0.026666666666666665
79262,0.155
79263,0.33333333333333337
79264,0.3666666666666667
79265,0.021666666666666667
79266,0.7200000000000001
79267,0.21166666666666667
79268,0.08666666666666667
79269,0.26166666666666666
79270,0.42166666666666663
79271,0.09666666666666668
79272,0.015
79273,0.9083333333333334
79274,0.6933333333333334
79275,0.2583333333333333
79276,0.26
79277,0.34833333333333333
79278,0.20500000000000002
79279,0.4866666666666667
79280,0.41833333333333333
79281,0.043333333333333335
79282,0.6316666666666667
79283,0.475
79284,0.22000000000000003
79285,0.54
79286,0.16166666666666668
79287,0.5583333333333333
79288,0.335
79289,0.43666666666666665
79290,0.32500000000000007
79291,0.3683333333333333
79292,0.7050000000000001
79293,0.16
79294,0.885
79295,0.008333333333333333
79296,0.15666666666666668
79297,0.5233333333333333
79298,0.415
79299,0.03833333333333333
79300,0.30333333333333334
79301,0.32166666666666666
79302,0.94
79303,0.36333333333333334
79304,0.48666666666666664
79305,0.013333333333333334
79306,0.235
79307,0.4366666666666667
79308,0.31
79309,0.19333333333333336
79310,0.13333333333333333
79311,0.7066666666666668
79312,0.6616666666666666
79313,0.195
79314,0.35666666666666663
79315,0.6499999999999999
79316,0.7983333333333332
79317,0.26
79318,0.15000000000000002
79319,0.07333333333333333
79320,0.33999999999999997
79321,0.24166666666666664
79322,0.9883333333333334
79323,0.18000000000000002
79324,0.14333333333333334
79325,0.47333333333333333
79326,0.016666666666666666
79327,0.16666666666666669
79328,0.2783333333333333
79329,0.285
79330,0.4216666666666667
79331,0.12333333333333334
79332,0.9083333333333332
79333,0.15166666666666667
79334,0.051666666666666666
79335,0.56
79336,0.5616666666666666
79337,0.15833333333333333
79338,0.58
79339,0.49
79340,0.19333333333333336
79341,0.41000000000000003
79342,0.03333333333333333
79343,0.43666666666666665
79344,0.21666666666666667
79345,0.17833333333333334
79346,0.3066666666666667
79347,0.13333333333333333
79348,0.41333333333333333
79349,0.03666666666666667
79350,0.33499999999999996
79351,0.6766666666666666
79352,0.32000000000000006
79353,0.6833333333333333
79354,0.8033333333333332
79355,0.18333333333333335
79356,0.37
79357,0.305
79358,0.16666666666666669
79359,0.42166666666666663
79360,0.3583333333333334
79361,0.3016666666666667
79362,0.31
79363,0.18166666666666664
79364,0.20833333333333337
79365,0.28833333333333333
79366,0.79
79367,0.16333333333333333
79368,0.255
79369,0.24833333333333335
79370,0.24666666666666667
79371,0.9583333333333333
79372,0.495
79373,0.2966666666666667
79374,0.7450000000000001
79375,0.8416666666666667
79376,0.23833333333333334
79377,0.6433333333333333
79378,0.37833333333333335
79379,0.5083333333333333
79380,0.02
79381,0.63
79382,0.28500000000000003
79383,0.8016666666666667
79384,0.23333333333333334
79385,0.7083333333333333
79386,0.9883333333333333
79387,0.55
79388,0.44999999999999996
79389,0.03333333333333333
79390,0.7683333333333333
79391,0.8966666666666667
79392,0.175
79393,0.23000000000000004
79394,0.025
79395,0.555
79396,0.32166666666666666
79397,0.6283333333333333
79398,0.24833333333333335
79399,0.01
79400,0.14166666666666666
79401,0.6783333333333333
79402,0.18833333333333335
79403,0.9666666666666667
79404,0.61
79405,0.6666666666666667
79406,0.265
79407,0.7566666666666666
79408,0.17833333333333334
79409,0.17666666666666667
79410,0.025
79411,0.20666666666666667
79412,0.3766666666666667
79413,0.22333333333333333
79414,0.695
79415,0.225
79416,0.03333333333333333
79417,0.7533333333333334
79418,0.2883333333333334
79419,0.5316666666666667
79420,0.023333333333333334
79421,0.21500000000000002
79422,0.14833333333333334
79423,0.5566666666666666
79424,0.32166666666666666
79425,0.355
79426,0.3566666666666667
79427,0.2633333333333333
79428,0.385
79429,0.11333333333333334
79430,0.11000000000000001
79431,0.9033333333333333
79432,0.006666666666666667
79433,0.4833333333333333
79434,0.45166666666666666
79435,0.8366666666666667
79436,0.22499999999999998
79437,0.06833333333333333
79438,0.15166666666666667
79439,0.5216666666666666
79440,0.36333333333333334
79441,0.19666666666666666
79442,0.46166666666666667
79443,0.73
79444,0.39166666666666666
79445,0.655
79446,0.07666666666666666
79447,0.44166666666666665
79448,0.125
79449,0.27666666666666667
79450,0.5700000000000001
79451,0.31
79452,0.8099999999999999
79453,0.30666666666666664
79454,0.11666666666666667
79455,0.24333333333333335
79456,0.025
79457,0.39166666666666666
79458,0.21833333333333332
79459,0.6883333333333334
79460,0.2533333333333333
79461,0.8966666666666667
79462,0.3416666666666667
79463,0.47500000000000003
79464,0.3633333333333333
79465,0.32499999999999996
79466,0.6166666666666666
79467,0.24666666666666667
79468,0.3566666666666667
79469,0.3183333333333333
79470,0.5433333333333333
79471,0.018333333333333333
79472,0.27
79473,0.385
79474,0.155
79475,0.3883333333333333
79476,0.9833333333333334
79477,0.15166666666666667
79478,0.31166666666666665
79479,0.5233333333333333
79480,0.26999999999999996
79481,0.2366666666666667
79482,0.6333333333333333
79483,0.17833333333333334
79484,0.29833333333333334
79485,0.6849999999999999
79486,0.7233333333333334
79487,0.055
79488,0.023333333333333334
79489,0.34833333333333333
79490,0.32
79491,0.34833333333333333
79492,0.11166666666666668
79493,0.875
79494,0.9083333333333333
79495,0.41833333333333333
79496,0.52
79497,0.4733333333333334
79498,0.235
79499,0.8933333333333334
79500,0.24166666666666667
79501,0.08
79502,0.18666666666666668
79503,0.7133333333333333
79504,0.46166666666666667
79505,0.8316666666666668
79506,0.6816666666666666
79507,0.6816666666666666
79508,0.051666666666666666
79509,0.335
79510,0.40499999999999997
79511,0.24333333333333335
79512,0.3766666666666667
79513,0.155
79514,0.66
79515,0.48833333333333334
79516,0.4033333333333333
79517,0.355
79518,0.115
79519,0.13333333333333333
79520,0.12000000000000001
79521,0.5583333333333333
79522,0.18666666666666668
79523,0.37333333333333335
79524,0.5183333333333333
79525,0.06833333333333333
79526,0.16166666666666668
79527,0.43499999999999994
79528,0.52
79529,0.9383333333333332
79530,0.32666666666666666
79531,0.125
79532,0.335
79533,0.24166666666666664
79534,0.33166666666666667
79535,0.895
79536,0.115
79537,0.33999999999999997
79538,0.255
79539,0.9033333333333333
79540,0.5483333333333333
79541,0.32666666666666666
79542,0.31333333333333335
79543,0.7183333333333334
79544,0.3383333333333333
79545,0.79
79546,0.9533333333333334
79547,0.2316666666666667
79548,0.18166666666666667
79549,0.07
79550,0.21999999999999997
79551,0.25
79552,0.745
79553,0.018333333333333333
79554,0.24333333333333335
79555,0.3716666666666667
79556,0.7866666666666666
79557,0.06833333333333333
79558,0.2733333333333334
79559,0.5700000000000001
79560,0.3
79561,0.6900000000000001
79562,0.29166666666666663
79563,0.033333333333333326
79564,0.9099999999999999
79565,0.12166666666666667
79566,0.01
79567,0.5666666666666667
79568,0.15833333333333333
79569,0.14500000000000002
79570,0.2633333333333333
79571,0.47333333333333333
79572,0.19666666666666666
79573,0.2633333333333333
79574,0.13833333333333334
79575,0.011666666666666667
79576,0.435
79577,0.18166666666666667
79578,0.36666666666666664
79579,0.35333333333333333
79580,0.19666666666666668
79581,0.17666666666666664
79582,0.20166666666666666
79583,0.6983333333333333
79584,0.36333333333333334
79585,0.5633333333333334
79586,0.08499999999999999
79587,0.03333333333333333
79588,0.2716666666666666
79589,0.6549999999999999
79590,0.29333333333333333
79591,0.7566666666666666
79592,0.565
79593,0.09666666666666668
79594,0.42833333333333334
79595,0.7300000000000001
79596,0.5833333333333334
79597,0.475
79598,0.6633333333333333
79599,0.06833333333333333
79600,0.43833333333333335
79601,0.3566666666666667
79602,0.135
79603,0.05166666666666666
79604,0.008333333333333333
79605,0.04166666666666667
79606,0.9933333333333333
79607,0.19
79608,0.13
79609,0.08666666666666666
79610,0.40499999999999997
79611,0.2833333333333333
79612,0.3533333333333333
79613,0.9383333333333332
79614,0.46166666666666667
79615,0.655
79616,0.3433333333333333
79617,0.5766666666666667
79618,0.485
79619,0.9383333333333332
79620,0.19166666666666665
79621,0.043333333333333335
79622,0.2533333333333333
79623,0.37166666666666665
79624,0.74
79625,0.245
79626,0.5233333333333333
79627,0.355
79628,0.5516666666666666
79629,0.11499999999999999
79630,0.11166666666666666
79631,0.9299999999999999
79632,0.215
79633,0.1
79634,0.01
79635,0.8716666666666666
79636,0.5933333333333334
79637,0.045
79638,0.675
79639,0.20666666666666667
79640,0.2583333333333333
79641,0.675
79642,0.475
79643,0.3666666666666667
79644,0.10333333333333333
79645,0.27
79646,0.36333333333333334
79647,0.38666666666666666
79648,0.9000000000000001
79649,0.33333333333333337
79650,0.37333333333333335
79651,0.17833333333333334
79652,0.051666666666666666
79653,0.335
79654,0.2733333333333333
79655,0.6599999999999999
79656,0.18666666666666668
79657,0.545
79658,0.05
79659,0.28833333333333333
79660,0.6916666666666667
79661,0.455
79662,0.3933333333333333
79663,0.48833333333333334
79664,0.655
79665,0.8799999999999999
79666,0.255
79667,0.23
79668,0.06666666666666668
79669,0.265
79670,0.6249999999999999
79671,0.8766666666666667
79672,0.09999999999999999
79673,0.065
79674,0.21000000000000002
79675,0.745
79676,0.8916666666666668
79677,0.32166666666666666
79678,0.24499999999999997
79679,0.185
79680,0.365
79681,0.4966666666666667
79682,0.8416666666666668
79683,0.38
79684,0.265
79685,0.19166666666666665
79686,0.575
79687,0.3883333333333333
79688,0.8533333333333333
79689,0.6816666666666666
79690,0.06833333333333333
79691,0.6816666666666666
79692,0.3166666666666667
79693,0.81
79694,0.4216666666666667
79695,0.22999999999999998
79696,0.2783333333333333
79697,0.8133333333333334
79698,0.12833333333333333
79699,0.39666666666666667
79700,0.6583333333333334
79701,0.7916666666666666
79702,0.23333333333333334
79703,0.9333333333333333
79704,0.5216666666666666
79705,0.33166666666666667
79706,0.04666666666666667
79707,0.8866666666666667
79708,0.3883333333333333
79709,0.015
79710,0.3433333333333333
79711,0.775
79712,0.5733333333333334
79713,0.0033333333333333335
79714,0.7433333333333333
79715,0.36333333333333334
79716,0.20833333333333334
79717,0.20166666666666666
79718,0.4816666666666667
79719,0.25666666666666665
79720,0.051666666666666666
79721,0.6383333333333333
79722,0.9383333333333334
79723,0.40333333333333327
79724,0.8983333333333333
79725,0.9633333333333333
79726,0.03166666666666666
79727,0.15333333333333332
79728,0.72
79729,0.5183333333333334
79730,0.2816666666666667
79731,0.15333333333333332
79732,0.295
79733,0.23
79734,0.33666666666666667
79735,0.43666666666666665
79736,0.19666666666666666
79737,0.18333333333333335
79738,0.31499999999999995
79739,0.2666666666666667
79740,0.16499999999999998
79741,0.15833333333333333
79742,0.8066666666666666
79743,0.115
79744,0.9083333333333332
79745,0.18166666666666667
79746,0.47
79747,0.31333333333333335
79748,0.43333333333333335
79749,0.048333333333333325
79750,0.20500000000000002
79751,0.6283333333333333
79752,0.5633333333333334
79753,0.195
79754,0.21666666666666667
79755,0.21166666666666664
79756,0.13666666666666666
79757,0.6016666666666667
79758,0.32666666666666666
79759,0.27
79760,0.95
79761,0.04833333333333333
79762,0.115
79763,0.04
79764,0.2233333333333333
79765,0.8483333333333334
79766,0.215
79767,0.46
79768,0.35500000000000004
79769,0.3416666666666666
79770,0.21500000000000002
79771,0.6316666666666667
79772,0.51
79773,0.15666666666666668
79774,0.4083333333333333
79775,0.06833333333333333
79776,0.8883333333333334
79777,0.015000000000000001
79778,0.005
79779,0.9566666666666667
79780,0.6116666666666666
79781,0.16999999999999998
79782,0.9233333333333333
79783,0.245
79784,0.9199999999999999
79785,0.19
79786,0.075
79787,0.22333333333333336
79788,0.24666666666666665
79789,0.8883333333333334
79790,0.7133333333333333
79791,0.66
79792,0.06333333333333332
79793,0.6366666666666667
79794,0.10166666666666666
79795,0.475
79796,0.2633333333333333
79797,0.6666666666666666
79798,0.13666666666666666
79799,0.1
79800,0.4833333333333333
79801,0.9450000000000001
79802,0.20833333333333337
79803,0.6866666666666668
79804,0.6216666666666667
79805,0.11666666666666667
79806,0.3816666666666667
79807,0.7383333333333333
79808,0.011666666666666667
79809,0.19833333333333333
79810,0.3333333333333333
79811,0.6933333333333334
79812,0.16666666666666666
79813,0.09999999999999999
79814,0.21499999999999997
79815,0.10999999999999999
79816,0.7216666666666667
79817,0.32
79818,0.3
79819,0.765
79820,0.12666666666666665
79821,0.14500000000000002
79822,0.23666666666666664
79823,0.5216666666666667
79824,0.3166666666666667
79825,0.7466666666666666
79826,0.9316666666666666
79827,0.20666666666666667
79828,0.02
79829,0.6083333333333333
79830,0.26166666666666666
79831,0.043333333333333335
79832,0.9299999999999999
79833,0.02
79834,0.6883333333333334
79835,0.05333333333333333
79836,0.7683333333333333
79837,0.335
79838,0.4233333333333333
79839,0.9716666666666667
79840,0.5166666666666666
79841,0.9733333333333334
79842,0.47833333333333333
79843,0.4133333333333334
79844,0.43333333333333335
79845,0.395
79846,0.6016666666666666
79847,0.9533333333333334
79848,0.665
79849,0.6433333333333333
79850,0.25666666666666665
79851,0.2416666666666667
79852,0.015000000000000001
79853,0.3566666666666667
79854,0.7183333333333334
79855,0.15666666666666668
79856,0.3533333333333333
79857,0.32333333333333336
79858,0.38666666666666666
79859,0.03666666666666667
79860,0.13333333333333333
79861,0.26666666666666666
79862,0.9216666666666667
79863,0.5116666666666667
79864,0.5
79865,0.07
79866,0.2866666666666667
79867,0.08333333333333334
79868,0.9266666666666667
79869,0.21666666666666667
79870,0.7000000000000001
79871,0.016666666666666666
79872,0.20333333333333334
79873,0.3866666666666666
79874,0.815
79875,0.13166666666666668
79876,0.09333333333333334
79877,0.3983333333333333
79878,0.028333333333333335
79879,0.6366666666666667
79880,0.2933333333333333
79881,0.75
79882,0.14333333333333334
79883,0.3916666666666666
79884,0.025
79885,0.9866666666666668
79886,0.33999999999999997
79887,0.8200000000000001
79888,0.35
79889,0.33666666666666667
79890,0.29333333333333333
79891,0.15833333333333335
79892,0.028333333333333335
79893,0.7266666666666666
79894,0.28
79895,0.08833333333333333
79896,0.29000000000000004
79897,0.21166666666666667
79898,0.315
79899,0.2633333333333333
79900,0.385
79901,0.325
79902,0.16
79903,0.049999999999999996
79904,0.7916666666666667
79905,0.7066666666666667
79906,0.37500000000000006
79907,0.041666666666666664
79908,0.31333333333333335
79909,0.235
79910,0.15333333333333335
79911,0.6883333333333334
79912,0.085
79913,0.9666666666666666
79914,0.5016666666666667
79915,0.20333333333333334
79916,0.058333333333333334
79917,0.4083333333333333
79918,0.765
79919,0.68
79920,0.15666666666666668
79921,0.4
79922,0.15666666666666668
79923,0.11
79924,0.8916666666666666
79925,0.3383333333333334
79926,0.6616666666666666
79927,0.23833333333333334
79928,0.9316666666666666
79929,0.9616666666666667
79930,0.22666666666666668
79931,0.4866666666666667
79932,0.15666666666666665
79933,0.595
79934,0.195
79935,0.2966666666666667
79936,0.24666666666666665
79937,0.42
79938,0.525
79939,0.915
79940,0.3466666666666667
79941,0.013333333333333332
79942,0.585
79943,0.18666666666666665
79944,0.25166666666666665
79945,0.21833333333333332
79946,0.75
79947,0.665
79948,0.755
79949,0.57
79950,0.22333333333333333
79951,0.135
79952,0.2366666666666667
79953,0.405
79954,0.03166666666666666
79955,0.19833333333333333
79956,0.17833333333333334
79957,0.3233333333333333
79958,0.035
79959,0.023333333333333334
79960,0.27499999999999997
79961,0.41833333333333333
79962,0.36333333333333334
79963,0.15333333333333332
79964,0.30500000000000005
79965,0.021666666666666667
79966,0.135
79967,0.185
79968,0.12
79969,0.235
79970,0.2566666666666667
79971,0.62
79972,0.5549999999999999
79973,0.24666666666666667
79974,0.29833333333333334
79975,0.2816666666666667
79976,0.5416666666666666
79977,0.7866666666666666
79978,0.5633333333333334
79979,0.3766666666666666
79980,0.18333333333333335
79981,0.3516666666666667
79982,0.18166666666666667
79983,0.245
79984,0.6649999999999999
79985,0.41500000000000004
79986,0.5816666666666667
79987,0.6900000000000001
79988,0.07
79989,0.45999999999999996
79990,0.6483333333333333
79991,0.07166666666666667
79992,0.40666666666666673
79993,0.07666666666666666
79994,0.715
79995,0.5383333333333333
79996,0.7016666666666667
79997,0.008333333333333333
79998,0.04
79999,0.33
80000,0.31666666666666665
80001,0.565
80002,0.025
80003,0.045
80004,0.24833333333333335
80005,0.6083333333333333
80006,0.9716666666666666
80007,0.20500000000000002
80008,0.625
80009,0.845
80010,0.14666666666666667
80011,0.18333333333333332
80012,0.7500000000000001
80013,0.7216666666666667
80014,0.16166666666666665
80015,0.55
80016,0.06333333333333334
80017,0.4866666666666667
80018,0.4066666666666666
80019,0.43333333333333335
80020,0.21833333333333332
80021,0.07833333333333334
80022,0.8116666666666666
80023,0.6666666666666666
80024,0.14666666666666667
80025,0.7083333333333334
80026,0.44333333333333325
80027,0.7683333333333333
80028,0.645
80029,0.16166666666666668
80030,0.16666666666666669
80031,0.17
80032,0.265
80033,0.175
80034,0.47166666666666657
80035,0.21666666666666667
80036,0.2966666666666667
80037,0.7000000000000001
80038,0.6516666666666666
80039,0.021666666666666667
80040,0.13
80041,0.6083333333333334
80042,0.6383333333333333
80043,0.19833333333333333
80044,0.11833333333333332
80045,0.5783333333333334
80046,0.22166666666666668
80047,0.8049999999999999
80048,0.33499999999999996
80049,0.64
80050,0.12333333333333332
80051,0.9733333333333334
80052,0.265
80053,0.09166666666666666
80054,0.54
80055,0.8666666666666667
80056,0.20833333333333334
80057,0.6733333333333333
80058,0.04
80059,0.3016666666666667
80060,0.165
80061,0.27666666666666667
80062,0.33166666666666667
80063,0.03666666666666667
80064,1.0
80065,0.3466666666666667
80066,0.7083333333333334
80067,0.27999999999999997
80068,0.255
80069,0.9166666666666667
80070,0.025
80071,0.22
80072,0.8183333333333334
80073,0.30833333333333335
80074,0.7483333333333333
80075,0.205
80076,0.6733333333333333
80077,0.15500000000000003
80078,0.655
80079,0.315
80080,0.6633333333333333
80081,0.08833333333333335
80082,0.39
80083,0.625
80084,0.015
80085,0.15833333333333333
80086,0.21000000000000002
80087,0.17333333333333334
80088,0.5483333333333333
80089,0.42000000000000004
80090,0.13833333333333334
80091,0.5866666666666667
80092,0.5316666666666666
80093,0.26666666666666666
80094,0.7866666666666667
80095,0.11833333333333335
80096,0.165
80097,0.9116666666666667
80098,0.023333333333333334
80099,0.03666666666666667
80100,0.7499999999999999
80101,0.021666666666666667
80102,0.8916666666666668
80103,0.11333333333333333
80104,0.20833333333333334
80105,0.5733333333333334
80106,0.5383333333333333
80107,0.3183333333333333
80108,0.12166666666666667
80109,0.77
80110,0.5766666666666667
80111,0.5616666666666668
80112,0.31999999999999995
80113,0.26
80114,0.23333333333333334
80115,0.365
80116,0.42
80117,0.6616666666666667
80118,0.13666666666666666
80119,0.05666666666666667
80120,0.3066666666666667
80121,0.155
80122,0.09833333333333334
80123,0.22666666666666668
80124,0.9816666666666667
80125,0.12333333333333334
80126,0.3133333333333333
80127,0.615
80128,0.975
80129,0.35833333333333334
80130,0.43
80131,0.8416666666666666
80132,0.28833333333333333
80133,0.37333333333333335
80134,0.6433333333333333
80135,0.33333333333333337
80136,0.9066666666666666
80137,0.17833333333333334
80138,0.11833333333333335
80139,0.7133333333333334
80140,0.3783333333333333
80141,0.26499999999999996
80142,0.19333333333333333
80143,0.445
80144,0.36833333333333335
80145,0.3966666666666667
80146,0.8916666666666666
80147,0.925
80148,0.31
80149,0.25333333333333335
80150,0.7483333333333333
80151,0.08666666666666667
80152,0.8833333333333333
80153,0.2916666666666667
80154,0.36833333333333335
80155,0.1
80156,0.8899999999999999
80157,0.7316666666666667
80158,0.35000000000000003
80159,0.20500000000000002
80160,0.03166666666666667
80161,0.40666666666666673
80162,0.016666666666666666
80163,0.5566666666666666
80164,0.6633333333333333
80165,0.125
80166,0.255
80167,0.2583333333333333
80168,0.36
80169,0.6933333333333334
80170,0.185
80171,0.37166666666666665
80172,0.19166666666666665
80173,0.255
80174,0.9483333333333333
80175,0.24833333333333335
80176,0.35
80177,0.8316666666666667
80178,0.3033333333333333
80179,0.02
80180,0.35
80181,0.9516666666666667
80182,0.5116666666666667
80183,0.41500000000000004
80184,0.6466666666666666
80185,0.6216666666666667
80186,0.35833333333333334
80187,0.4099999999999999
80188,0.14666666666666667
80189,0.3983333333333333
80190,0.5616666666666666
80191,0.5933333333333334
80192,0.36166666666666664
80193,0.13166666666666665
80194,0.016666666666666666
80195,0.7133333333333334
80196,0.15833333333333335
80197,0.6599999999999999
80198,0.26666666666666666
80199,0.41000000000000003
80200,0.7966666666666666
80201,0.09666666666666668
80202,0.41500000000000004
80203,0.9833333333333334
80204,0.8116666666666668
80205,0.5933333333333334
80206,0.15666666666666668
80207,0.73
80208,0.5916666666666667
80209,0.33333333333333337
80210,0.09
80211,0.2016666666666667
80212,0.6966666666666667
80213,0.5033333333333334
80214,0.26166666666666666
80215,0.6016666666666667
80216,0.22333333333333333
80217,0.32333333333333336
80218,0.6433333333333333
80219,0.2633333333333333
80220,0.23833333333333337
80221,0.2383333333333333
80222,0.22833333333333333
80223,0.155
80224,0.2783333333333333
80225,0.7683333333333333
80226,0.745
80227,0.03166666666666667
80228,0.03666666666666667
80229,0.295
80230,0.06833333333333334
80231,0.9583333333333333
80232,0.4083333333333334
80233,0.15666666666666668
80234,0.4666666666666667
80235,0.18666666666666668
80236,0.03833333333333334
80237,0.22833333333333333
80238,0.5966666666666667
80239,0.40499999999999997
80240,0.7066666666666667
80241,0.285
80242,0.885
80243,0.185
80244,0.5566666666666666
80245,0.28
80246,0.325
80247,0.24833333333333335
80248,0.22333333333333333
80249,0.13333333333333333
80250,0.7016666666666667
80251,0.12166666666666667
80252,0.57
80253,0.18166666666666667
80254,0.43500000000000005
80255,0.5766666666666667
80256,0.32833333333333337
80257,0.12333333333333335
80258,0.35500000000000004
80259,0.28500000000000003
80260,0.5016666666666666
80261,0.4966666666666667
80262,0.34833333333333333
80263,0.64
80264,0.8700000000000001
80265,0.355
80266,0.035
80267,0.9183333333333334
80268,0.24833333333333332
80269,0.15166666666666667
80270,0.30333333333333334
80271,0.015
80272,0.52
80273,0.4316666666666667
80274,0.44833333333333336
80275,0.018333333333333333
80276,0.25
80277,0.21999999999999997
80278,0.39666666666666667
80279,0.7116666666666667
80280,0.73
80281,0.8066666666666666
80282,0.7766666666666666
80283,0.4766666666666666
80284,0.026666666666666665
80285,0.23833333333333334
80286,0.9516666666666665
80287,0.16166666666666668
80288,0.16999999999999998
80289,0.31
80290,0.26333333333333336
80291,0.125
80292,0.1933333333333333
80293,0.16166666666666665
80294,0.10833333333333334
80295,0.23500000000000001
80296,0.34500000000000003
80297,0.9066666666666667
80298,0.5933333333333334
80299,0.7566666666666666
80300,0.63
80301,0.2733333333333333
80302,0.1433333333333333
80303,0.29166666666666663
80304,0.24
80305,0.655
80306,0.5516666666666667
80307,0.315
80308,0.2633333333333333
80309,0.16333333333333333
80310,0.3583333333333334
80311,0.06666666666666667
80312,0.6849999999999999
80313,0.19666666666666666
80314,0.125
80315,0.15833333333333333
80316,0.695
80317,0.31333333333333335
80318,0.9683333333333333
80319,0.3383333333333333
80320,0.5833333333333333
80321,0.035
80322,0.51
80323,0.3516666666666667
80324,0.6883333333333334
80325,0.058333333333333334
80326,0.06333333333333334
80327,0.33166666666666667
80328,0.6799999999999999
80329,0.028333333333333335
80330,0.495
80331,0.31999999999999995
80332,0.20166666666666666
80333,0.62
80334,0.6766666666666667
80335,0.17833333333333334
80336,0.3
80337,0.36833333333333335
80338,0.43499999999999994
80339,0.21833333333333332
80340,0.24666666666666665
80341,0.155
80342,0.4033333333333333
80343,0.07333333333333333
80344,0.33
80345,0.11499999999999999
80346,0.35833333333333334
80347,0.24333333333333335
80348,0.19666666666666666
80349,0.03666666666666667
80350,0.565
80351,0.7383333333333334
80352,0.38666666666666666
80353,0.835
80354,0.6666666666666667
80355,0.32666666666666666
80356,0.36500000000000005
80357,0.22166666666666668
80358,0.09333333333333334
80359,0.015
80360,0.07666666666666667
80361,0.27666666666666667
80362,0.24666666666666667
80363,0.016666666666666666
80364,0.6733333333333333
80365,0.2
80366,0.023333333333333334
80367,0.7033333333333334
80368,0.20166666666666666
80369,0.9166666666666667
80370,0.9033333333333333
80371,0.42833333333333334
80372,0.5650000000000001
80373,0.5599999999999999
80374,0.19
80375,0.125
80376,0.8666666666666667
80377,0.039999999999999994
80378,0.6716666666666666
80379,0.19833333333333333
80380,0.05333333333333334
80381,0.6183333333333334
80382,0.4083333333333333
80383,0.19666666666666666
80384,0.8183333333333334
80385,0.6116666666666667
80386,0.23833333333333334
80387,0.2833333333333333
80388,0.43166666666666664
80389,0.36
80390,0.27666666666666667
80391,0.525
80392,0.7649999999999999
80393,0.7933333333333332
80394,0.6749999999999999
80395,0.20999999999999996
80396,0.8233333333333333
80397,0.72
80398,0.5883333333333334
80399,0.2733333333333333
80400,0.9383333333333334
80401,0.6516666666666667
80402,0.15333333333333332
80403,0.8183333333333334
80404,0.06166666666666666
80405,0.03833333333333333
80406,0.395
80407,0.16166666666666665
80408,0.61
80409,0.021666666666666667
80410,0.12666666666666668
80411,0.7283333333333333
80412,0.05666666666666667
80413,0.19
80414,0.2633333333333333
80415,0.2966666666666667
80416,0.095
80417,0.375
80418,0.3383333333333333
80419,0.5
80420,0.20333333333333334
80421,0.245
80422,0.43666666666666665
80423,0.5033333333333333
80424,0.5933333333333334
80425,0.20166666666666666
80426,0.7483333333333333
80427,0.37500000000000006
80428,0.32666666666666666
80429,0.275
80430,0.275
80431,0.9216666666666666
80432,0.8666666666666667
80433,0.04833333333333333
80434,0.535
80435,0.37166666666666665
80436,0.29
80437,0.08499999999999999
80438,0.32
80439,0.44666666666666666
80440,0.61
80441,0.155
80442,0.061666666666666675
80443,0.5483333333333333
80444,0.5433333333333333
80445,0.36
80446,0.42166666666666663
80447,0.23833333333333334
80448,0.3383333333333333
80449,0.52
80450,0.44833333333333336
80451,0.6666666666666667
80452,0.6783333333333333
80453,0.25833333333333336
80454,0.6699999999999999
80455,0.09833333333333334
80456,0.16833333333333333
80457,0.22
80458,0.9333333333333333
80459,0.4083333333333333
80460,0.03
80461,0.08499999999999999
80462,0.2866666666666666
80463,0.025
80464,0.465
80465,0.8266666666666667
80466,0.3733333333333333
80467,0.5566666666666666
80468,0.31833333333333336
80469,0.355
80470,0.15833333333333333
80471,0.355
80472,0.33166666666666667
80473,0.12333333333333335
80474,0.3683333333333333
80475,0.23333333333333334
80476,0.20166666666666666
80477,0.6916666666666667
80478,0.51
80479,0.3283333333333333
80480,0.13
80481,0.385
80482,0.6833333333333333
80483,0.63
80484,0.155
80485,0.5716666666666667
80486,0.3366666666666667
80487,0.29666666666666663
80488,0.9633333333333334
80489,0.2516666666666667
80490,0.1
80491,0.9500000000000001
80492,0.05666666666666667
80493,0.695
80494,0.7733333333333333
80495,0.09833333333333334
80496,0.2366666666666667
80497,0.355
80498,0.825
80499,0.07833333333333334
80500,0.9633333333333332
80501,0.025
80502,0.20833333333333331
80503,0.2416666666666667
80504,0.9716666666666667
80505,0.9333333333333333
80506,0.13166666666666668
80507,0.6616666666666666
80508,0.3566666666666667
80509,0.016666666666666666
80510,0.35
80511,0.19166666666666665
80512,0.42499999999999993
80513,0.26333333333333336
80514,0.28
80515,0.74
80516,0.29333333333333333
80517,0.5266666666666667
80518,0.625
80519,0.42833333333333334
80520,0.6783333333333333
80521,0.24999999999999997
80522,0.5900000000000001
80523,0.4716666666666667
80524,0.21
80525,0.19999999999999998
80526,0.11666666666666667
80527,0.13666666666666666
80528,0.385
80529,0.51
80530,0.6783333333333333
80531,0.325
80532,0.15166666666666667
80533,0.31666666666666665
80534,0.4066666666666667
80535,0.17166666666666666
80536,0.45333333333333337
80537,0.42833333333333334
80538,0.3516666666666667
80539,0.028333333333333335
80540,0.445
80541,0.275
80542,0.17
80543,0.22166666666666665
80544,0.25666666666666665
80545,0.2633333333333333
80546,0.69
80547,0.2733333333333334
80548,0.2783333333333333
80549,0.9349999999999998
80550,0.9849999999999999
80551,0.058333333333333334
80552,0.7333333333333333
80553,0.125
80554,0.41000000000000003
80555,0.16333333333333336
80556,0.9483333333333335
80557,0.23833333333333334
80558,0.535
80559,0.9283333333333332
80560,0.375
80561,0.32666666666666666
80562,0.6683333333333333
80563,0.47
80564,0.6333333333333333
80565,0.11666666666666667
80566,0.09833333333333333
80567,0.31833333333333336
80568,0.335
80569,0.6283333333333333
80570,0.33999999999999997
80571,0.41
80572,0.06666666666666668
80573,0.05833333333333333
80574,0.32
80575,0.31
80576,0.22499999999999998
80577,0.565
80578,0.18166666666666667
80579,0.22499999999999998
80580,0.21833333333333332
80581,0.315
80582,0.025
80583,0.245
80584,0.725
80585,0.8633333333333334
80586,0.8799999999999999
80587,0.2533333333333333
80588,0.07166666666666667
80589,0.3383333333333334
80590,0.3833333333333333
80591,0.405
80592,0.06333333333333332
80593,0.43499999999999994
80594,0.21000000000000002
80595,0.03666666666666667
80596,0.41500000000000004
80597,0.6466666666666667
80598,0.3666666666666667
80599,0.495
80600,0.9716666666666667
80601,0.016666666666666666
80602,0.44999999999999996
80603,0.29666666666666663
80604,0.7533333333333333
80605,0.545
80606,0.6166666666666667
80607,0.6333333333333333
80608,0.335
80609,0.8316666666666666
80610,0.035
80611,0.55
80612,0.7683333333333333
80613,0.7416666666666667
80614,0.435
80615,0.33
80616,0.59
80617,0.32666666666666666
80618,0.09166666666666667
80619,0.705
80620,0.6549999999999999
80621,0.2033333333333333
80622,0.5599999999999999
80623,0.26999999999999996
80624,0.04666666666666667
80625,0.41833333333333333
80626,0.17833333333333334
80627,0.8783333333333334
80628,0.35000000000000003
80629,0.13166666666666665
80630,0.15166666666666667
80631,0.05666666666666667
80632,0.15666666666666668
80633,0.5566666666666666
80634,0.19
80635,0.09833333333333333
80636,0.4083333333333333
80637,0.19666666666666666
80638,0.115
80639,0.325
80640,0.29833333333333334
80641,0.5283333333333333
80642,0.26666666666666666
80643,0.008333333333333333
80644,0.6299999999999999
80645,0.14166666666666666
80646,0.30666666666666664
80647,0.22166666666666668
80648,0.1
80649,0.28833333333333333
80650,0.7966666666666666
80651,0.39166666666666666
80652,0.2683333333333333
80653,0.2066666666666667
80654,0.09666666666666665
80655,0.935
80656,0.21000000000000002
80657,0.015
80658,0.6533333333333333
80659,0.9483333333333333
80660,0.4
80661,0.705
80662,0.72
80663,0.26166666666666666
80664,0.7699999999999999
80665,0.8700000000000001
80666,0.9516666666666667
80667,0.12666666666666668
80668,0.20999999999999996
80669,0.45499999999999996
80670,0.32166666666666666
80671,0.26
80672,0.058333333333333334
80673,0.08
80674,0.15833333333333335
80675,0.2583333333333333
80676,0.17833333333333334
80677,0.08833333333333333
80678,0.4016666666666666
80679,0.03166666666666667
80680,0.145
80681,0.24166666666666667
80682,0.13333333333333333
80683,0.11166666666666668
80684,0.060000000000000005
80685,0.9733333333333333
80686,0.31833333333333336
80687,0.5433333333333333
80688,0.5750000000000001
80689,0.5866666666666667
80690,0.13833333333333334
80691,0.215
80692,0.3
80693,0.28833333333333333
80694,0.22833333333333333
80695,0.195
80696,0.33166666666666667
80697,0.3583333333333333
80698,0.345
80699,0.16666666666666666
80700,0.29
80701,0.21666666666666667
80702,0.006666666666666667
80703,0.3383333333333334
80704,0.008333333333333333
80705,0.03833333333333333
80706,0.42833333333333334
80707,0.006666666666666667
80708,0.2983333333333333
80709,0.7016666666666667
80710,0.02
80711,0.8433333333333334
80712,0.52
80713,0.26333333333333336
80714,0.14
80715,0.33499999999999996
80716,0.09
80717,0.7016666666666667
80718,0.74
80719,0.21499999999999997
80720,0.25333333333333335
80721,0.14166666666666666
80722,0.5816666666666667
80723,0.42000000000000004
80724,0.22
80725,0.095
80726,0.016666666666666666
80727,0.20166666666666666
80728,0.27166666666666667
80729,0.16999999999999998
80730,0.31666666666666665
80731,0.145
80732,0.025
80733,0.27666666666666667
80734,0.7033333333333334
80735,0.095
80736,0.58
80737,0.605
80738,0.19333333333333333
80739,0.17166666666666666
80740,0.7566666666666666
80741,0.535
80742,0.17333333333333334
80743,0.13166666666666665
80744,0.705
80745,0.006666666666666667
80746,0.5016666666666667
80747,0.27999999999999997
80748,0.7016666666666667
80749,0.5433333333333333
80750,0.24833333333333335
80751,0.18166666666666667
80752,0.26166666666666666
80753,0.7
80754,0.17666666666666667
80755,0.006666666666666667
80756,0.030000000000000002
80757,0.27999999999999997
80758,0.21333333333333332
80759,0.2416666666666667
80760,0.39499999999999996
80761,0.5266666666666666
80762,0.056666666666666664
80763,0.07
80764,0.57
80765,0.22833333333333333
80766,0.6483333333333333
80767,0.5366666666666666
80768,0.22166666666666668
80769,0.4916666666666666
80770,0.26
80771,0.26166666666666666
80772,0.315
80773,0.635
80774,0.18333333333333335
80775,0.615
80776,0.5499999999999999
80777,0.255
80778,0.2366666666666667
80779,0.21833333333333335
80780,0.18333333333333332
80781,0.6083333333333334
80782,0.32666666666666666
80783,0.6966666666666667
80784,0.6116666666666667
80785,0.52
80786,0.6
80787,0.9033333333333333
80788,0.2866666666666666
80789,0.19666666666666666
80790,0.07333333333333333
80791,0.21333333333333332
80792,0.12333333333333334
80793,0.5916666666666667
80794,0.18833333333333335
80795,0.105
80796,0.3483333333333334
80797,0.5616666666666666
80798,0.5616666666666666
80799,0.5133333333333333
80800,0.21333333333333332
80801,0.01
80802,0.275
80803,0.06666666666666667
80804,0.18
80805,0.195
80806,0.2783333333333334
80807,0.24
80808,0.42833333333333334
80809,0.12166666666666667
80810,0.575
80811,0.13
80812,0.16666666666666666
80813,0.68
80814,0.02333333333333333
80815,0.3966666666666667
80816,0.015
80817,0.15666666666666668
80818,0.3883333333333333
80819,0.20833333333333337
80820,0.20500000000000002
80821,0.3783333333333333
80822,0.15166666666666664
80823,0.9916666666666667
80824,0.6183333333333334
80825,0.11833333333333333
80826,0.3516666666666667
80827,0.11499999999999999
80828,0.3566666666666667
80829,0.42000000000000004
80830,0.03666666666666667
80831,0.21333333333333332
80832,0.9216666666666666
80833,0.30833333333333335
80834,0.18
80835,0.2633333333333333
80836,0.2916666666666667
80837,0.35
80838,0.705
80839,0.7683333333333333
80840,0.415
80841,0.21166666666666667
80842,0.20666666666666667
80843,0.08166666666666667
80844,0.42833333333333334
80845,0.035
80846,0.42333333333333334
80847,0.5516666666666667
80848,0.35
80849,0.2633333333333333
80850,0.08000000000000002
80851,0.07500000000000001
80852,0.39833333333333343
80853,0.09166666666666667
80854,0.041666666666666664
80855,0.22833333333333333
80856,0.7650000000000001
80857,0.09166666666666667
80858,0.24833333333333335
80859,0.8333333333333334
80860,0.5416666666666666
80861,0.5983333333333333
80862,0.6583333333333333
80863,0.8133333333333332
80864,0.20166666666666666
80865,0.15833333333333335
80866,0.34
80867,0.016666666666666666
80868,0.9516666666666667
80869,0.5633333333333332
80870,0.03166666666666667
80871,0.20333333333333337
80872,0.6883333333333334
80873,0.15333333333333332
80874,0.9233333333333333
80875,0.8716666666666666
80876,0.505
80877,0.9233333333333333
80878,0.165
80879,0.42666666666666664
80880,0.39333333333333337
80881,0.9749999999999999
80882,0.14666666666666667
80883,0.3283333333333333
80884,0.21333333333333335
80885,0.32666666666666666
80886,0.6816666666666666
80887,0.5049999999999999
80888,0.59
80889,0.2816666666666667
80890,0.72
80891,0.23166666666666666
80892,0.3883333333333333
80893,0.315
80894,0.5783333333333334
80895,0.35
80896,0.26166666666666666
80897,0.16833333333333333
80898,0.3133333333333333
80899,0.10166666666666668
80900,0.22
80901,0.76
80902,0.8116666666666668
80903,0.5433333333333333
80904,0.28500000000000003
80905,0.55
80906,0.06166666666666666
80907,0.835
80908,0.31166666666666665
80909,0.595
80910,0.5716666666666667
80911,0.14833333333333332
80912,0.7283333333333334
80913,0.04666666666666667
80914,0.2683333333333333
80915,0.915
80916,0.013333333333333332
80917,0.5700000000000001
80918,0.16333333333333333
80919,0.355
80920,0.011666666666666667
80921,0.01
80922,0.5900000000000001
80923,0.006666666666666667
80924,0.23666666666666664
80925,0.4316666666666667
80926,0.27666666666666667
80927,0.72
80928,0.31
80929,0.5883333333333334
80930,0.105
80931,0.9716666666666667
80932,0.08000000000000002
80933,0.19333333333333333
80934,0.44833333333333336
80935,0.6216666666666667
80936,0.43833333333333335
80937,0.6266666666666667
80938,0.18
80939,0.6616666666666666
80940,0.63
80941,0.07
80942,0.03166666666666667
80943,0.7083333333333333
80944,0.255
80945,0.5683333333333334
80946,0.2816666666666667
80947,0.3333333333333333
80948,0.18333333333333332
80949,0.5233333333333333
80950,0.4983333333333333
80951,0.9100000000000001
80952,0.265
80953,0.20833333333333331
80954,0.5683333333333334
80955,0.028333333333333332
80956,0.135
80957,0.2816666666666667
80958,0.7716666666666667
80959,0.32499999999999996
80960,0.9849999999999999
80961,0.6183333333333333
80962,0.2733333333333333
80963,0.33
80964,0.39166666666666666
80965,0.5666666666666667
80966,0.03833333333333333
80967,0.4666666666666667
80968,0.53
80969,0.3833333333333333
80970,0.7150000000000001
80971,0.9233333333333332
80972,0.30833333333333335
80973,0.2416666666666667
80974,0.17
80975,0.5783333333333334
80976,0.635
80977,0.3566666666666667
80978,0.535
80979,0.19666666666666666
80980,0.27166666666666667
80981,0.9183333333333333
80982,0.3433333333333333
80983,0.2533333333333333
80984,0.715
80985,0.16666666666666666
80986,0.6483333333333333
80987,0.22666666666666668
80988,0.705
80989,0.6916666666666668
80990,0.006666666666666667
80991,0.11833333333333332
80992,0.14500000000000002
80993,0.14666666666666667
80994,0.07166666666666667
80995,0.34
80996,0.043333333333333335
80997,0.5616666666666666
80998,0.36166666666666664
80999,0.365
81000,0.45999999999999996
81001,0.77
81002,0.12666666666666668
81003,0.165
81004,0.6883333333333334
81005,0.21833333333333332
81006,0.44166666666666665
81007,0.3666666666666667
81008,0.385
81009,0.04166666666666667
81010,0.5066666666666666
81011,0.03333333333333333
81012,0.05333333333333333
81013,0.205
81014,0.245
81015,0.07833333333333334
81016,0.3833333333333333
81017,0.23333333333333334
81018,0.01
81019,0.3616666666666667
81020,0.03333333333333333
81021,0.9433333333333334
81022,0.29000000000000004
81023,0.43166666666666664
81024,0.5316666666666666
81025,0.565
81026,0.20833333333333331
81027,0.27166666666666667
81028,0.8883333333333334
81029,0.34833333333333333
81030,0.7650000000000001
81031,0.051666666666666666
81032,0.65
81033,0.08333333333333333
81034,0.21666666666666665
81035,0.23833333333333334
81036,0.051666666666666666
81037,0.8933333333333333
81038,0.3633333333333334
81039,0.22166666666666668
81040,0.6116666666666667
81041,0.01
81042,1.0
81043,0.18333333333333332
81044,0.33333333333333337
81045,0.505
81046,0.5716666666666667
81047,0.018333333333333333
81048,0.43333333333333335
81049,0.2783333333333333
81050,0.665
81051,0.4066666666666667
81052,0.6799999999999999
81053,0.19833333333333333
81054,0.245
81055,0.2416666666666667
81056,0.3766666666666667
81057,0.16333333333333333
81058,0.2
81059,0.22666666666666668
81060,0.22333333333333333
81061,0.7683333333333333
81062,0.26499999999999996
81063,0.19833333333333333
81064,0.9066666666666667
81065,0.6433333333333333
81066,0.11333333333333334
81067,0.22000000000000003
81068,0.24166666666666664
81069,0.9683333333333333
81070,0.3783333333333334
81071,0.47
81072,0.275
81073,0.2466666666666667
81074,0.4083333333333333
81075,0.72
81076,0.35833333333333334
81077,0.615
81078,0.23333333333333334
81079,0.04
81080,0.23
81081,0.725
81082,0.46166666666666667
81083,0.245
81084,0.17333333333333334
81085,0.9133333333333333
81086,0.03166666666666667
81087,0.20833333333333334
81088,0.45499999999999996
81089,0.07
81090,0.655
81091,0.5866666666666667
81092,0.11333333333333334
81093,0.305
81094,0.21000000000000002
81095,0.22000000000000003
81096,0.385
81097,0.5933333333333334
81098,0.6233333333333333
81099,0.7033333333333334
81100,0.5249999999999999
81101,0.44999999999999996
81102,0.43833333333333335
81103,0.15833333333333335
81104,0.09666666666666668
81105,0.008333333333333333
81106,0.25666666666666665
81107,0.5983333333333334
81108,0.3816666666666667
81109,0.39
81110,0.32166666666666666
81111,0.4833333333333334
81112,0.37666666666666665
81113,0.8466666666666667
81114,0.14166666666666666
81115,0.31166666666666665
81116,0.7133333333333334
81117,0.21999999999999997
81118,0.73
81119,0.6766666666666667
81120,0.94
81121,0.43666666666666665
81122,0.043333333333333335
81123,0.16333333333333336
81124,0.5533333333333333
81125,0.24666666666666665
81126,0.3466666666666667
81127,0.9283333333333333
81128,0.45499999999999996
81129,0.05333333333333333
81130,0.08833333333333333
81131,0.3483333333333333
81132,0.32166666666666666
81133,0.575
81134,0.33
81135,0.6883333333333332
81136,0.9166666666666667
81137,0.66
81138,0.865
81139,0.016666666666666666
81140,0.085
81141,0.45833333333333337
81142,0.2366666666666667
81143,0.5416666666666667
81144,0.10333333333333333
81145,0.021666666666666667
81146,0.9849999999999999
81147,0.22500000000000003
81148,0.23833333333333334
81149,0.3983333333333334
81150,0.17666666666666664
81151,0.475
81152,0.25166666666666665
81153,0.16666666666666669
81154,0.14833333333333334
81155,0.06333333333333332
81156,0.6816666666666666
81157,0.03333333333333333
81158,0.5966666666666668
81159,0.065
81160,0.015
81161,0.9583333333333335
81162,0.5283333333333333
81163,0.06666666666666667
81164,0.7950000000000002
81165,0.3566666666666667
81166,0.9283333333333332
81167,0.03166666666666667
81168,0.12666666666666665
81169,0.021666666666666667
81170,0.525
81171,0.2683333333333333
81172,0.16
81173,0.5483333333333333
81174,0.008333333333333333
81175,0.4383333333333333
81176,0.14666666666666667
81177,0.7649999999999999
81178,0.6283333333333334
81179,0.76
81180,0.32166666666666666
81181,0.2583333333333333
81182,0.4716666666666667
81183,0.9816666666666667
81184,0.2833333333333333
81185,0.3716666666666667
81186,0.41000000000000003
81187,0.16
81188,0.335
81189,0.36
81190,0.7083333333333334
81191,0.26999999999999996
81192,0.3516666666666667
81193,0.23166666666666666
81194,0.4716666666666667
81195,0.22666666666666668
81196,0.18666666666666665
81197,0.03666666666666667
81198,0.22166666666666665
81199,0.25166666666666665
81200,0.11000000000000001
81201,0.6283333333333333
81202,0.9466666666666667
81203,0.77
81204,0.026666666666666665
81205,0.955
81206,0.48833333333333334
81207,0.5016666666666667
81208,0.16
81209,0.2783333333333333
81210,0.2583333333333333
81211,0.11833333333333333
81212,0.15666666666666668
81213,0.3383333333333333
81214,0.19333333333333333
81215,0.6133333333333333
81216,0.6616666666666666
81217,0.8183333333333334
81218,0.9916666666666667
81219,0.99
81220,0.57
81221,0.07
81222,0.11166666666666666
81223,0.6316666666666666
81224,0.46833333333333327
81225,0.03
81226,0.6733333333333333
81227,0.6016666666666667
81228,0.245
81229,0.32166666666666666
81230,0.6333333333333333
81231,0.5033333333333334
81232,0.33499999999999996
81233,0.41333333333333333
81234,0.05333333333333333
81235,0.7733333333333333
81236,0.5666666666666667
81237,0.0016666666666666668
81238,0.24666666666666665
81239,0.9783333333333333
81240,0.10666666666666667
81241,0.16499999999999998
81242,0.11166666666666666
81243,0.013333333333333334
81244,0.15833333333333333
81245,0.13999999999999999
81246,0.44999999999999996
81247,0.8833333333333333
81248,0.2633333333333333
81249,0.13
81250,0.25666666666666665
81251,0.51
81252,0.18
81253,0.21666666666666667
81254,0.8733333333333333
81255,0.28833333333333333
81256,0.9183333333333334
81257,0.7383333333333333
81258,0.15166666666666667
81259,0.6166666666666667
81260,0.365
81261,0.18166666666666664
81262,0.045
81263,0.06666666666666667
81264,0.5249999999999999
81265,0.2916666666666667
81266,0.20500000000000002
81267,0.3516666666666666
81268,0.023333333333333334
81269,0.23666666666666664
81270,0.2
81271,0.8283333333333334
81272,0.295
81273,0.19666666666666668
81274,0.01
81275,0.5016666666666667
81276,0.575
81277,0.32999999999999996
81278,0.6483333333333333
81279,0.265
81280,0.4833333333333334
81281,0.9166666666666665
81282,0.8116666666666668
81283,0.7833333333333333
81284,0.095
81285,0.14833333333333332
81286,0.6183333333333333
81287,0.22999999999999998
81288,0.22333333333333336
81289,0.29
81290,0.7133333333333334
81291,0.32833333333333337
81292,0.3516666666666667
81293,0.31166666666666665
81294,0.20333333333333334
81295,0.325
81296,0.20166666666666666
81297,0.07
81298,0.5683333333333332
81299,0.24166666666666664
81300,0.026666666666666665
81301,0.21333333333333335
81302,0.6733333333333333
81303,0.42166666666666675
81304,0.43333333333333335
81305,0.24000000000000002
81306,0.22
81307,0.43
81308,0.495
81309,0.155
81310,0.5883333333333334
81311,0.15166666666666667
81312,0.3633333333333334
81313,0.35833333333333334
81314,0.48
81315,0.006666666666666667
81316,0.45499999999999996
81317,0.38
81318,0.051666666666666666
81319,0.24
81320,0.2966666666666667
81321,0.5716666666666667
81322,0.6616666666666666
81323,0.7966666666666666
81324,0.17666666666666667
81325,0.12499999999999999
81326,0.275
81327,0.62
81328,0.8483333333333334
81329,0.325
81330,0.6566666666666667
81331,0.11833333333333335
81332,0.325
81333,0.06166666666666666
81334,0.7266666666666666
81335,0.3383333333333333
81336,0.1
81337,0.7116666666666667
81338,0.2033333333333333
81339,0.33
81340,0.2666666666666666
81341,0.5
81342,0.4683333333333334
81343,0.9199999999999999
81344,0.2816666666666667
81345,0.22333333333333333
81346,0.18000000000000002
81347,0.18333333333333332
81348,0.9500000000000001
81349,0.6766666666666667
81350,0.3733333333333333
81351,0.03666666666666667
81352,0.315
81353,0.33499999999999996
81354,0.04833333333333333
81355,0.36
81356,0.255
81357,0.9183333333333334
81358,0.35
81359,0.6866666666666666
81360,0.7649999999999999
81361,0.6533333333333333
81362,0.34
81363,0.5916666666666667
81364,0.30166666666666664
81365,0.15833333333333333
81366,0.6833333333333333
81367,0.7533333333333334
81368,0.285
81369,0.715
81370,0.37
81371,0.245
81372,0.23333333333333334
81373,0.2783333333333333
81374,0.33166666666666667
81375,0.016666666666666666
81376,0.08666666666666667
81377,0.9883333333333333
81378,0.03166666666666667
81379,0.43666666666666665
81380,0.2566666666666667
81381,0.3383333333333333
81382,0.5433333333333333
81383,0.37333333333333335
81384,0.6533333333333333
81385,0.265
81386,0.20666666666666667
81387,0.12666666666666665
81388,0.38
81389,0.29
81390,0.4966666666666667
81391,0.3416666666666667
81392,0.37166666666666665
81393,0.13833333333333334
81394,0.049999999999999996
81395,0.28500000000000003
81396,0.6483333333333333
81397,0.31166666666666665
81398,0.30999999999999994
81399,0.15666666666666668
81400,0.14
81401,0.7416666666666667
81402,0.6733333333333332
81403,0.51
81404,0.5566666666666666
81405,0.9033333333333333
81406,0.2316666666666667
81407,0.13333333333333333
81408,0.2683333333333333
81409,0.2683333333333333
81410,0.32333333333333336
81411,0.6383333333333333
81412,0.29333333333333333
81413,0.9266666666666666
81414,0.21666666666666667
81415,0.05833333333333333
81416,0.36333333333333334
81417,0.5733333333333334
81418,0.4666666666666667
81419,0.19
81420,0.21333333333333332
81421,0.17
81422,0.043333333333333335
81423,0.15333333333333332
81424,0.5066666666666666
81425,0.65
81426,0.5566666666666666
81427,0.13166666666666668
81428,0.6350000000000001
81429,0.8766666666666666
81430,0.4033333333333333
81431,0.6716666666666666
81432,0.7433333333333334
81433,0.2833333333333333
81434,0.01
81435,0.7183333333333334
81436,0.14833333333333334
81437,0.5766666666666667
81438,0.7
81439,0.2866666666666666
81440,0.34500000000000003
81441,0.7383333333333333
81442,0.39999999999999997
81443,0.2316666666666667
81444,0.42333333333333334
81445,0.735
81446,0.39666666666666667
81447,0.026666666666666665
81448,0.605
81449,0.135
81450,0.7616666666666667
81451,0.41333333333333333
81452,0.5116666666666666
81453,0.3116666666666667
81454,0.13666666666666666
81455,0.18166666666666664
81456,0.19
81457,0.21499999999999997
81458,0.7483333333333334
81459,0.22333333333333336
81460,0.2583333333333333
81461,0.32999999999999996
81462,0.7966666666666666
81463,0.03166666666666667
81464,0.6966666666666667
81465,0.6566666666666666
81466,0.2533333333333333
81467,0.33166666666666667
81468,0.14166666666666666
81469,0.5
81470,0.6666666666666666
81471,0.105
81472,0.4733333333333334
81473,0.4016666666666666
81474,0.25
81475,0.5416666666666667
81476,0.21166666666666667
81477,0.99
81478,0.28833333333333333
81479,0.5016666666666666
81480,0.175
81481,0.06166666666666667
81482,0.5933333333333334
81483,0.15166666666666667
81484,0.7383333333333334
81485,0.4866666666666667
81486,0.145
81487,0.7366666666666667
81488,0.09833333333333333
81489,0.37
81490,0.29166666666666663
81491,0.72
81492,0.18333333333333335
81493,0.12
81494,0.04166666666666667
81495,0.23333333333333334
81496,0.08833333333333335
81497,0.255
81498,0.16666666666666666
81499,0.5533333333333333
81500,0.37
81501,0.9266666666666667
81502,0.195
81503,0.4766666666666667
81504,0.026666666666666665
81505,0.04
81506,0.64
81507,0.58
81508,0.11333333333333334
81509,0.4116666666666666
81510,0.11166666666666666
81511,0.8049999999999999
81512,0.8216666666666667
81513,0.4916666666666667
81514,0.3233333333333333
81515,0.16499999999999998
81516,0.25333333333333335
81517,0.6166666666666667
81518,0.24166666666666667
81519,0.26666666666666666
81520,0.77
81521,0.45666666666666667
81522,0.6566666666666666
81523,0.64
81524,0.3616666666666667
81525,0.5633333333333334
81526,0.185
81527,0.6033333333333333
81528,0.05
81529,0.18333333333333332
81530,0.10333333333333333
81531,0.22666666666666668
81532,0.016666666666666666
81533,0.13333333333333333
81534,0.20833333333333331
81535,0.7716666666666666
81536,0.10166666666666667
81537,0.8916666666666666
81538,0.42666666666666664
81539,0.5566666666666666
81540,0.375
81541,0.51
81542,0.10833333333333334
81543,0.10833333333333334
81544,0.20833333333333334
81545,0.195
81546,0.20833333333333331
81547,0.03166666666666667
81548,0.5883333333333334
81549,0.2466666666666667
81550,0.38
81551,0.7483333333333333
81552,0.7316666666666667
81553,0.9833333333333334
81554,0.30666666666666664
81555,0.72
81556,0.19833333333333336
81557,0.3333333333333333
81558,0.3733333333333333
81559,0.5750000000000001
81560,0.32833333333333337
81561,0.18833333333333335
81562,0.15
81563,0.5716666666666667
81564,0.7283333333333333
81565,0.56
81566,0.23333333333333334
81567,0.9299999999999999
81568,0.9033333333333333
81569,0.14333333333333334
81570,0.9883333333333334
81571,0.5533333333333333
81572,0.305
81573,0.175
81574,0.03
81575,0.25
81576,0.45833333333333337
81577,0.31
81578,0.2783333333333333
81579,0.125
81580,0.3466666666666667
81581,0.8883333333333334
81582,0.26166666666666666
81583,0.2916666666666667
81584,0.4083333333333333
81585,0.18166666666666667
81586,0.03333333333333333
81587,0.18000000000000002
81588,0.05499999999999999
81589,0.08666666666666666
81590,0.4
81591,0.35000000000000003
81592,0.46166666666666667
81593,0.325
81594,0.7583333333333333
81595,0.9766666666666667
81596,0.5733333333333333
81597,0.405
81598,0.9816666666666667
81599,0.6583333333333333
81600,0.365
81601,0.31
81602,0.4833333333333333
81603,0.44499999999999995
81604,0.16999999999999998
81605,0.10500000000000001
81606,0.2316666666666667
81607,0.32333333333333336
81608,0.06333333333333334
81609,0.27
81610,0.04
81611,0.7133333333333334
81612,0.6866666666666666
81613,0.6933333333333334
81614,0.8233333333333335
81615,0.2583333333333333
81616,0.31666666666666665
81617,0.04666666666666666
81618,0.5833333333333333
81619,0.10333333333333333
81620,0.25666666666666665
81621,0.145
81622,0.41666666666666663
81623,0.7233333333333333
81624,0.11333333333333333
81625,0.011666666666666667
81626,0.4033333333333333
81627,0.11666666666666667
81628,0.058333333333333334
81629,0.24666666666666665
81630,0.22000000000000003
81631,0.46166666666666667
81632,0.7350000000000001
81633,0.04
81634,0.2566666666666667
81635,0.53
81636,0.13833333333333334
81637,0.12833333333333333
81638,0.27
81639,0.465
81640,0.32166666666666666
81641,0.06166666666666666
81642,0.16333333333333336
81643,0.3066666666666667
81644,0.7666666666666666
81645,0.245
81646,0.25333333333333335
81647,0.17666666666666667
81648,0.6683333333333333
81649,0.16333333333333333
81650,0.3716666666666667
81651,0.6816666666666666
81652,0.5933333333333334
81653,0.025
81654,0.42333333333333334
81655,0.5466666666666666
81656,0.7033333333333334
81657,0.3516666666666667
81658,0.195
81659,0.255
81660,0.7316666666666667
81661,0.06
81662,0.2
81663,0.4066666666666667
81664,0.25166666666666665
81665,0.3416666666666667
81666,0.565
81667,0.15666666666666668
81668,0.16
81669,0.13333333333333333
81670,0.45833333333333326
81671,0.12
81672,0.9366666666666668
81673,0.25166666666666665
81674,0.22333333333333333
81675,0.9833333333333333
81676,0.18333333333333335
81677,0.235
81678,0.06666666666666667
81679,0.31666666666666665
81680,0.4516666666666667
81681,0.4916666666666667
81682,0.08166666666666667
81683,0.7549999999999999
81684,0.6833333333333332
81685,0.105
81686,0.37666666666666665
81687,0.04833333333333333
81688,0.9733333333333334
81689,0.12166666666666666
81690,0.6583333333333333
81691,0.19166666666666665
81692,0.5166666666666667
81693,0.9683333333333334
81694,0.3866666666666667
81695,0.5983333333333334
81696,0.12833333333333335
81697,0.10666666666666667
81698,0.17333333333333334
81699,0.185
81700,0.5183333333333333
81701,0.7949999999999999
81702,0.45333333333333325
81703,0.76
81704,0.5766666666666667
81705,0.9283333333333332
81706,0.185
81707,0.6133333333333334
81708,0.14333333333333334
81709,0.4983333333333334
81710,0.23666666666666664
81711,0.01
81712,0.35
81713,0.25166666666666665
81714,0.31666666666666665
81715,0.6216666666666667
81716,0.24833333333333335
81717,0.2633333333333333
81718,0.6183333333333333
81719,0.985
81720,0.21
81721,0.195
81722,0.31333333333333335
81723,0.28500000000000003
81724,0.8183333333333334
81725,0.6116666666666667
81726,0.2816666666666667
81727,0.6616666666666666
81728,0.28500000000000003
81729,0.6566666666666666
81730,0.065
81731,0.615
81732,0.03166666666666667
81733,0.67
81734,0.41999999999999993
81735,0.8266666666666667
81736,0.3783333333333333
81737,0.2916666666666667
81738,0.20500000000000002
81739,0.81
81740,0.135
81741,0.18666666666666665
81742,0.9316666666666666
81743,0.9550000000000001
81744,0.11666666666666667
81745,0.6399999999999999
81746,0.9683333333333333
81747,0.45999999999999996
81748,0.7366666666666666
81749,0.025
81750,0.25166666666666665
81751,0.9249999999999999
81752,0.8483333333333334
81753,0.13
81754,0.5683333333333334
81755,0.7333333333333334
81756,0.7050000000000001
81757,0.011666666666666667
81758,0.6983333333333333
81759,0.06
81760,0.20333333333333334
81761,0.54
81762,0.07999999999999999
81763,0.32166666666666666
81764,0.7033333333333334
81765,0.3
81766,0.3633333333333333
81767,0.5233333333333334
81768,0.06833333333333333
81769,0.22999999999999998
81770,0.31166666666666665
81771,0.3183333333333333
81772,0.745
81773,0.26
81774,0.35333333333333333
81775,0.42333333333333334
81776,0.32666666666666666
81777,0.665
81778,0.29500000000000004
81779,0.135
81780,0.39166666666666666
81781,0.2783333333333333
81782,0.6699999999999999
81783,0.725
81784,0.42833333333333334
81785,0.02
81786,0.6683333333333333
81787,0.3716666666666667
81788,0.16333333333333333
81789,0.31
81790,0.45333333333333337
81791,0.01
81792,0.08833333333333333
81793,0.7
81794,0.16
81795,0.23833333333333334
81796,0.41666666666666663
81797,0.4733333333333333
81798,0.42333333333333334
81799,0.66
81800,0.17333333333333334
81801,0.18666666666666668
81802,0.26666666666666666
81803,0.26666666666666666
81804,0.5533333333333332
81805,0.825
81806,0.11833333333333335
81807,0.3233333333333333
81808,0.27
81809,0.555
81810,0.011666666666666667
81811,0.9516666666666667
81812,0.9216666666666666
81813,0.045
81814,0.013333333333333332
81815,0.64
81816,0.8283333333333334
81817,0.73
81818,0.24666666666666665
81819,0.08166666666666667
81820,0.011666666666666667
81821,0.14833333333333334
81822,0.9833333333333334
81823,0.71
81824,0.5283333333333333
81825,0.42499999999999993
81826,0.9816666666666667
81827,0.20833333333333334
81828,0.3783333333333333
81829,0.43833333333333335
81830,0.13333333333333333
81831,0.34500000000000003
81832,0.6683333333333333
81833,0.015000000000000001
81834,0.018333333333333333
81835,0.2566666666666667
81836,0.825
81837,0.11499999999999999
81838,0.16999999999999998
81839,0.07833333333333334
81840,0.23333333333333334
81841,0.905
81842,0.28
81843,0.28833333333333333
81844,0.9233333333333333
81845,0.17833333333333334
81846,0.021666666666666667
81847,0.16666666666666669
81848,0.9333333333333333
81849,0.16666666666666666
81850,0.12333333333333335
81851,0.16833333333333333
81852,0.20333333333333334
81853,0.19333333333333333
81854,0.6966666666666667
81855,0.03
81856,0.5166666666666666
81857,0.39
81858,0.26666666666666666
81859,0.3816666666666667
81860,0.7549999999999999
81861,0.043333333333333335
81862,0.09
81863,0.31666666666666665
81864,0.045
81865,0.5866666666666667
81866,0.255
81867,0.30666666666666664
81868,0.5166666666666666
81869,0.3383333333333333
81870,0.3516666666666667
81871,0.04
81872,0.10666666666666667
81873,0.29833333333333334
81874,0.925
81875,0.6433333333333333
81876,0.8266666666666668
81877,0.7
81878,0.22166666666666668
81879,0.78
81880,0.785
81881,0.8866666666666667
81882,0.5716666666666667
81883,0.2633333333333333
81884,0.9716666666666667
81885,0.38666666666666666
81886,0.14333333333333334
81887,0.47833333333333333
81888,0.21166666666666667
81889,0.5883333333333334
81890,0.3883333333333333
81891,0.29833333333333334
81892,0.27
81893,0.115
81894,0.9816666666666667
81895,0.39999999999999997
81896,0.8566666666666667
81897,0.4916666666666667
81898,0.6433333333333333
81899,0.6033333333333334
81900,0.6833333333333333
81901,0.30333333333333334
81902,0.9666666666666666
81903,0.22000000000000003
81904,0.185
81905,0.28
81906,0.24333333333333337
81907,0.22166666666666668
81908,0.03166666666666667
81909,0.16166666666666665
81910,0.33999999999999997
81911,0.45333333333333337
81912,0.255
81913,0.2966666666666667
81914,0.6416666666666666
81915,0.6199999999999999
81916,0.2816666666666667
81917,0.435
81918,0.245
81919,0.21166666666666667
81920,0.05
81921,0.7616666666666667
81922,0.9100000000000001
81923,0.2466666666666667
81924,0.37333333333333335
81925,0.07166666666666666
81926,0.31833333333333336
81927,0.26666666666666666
81928,0.37
81929,0.3183333333333333
81930,0.24333333333333335
81931,0.42333333333333334
81932,0.16999999999999998
81933,0.9183333333333334
81934,0.2533333333333333
81935,0.5033333333333334
81936,0.2783333333333333
81937,0.45333333333333337
81938,0.175
81939,0.2866666666666667
81940,0.06666666666666667
81941,0.835
81942,0.625
81943,0.24666666666666665
81944,0.36833333333333335
81945,0.2
81946,0.03833333333333333
81947,0.2316666666666667
81948,0.12833333333333333
81949,0.7733333333333333
81950,0.3016666666666667
81951,0.10333333333333333
81952,0.18666666666666665
81953,0.195
81954,0.18
81955,0.505
81956,0.23666666666666666
81957,0.14833333333333334
81958,0.01
81959,0.8166666666666667
81960,0.215
81961,0.16166666666666665
81962,0.18333333333333335
81963,0.9733333333333333
81964,0.9683333333333333
81965,0.12166666666666667
81966,0.9033333333333333
81967,0.27666666666666667
81968,0.37833333333333335
81969,0.060000000000000005
81970,0.005
81971,0.385
81972,0.10666666666666667
81973,0.13166666666666665
81974,0.5033333333333334
81975,0.18833333333333332
81976,0.49
81977,0.9733333333333334
81978,0.5816666666666667
81979,0.4633333333333334
81980,0.03166666666666667
81981,0.3333333333333333
81982,0.35833333333333334
81983,0.31833333333333336
81984,0.15833333333333333
81985,0.9483333333333335
81986,0.36666666666666664
81987,0.4783333333333333
81988,0.24166666666666667
81989,0.1983333333333333
81990,0.865
81991,0.6733333333333333
81992,0.9233333333333333
81993,0.7216666666666667
81994,0.28
81995,0.2816666666666667
81996,0.145
81997,0.16333333333333333
81998,0.605
81999,0.64
82000,0.72
82001,0.23333333333333334
82002,0.9666666666666668
82003,0.37833333333333335
82004,0.605
82005,0.42833333333333334
82006,0.14166666666666666
82007,0.735
82008,0.2966666666666667
82009,0.64
82010,0.515
82011,0.4733333333333334
82012,0.02666666666666667
82013,0.5516666666666666
82014,0.195
82015,0.08
82016,0.52
82017,0.08833333333333335
82018,0.075
82019,0.6399999999999999
82020,0.15666666666666668
82021,0.735
82022,0.21333333333333332
82023,0.69
82024,0.195
82025,0.285
82026,0.7666666666666666
82027,0.63
82028,0.48
82029,0.515
82030,0.4933333333333333
82031,0.11833333333333332
82032,0.011666666666666667
82033,0.8283333333333334
82034,0.19333333333333333
82035,0.6483333333333333
82036,0.42666666666666664
82037,0.74
82038,0.7816666666666666
82039,0.3333333333333333
82040,0.14833333333333334
82041,0.3933333333333333
82042,0.16333333333333333
82043,0.7366666666666667
82044,0.10333333333333333
82045,0.32
82046,0.2783333333333333
82047,0.755
82048,0.24666666666666665
82049,0.12833333333333333
82050,0.56
82051,0.05333333333333334
82052,0.32
82053,0.6383333333333333
82054,0.45666666666666667
82055,0.20500000000000002
82056,0.2833333333333333
82057,0.6216666666666667
82058,0.3866666666666666
82059,0.7266666666666667
82060,0.6516666666666666
82061,0.10666666666666667
82062,0.2833333333333333
82063,0.17666666666666667
82064,0.18
82065,0.5700000000000001
82066,0.6499999999999999
82067,0.4883333333333334
82068,0.9583333333333333
82069,0.030000000000000002
82070,0.5683333333333334
82071,0.42500000000000004
82072,0.7266666666666667
82073,0.04
82074,0.29833333333333334
82075,0.026666666666666665
82076,0.7216666666666667
82077,0.05666666666666667
82078,0.18166666666666664
82079,0.29333333333333333
82080,0.30333333333333334
82081,0.26166666666666666
82082,0.8483333333333334
82083,0.3566666666666667
82084,0.5483333333333333
82085,0.565
82086,0.4783333333333333
82087,0.32333333333333336
82088,0.10333333333333333
82089,0.18166666666666667
82090,0.37666666666666665
82091,0.42500000000000004
82092,0.016666666666666666
82093,0.9033333333333333
82094,0.051666666666666666
82095,0.8266666666666668
82096,0.16333333333333333
82097,0.27666666666666667
82098,0.05499999999999999
82099,0.16666666666666669
82100,0.39
82101,0.58
82102,0.043333333333333335
82103,0.7016666666666667
82104,0.13166666666666665
82105,0.16999999999999998
82106,0.7616666666666667
82107,0.19
82108,0.5683333333333332
82109,0.3466666666666667
82110,0.5916666666666667
82111,0.19166666666666665
82112,0.4716666666666667
82113,0.9133333333333333
82114,0.05
82115,0.8966666666666667
82116,0.025
82117,0.11333333333333333
82118,0.32666666666666666
82119,0.38333333333333336
82120,0.19666666666666666
82121,0.22999999999999998
82122,0.018333333333333333
82123,0.12666666666666665
82124,0.6766666666666666
82125,0.6316666666666666
82126,0.615
82127,0.255
82128,0.2716666666666667
82129,0.36500000000000005
82130,0.685
82131,0.19333333333333333
82132,0.08
82133,0.11833333333333335
82134,0.13666666666666666
82135,0.6549999999999999
82136,0.051666666666666666
82137,0.19333333333333333
82138,0.37166666666666665
82139,0.34833333333333333
82140,0.026666666666666665
82141,0.18666666666666665
82142,0.26
82143,0.9283333333333333
82144,0.05666666666666667
82145,0.535
82146,0.37
82147,0.085
82148,0.46
82149,0.7300000000000001
82150,0.35833333333333334
82151,0.45833333333333337
82152,0.17500000000000002
82153,0.30999999999999994
82154,0.19000000000000003
82155,0.9366666666666665
82156,0.18333333333333335
82157,0.6166666666666666
82158,0.03333333333333333
82159,0.045
82160,0.21000000000000002
82161,0.008333333333333333
82162,0.43666666666666665
82163,0.6883333333333334
82164,0.105
82165,0.29666666666666663
82166,0.525
82167,0.43500000000000005
82168,0.19166666666666665
82169,0.22166666666666668
82170,0.505
82171,0.3583333333333333
82172,0.8450000000000001
82173,0.22999999999999998
82174,0.36
82175,0.285
82176,0.17666666666666667
82177,0.25
82178,0.9533333333333334
82179,0.09833333333333333
82180,0.051666666666666666
82181,0.365
82182,0.33499999999999996
82183,0.20166666666666666
82184,0.45
82185,0.21333333333333332
82186,0.165
82187,0.7466666666666667
82188,0.7033333333333334
82189,0.235
82190,0.15833333333333333
82191,0.835
82192,0.31833333333333336
82193,0.075
82194,0.56
82195,0.09333333333333332
82196,0.6116666666666667
82197,0.9299999999999999
82198,0.05333333333333334
82199,0.049999999999999996
82200,0.32166666666666666
82201,0.21166666666666667
82202,0.895
82203,0.6866666666666666
82204,0.32
82205,0.5183333333333333
82206,0.355
82207,0.12666666666666668
82208,0.32166666666666666
82209,0.5966666666666667
82210,0.07
82211,0.31333333333333335
82212,0.42166666666666663
82213,0.37
82214,0.31166666666666665
82215,0.025
82216,0.25833333333333336
82217,0.5449999999999999
82218,0.225
82219,0.5750000000000001
82220,0.38833333333333336
82221,0.05
82222,0.8283333333333334
82223,0.19833333333333336
82224,0.20833333333333331
82225,0.31
82226,0.6783333333333332
82227,0.16
82228,0.5216666666666667
82229,0.015000000000000001
82230,0.5383333333333333
82231,0.23166666666666666
82232,0.61
82233,0.15166666666666667
82234,0.12166666666666667
82235,0.36333333333333334
82236,0.3516666666666667
82237,0.08
82238,0.2383333333333333
82239,0.20833333333333334
82240,0.45166666666666666
82241,0.05499999999999999
82242,0.7483333333333333
82243,0.11500000000000002
82244,0.265
82245,0.9683333333333333
82246,0.25833333333333336
82247,0.97
82248,0.5983333333333334
82249,0.695
82250,0.29833333333333334
82251,0.46333333333333326
82252,0.7216666666666667
82253,0.275
82254,0.275
82255,0.008333333333333333
82256,0.185
82257,0.035
82258,0.2733333333333333
82259,0.8733333333333334
82260,0.05666666666666667
82261,0.008333333333333333
82262,0.7766666666666667
82263,0.21833333333333332
82264,0.19000000000000003
82265,0.33499999999999996
82266,0.7483333333333334
82267,0.32
82268,0.37
82269,0.29166666666666663
82270,0.9316666666666666
82271,0.2666666666666666
82272,0.30166666666666664
82273,0.9266666666666665
82274,0.635
82275,0.5166666666666666
82276,0.26166666666666666
82277,0.9733333333333334
82278,0.01
82279,0.8366666666666667
82280,0.31999999999999995
82281,0.65
82282,0.35833333333333334
82283,0.35
82284,0.40166666666666667
82285,0.545
82286,0.21
82287,0.25
82288,0.36833333333333335
82289,0.11
82290,0.07833333333333334
82291,0.07666666666666666
82292,0.19333333333333333
82293,0.8983333333333334
82294,0.23333333333333334
82295,0.29333333333333333
82296,0.1
82297,0.15333333333333332
82298,0.6366666666666666
82299,0.006666666666666667
82300,0.495
82301,0.25166666666666665
82302,0.5666666666666667
82303,0.9200000000000002
82304,0.615
82305,0.13999999999999999
82306,0.7683333333333333
82307,0.5766666666666667
82308,0.18833333333333335
82309,0.035
82310,0.016666666666666666
82311,0.675
82312,0.2516666666666667
82313,0.4216666666666667
82314,0.10166666666666667
82315,0.2633333333333333
82316,0.10166666666666667
82317,0.06833333333333333
82318,0.215
82319,0.5066666666666667
82320,0.4733333333333334
82321,0.4083333333333333
82322,0.22666666666666668
82323,0.37000000000000005
82324,0.26166666666666666
82325,0.16333333333333333
82326,0.37333333333333335
82327,0.325
82328,0.7
82329,0.011666666666666667
82330,0.6883333333333334
82331,0.22999999999999998
82332,0.20333333333333334
82333,0.03166666666666667
82334,0.1433333333333333
82335,0.395
82336,0.155
82337,0.68
82338,0.04666666666666667
82339,0.29166666666666663
82340,0.025
82341,0.11
82342,0.235
82343,0.5549999999999999
82344,0.6783333333333333
82345,0.625
82346,0.07833333333333334
82347,0.625
82348,0.67
82349,0.2416666666666667
82350,0.16166666666666668
82351,0.27666666666666667
82352,0.18166666666666667
82353,0.30833333333333335
82354,0.6683333333333333
82355,0.21333333333333332
82356,0.11833333333333332
82357,0.03833333333333334
82358,0.7666666666666666
82359,0.6716666666666666
82360,0.05
82361,0.5133333333333333
82362,0.17500000000000002
82363,0.13166666666666668
82364,0.8183333333333334
82365,0.6933333333333334
82366,0.665
82367,0.26166666666666666
82368,0.6133333333333333
82369,0.6866666666666666
82370,0.39
82371,0.19333333333333333
82372,0.485
82373,0.03
82374,0.07333333333333333
82375,0.345
82376,0.155
82377,0.13666666666666666
82378,0.3666666666666667
82379,0.25333333333333335
82380,0.20500000000000002
82381,0.06
82382,0.6516666666666666
82383,0.3616666666666667
82384,0.2683333333333333
82385,0.8116666666666666
82386,0.715
82387,0.2816666666666667
82388,0.38666666666666666
82389,0.5333333333333333
82390,0.63
82391,0.12833333333333333
82392,0.31666666666666665
82393,0.21833333333333332
82394,0.14833333333333334
82395,0.44833333333333336
82396,0.10166666666666667
82397,0.36833333333333335
82398,0.245
82399,0.44166666666666665
82400,0.31666666666666665
82401,0.5816666666666667
82402,0.8066666666666666
82403,0.4633333333333334
82404,0.30333333333333334
82405,0.026666666666666665
82406,0.06166666666666666
82407,0.6866666666666666
82408,0.615
82409,0.395
82410,0.6366666666666667
82411,0.045
82412,0.14
82413,0.22666666666666668
82414,0.2783333333333333
82415,0.6133333333333334
82416,0.4716666666666667
82417,0.09
82418,0.7116666666666667
82419,0.6516666666666666
82420,0.10833333333333332
82421,0.925
82422,0.15
82423,0.15
82424,0.4066666666666667
82425,0.625
82426,0.25333333333333335
82427,0.15666666666666668
82428,0.205
82429,0.011666666666666667
82430,0.4983333333333333
82431,0.625
82432,0.1366666666666667
82433,0.030000000000000002
82434,0.04166666666666667
82435,0.3016666666666667
82436,0.07500000000000001
82437,0.6266666666666667
82438,0.015
82439,0.045
82440,0.13166666666666665
82441,0.18833333333333332
82442,0.05
82443,0.66
82444,0.6483333333333333
82445,0.16999999999999998
82446,0.42833333333333334
82447,0.4116666666666667
82448,0.4866666666666667
82449,0.15666666666666668
82450,0.06166666666666667
82451,0.37
82452,0.04166666666666667
82453,0.1766666666666667
82454,0.6883333333333334
82455,0.018333333333333333
82456,0.975
82457,0.5
82458,0.3466666666666667
82459,0.21833333333333335
82460,0.6316666666666667
82461,0.325
82462,0.7683333333333334
82463,0.37833333333333335
82464,0.21333333333333332
82465,0.4683333333333334
82466,0.3883333333333333
82467,0.4966666666666667
82468,0.145
82469,0.61
82470,0.28833333333333333
82471,0.12166666666666666
82472,0.6116666666666667
82473,0.665
82474,0.5516666666666667
82475,0.14333333333333334
82476,0.7000000000000001
82477,0.2966666666666667
82478,0.375
82479,0.8733333333333333
82480,0.14333333333333334
82481,0.29833333333333334
82482,0.34
82483,0.5166666666666666
82484,0.6233333333333334
82485,0.25
82486,0.98
82487,0.7216666666666667
82488,0.9716666666666667
82489,0.8833333333333333
82490,0.62
82491,0.28
82492,0.4033333333333333
82493,0.7166666666666667
82494,0.6849999999999999
82495,0.6816666666666666
82496,0.23833333333333334
82497,0.12166666666666667
82498,0.65
82499,0.4066666666666667
82500,0.355
82501,0.49666666666666665
82502,0.6533333333333333
82503,0.08833333333333333
82504,0.5583333333333333
82505,0.013333333333333334
82506,0.2783333333333333
82507,0.36833333333333335
82508,0.07166666666666667
82509,0.285
82510,0.025
82511,0.4866666666666667
82512,0.565
82513,0.3
82514,0.015
82515,0.9200000000000002
82516,0.11333333333333333
82517,0.305
82518,0.03
82519,0.6683333333333333
82520,0.11166666666666666
82521,0.14833333333333332
82522,0.55
82523,0.6849999999999999
82524,0.013333333333333334
82525,0.4800000000000001
82526,0.09
82527,0.39666666666666667
82528,0.26166666666666666
82529,0.7183333333333334
82530,0.6366666666666667
82531,0.05
82532,0.7133333333333333
82533,0.01
82534,0.035
82535,0.9316666666666666
82536,0.16166666666666668
82537,0.2
82538,0.255
82539,0.3816666666666667
82540,0.19166666666666665
82541,0.11666666666666665
82542,0.105
82543,0.16166666666666665
82544,0.4683333333333333
82545,0.89
82546,0.45166666666666666
82547,0.51
82548,0.5133333333333333
82549,0.06666666666666667
82550,0.13666666666666666
82551,0.12833333333333335
82552,0.15166666666666667
82553,0.3366666666666666
82554,0.01
82555,0.14166666666666666
82556,0.6
82557,0.305
82558,0.44999999999999996
82559,0.255
82560,0.3583333333333334
82561,0.03166666666666666
82562,0.22166666666666668
82563,0.6466666666666667
82564,0.12833333333333333
82565,0.08666666666666667
82566,0.5016666666666667
82567,0.15333333333333332
82568,0.7216666666666667
82569,0.27499999999999997
82570,0.8816666666666666
82571,0.2366666666666667
82572,0.7766666666666667
82573,0.3
82574,0.655
82575,0.9333333333333333
82576,0.205
82577,0.36333333333333334
82578,0.245
82579,0.41333333333333333
82580,0.15166666666666667
82581,0.8583333333333334
82582,0.365
82583,0.22833333333333333
82584,0.43833333333333335
82585,0.03833333333333333
82586,0.425
82587,0.26166666666666666
82588,0.08333333333333334
82589,0.30833333333333335
82590,0.14833333333333334
82591,0.88
82592,0.8
82593,0.5433333333333333
82594,0.295
82595,0.915
82596,0.44833333333333336
82597,0.035
82598,0.405
82599,0.7233333333333333
82600,0.39833333333333326
82601,0.31
82602,0.235
82603,0.6116666666666667
82604,0.20833333333333331
82605,0.013333333333333334
82606,0.8166666666666667
82607,0.29666666666666663
82608,0.3466666666666667
82609,0.035
82610,0.315
82611,0.27166666666666667
82612,0.028333333333333335
82613,0.9683333333333333
82614,0.3683333333333333
82615,0.7749999999999999
82616,0.2683333333333333
82617,0.57
82618,0.23166666666666666
82619,0.585
82620,0.32666666666666666
82621,0.605
82622,0.7716666666666666
82623,0.155
82624,0.3416666666666666
82625,0.23833333333333329
82626,0.07999999999999999
82627,0.7416666666666667
82628,0.39166666666666666
82629,0.14166666666666666
82630,0.5533333333333333
82631,0.14833333333333334
82632,0.5933333333333334
82633,0.2366666666666667
82634,0.715
82635,0.04166666666666667
82636,0.9816666666666667
82637,0.2633333333333333
82638,0.36
82639,0.05333333333333334
82640,0.37499999999999994
82641,0.41000000000000003
82642,0.30333333333333334
82643,0.28
82644,0.7016666666666667
82645,0.4633333333333334
82646,0.13833333333333334
82647,0.5399999999999999
82648,0.235
82649,0.5566666666666666
82650,0.22166666666666668
82651,0.15333333333333335
82652,0.3333333333333333
82653,0.265
82654,0.0033333333333333335
82655,0.49
82656,0.9166666666666665
82657,0.5216666666666667
82658,0.9416666666666667
82659,0.165
82660,0.475
82661,0.735
82662,0.20833333333333334
82663,0.2466666666666667
82664,0.28500000000000003
82665,0.9183333333333334
82666,0.295
82667,0.9649999999999999
82668,0.41666666666666674
82669,0.5583333333333333
82670,0.04
82671,0.8
82672,0.23166666666666666
82673,0.4016666666666667
82674,0.09833333333333333
82675,0.07833333333333334
82676,0.17666666666666667
82677,0.33333333333333337
82678,0.135
82679,0.6533333333333333
82680,0.37833333333333335
82681,0.11499999999999999
82682,0.8900000000000001
82683,0.27499999999999997
82684,0.25166666666666665
82685,0.09166666666666666
82686,0.18333333333333335
82687,0.165
82688,0.30833333333333335
82689,0.1883333333333333
82690,0.145
82691,0.5383333333333333
82692,0.665
82693,0.41333333333333333
82694,0.008333333333333333
82695,0.20833333333333331
82696,0.5833333333333334
82697,0.54
82698,0.8500000000000001
82699,0.2316666666666667
82700,0.15500000000000003
82701,0.043333333333333335
82702,0.13
82703,0.6366666666666667
82704,0.41333333333333333
82705,0.52
82706,0.26166666666666666
82707,0.4483333333333333
82708,0.21166666666666667
82709,0.3783333333333333
82710,0.32
82711,0.6783333333333333
82712,0.5183333333333333
82713,0.4716666666666667
82714,0.45833333333333337
82715,0.01
82716,0.3433333333333334
82717,0.2533333333333333
82718,0.11166666666666666
82719,0.17333333333333334
82720,0.08166666666666667
82721,0.4833333333333334
82722,0.5066666666666667
82723,0.32833333333333337
82724,0.7833333333333334
82725,0.8933333333333334
82726,0.235
82727,0.59
82728,0.9716666666666667
82729,0.29333333333333333
82730,0.7850000000000001
82731,0.10333333333333333
82732,0.02333333333333333
82733,0.2783333333333333
82734,0.6633333333333333
82735,0.05333333333333333
82736,0.315
82737,0.035
82738,0.8566666666666667
82739,0.7266666666666666
82740,0.34833333333333333
82741,0.6483333333333333
82742,0.34833333333333333
82743,0.19166666666666665
82744,0.7133333333333334
82745,0.18166666666666667
82746,0.595
82747,0.15833333333333333
82748,0.5
82749,0.5666666666666667
82750,0.19666666666666668
82751,0.045
82752,0.395
82753,0.13333333333333336
82754,0.22999999999999998
82755,0.785
82756,0.12166666666666666
82757,0.6983333333333334
82758,0.34833333333333333
82759,0.09666666666666668
82760,0.31166666666666665
82761,0.9583333333333333
82762,0.016666666666666666
82763,0.041666666666666664
82764,0.97
82765,0.35833333333333334
82766,0.16166666666666665
82767,0.9266666666666666
82768,0.66
82769,0.24
82770,0.5166666666666667
82771,0.06333333333333334
82772,0.38166666666666665
82773,0.6799999999999999
82774,0.5016666666666667
82775,0.049999999999999996
82776,0.9933333333333333
82777,0.6583333333333333
82778,0.37833333333333335
82779,0.12
82780,0.5116666666666667
82781,0.05
82782,0.10833333333333334
82783,0.5016666666666666
82784,0.36
82785,0.36333333333333334
82786,0.2016666666666667
82787,0.27166666666666667
82788,0.085
82789,0.125
82790,0.9933333333333334
82791,0.9633333333333333
82792,0.55
82793,0.07833333333333332
82794,0.20166666666666666
82795,0.31666666666666665
82796,0.5733333333333334
82797,0.18666666666666665
82798,0.18833333333333332
82799,0.5983333333333334
82800,0.13166666666666668
82801,0.05333333333333334
82802,0.14500000000000002
82803,0.21166666666666667
82804,0.27666666666666667
82805,0.6466666666666666
82806,0.21833333333333335
82807,0.04666666666666666
82808,0.23333333333333334
82809,0.32666666666666666
82810,0.04666666666666667
82811,0.8933333333333333
82812,0.04833333333333334
82813,0.3383333333333334
82814,0.9633333333333334
82815,0.9516666666666667
82816,0.19166666666666665
82817,0.30666666666666664
82818,0.41666666666666663
82819,0.025
82820,0.165
82821,0.42166666666666663
82822,0.6533333333333333
82823,0.9133333333333333
82824,0.24
82825,0.13166666666666665
82826,0.94
82827,0.08
82828,0.33666666666666667
82829,0.2016666666666667
82830,0.4016666666666667
82831,0.6566666666666666
82832,0.36333333333333334
82833,0.7066666666666667
82834,0.5016666666666667
82835,0.32
82836,0.32999999999999996
82837,0.6033333333333334
82838,0.6983333333333334
82839,0.6566666666666667
82840,0.6266666666666667
82841,0.9550000000000001
82842,0.3916666666666667
82843,0.5466666666666666
82844,0.5700000000000001
82845,0.18166666666666664
82846,0.36999999999999994
82847,0.14166666666666666
82848,0.6916666666666667
82849,0.7066666666666667
82850,0.37
82851,0.815
82852,0.6183333333333333
82853,0.335
82854,0.4683333333333334
82855,0.81
82856,0.16166666666666668
82857,0.04833333333333333
82858,0.9049999999999999
82859,0.15
82860,0.99
82861,0.6033333333333334
82862,0.04
82863,0.5983333333333334
82864,0.75
82865,0.9033333333333333
82866,0.6416666666666666
82867,0.6583333333333333
82868,0.45
82869,0.05666666666666667
82870,0.7616666666666667
82871,0.11
82872,0.2516666666666667
82873,0.5683333333333334
82874,0.6683333333333333
82875,0.32166666666666666
82876,0.735
82877,0.5566666666666666
82878,0.1766666666666667
82879,0.295
82880,0.07
82881,0.13833333333333334
82882,0.18166666666666664
82883,0.2566666666666667
82884,0.5933333333333334
82885,0.7083333333333333
82886,0.19833333333333333
82887,0.3966666666666666
82888,0.7849999999999999
82889,0.35833333333333334
82890,0.21
82891,0.12333333333333334
82892,0.7833333333333333
82893,0.21500000000000002
82894,0.6683333333333333
82895,0.06999999999999999
82896,0.38666666666666666
82897,0.635
82898,0.5883333333333333
82899,0.59
82900,0.625
82901,0.9616666666666667
82902,0.3533333333333333
82903,0.15333333333333335
82904,0.12
82905,0.20500000000000002
82906,0.018333333333333333
82907,0.265
82908,0.20666666666666667
82909,0.0016666666666666668
82910,0.45333333333333337
82911,0.8999999999999999
82912,0.7116666666666667
82913,0.37833333333333335
82914,0.9183333333333332
82915,0.415
82916,0.7400000000000001
82917,0.17166666666666666
82918,0.3383333333333333
82919,0.25
82920,0.39166666666666666
82921,0.5566666666666666
82922,0.09333333333333332
82923,0.6266666666666666
82924,0.24166666666666664
82925,0.8283333333333334
82926,0.3833333333333333
82927,0.24666666666666665
82928,0.7150000000000001
82929,0.16
82930,0.36833333333333335
82931,0.8899999999999999
82932,0.17166666666666666
82933,0.205
82934,0.8683333333333332
82935,0.5933333333333334
82936,0.715
82937,0.5216666666666667
82938,0.08666666666666667
82939,0.8733333333333333
82940,0.38833333333333336
82941,0.6366666666666667
82942,0.265
82943,0.4666666666666667
82944,0.2016666666666667
82945,0.6766666666666666
82946,0.6183333333333333
82947,0.925
82948,0.10833333333333334
82949,0.24999999999999997
82950,0.48333333333333334
82951,0.22166666666666668
82952,0.4083333333333333
82953,0.9816666666666667
82954,0.03166666666666667
82955,0.26166666666666666
82956,0.28833333333333333
82957,0.14833333333333334
82958,0.04
82959,0.016666666666666666
82960,0.5666666666666667
82961,0.5716666666666667
82962,0.6083333333333334
82963,0.925
82964,0.3716666666666667
82965,0.20333333333333334
82966,0.9383333333333334
82967,0.9566666666666667
82968,0.49
82969,0.645
82970,0.17666666666666664
82971,0.14
82972,0.9266666666666667
82973,0.11833333333333335
82974,0.2016666666666667
82975,0.2583333333333333
82976,0.3866666666666667
82977,0.275
82978,0.66
82979,0.4883333333333333
82980,0.5033333333333333
82981,0.21333333333333332
82982,0.3983333333333333
82983,0.3816666666666666
82984,0.5433333333333333
82985,0.385
82986,0.09833333333333334
82987,0.7516666666666668
82988,0.05
82989,0.5033333333333333
82990,0.5750000000000001
82991,0.6566666666666666
82992,0.3933333333333333
82993,0.16666666666666669
82994,0.37500000000000006
82995,0.6633333333333333
82996,0.2683333333333333
82997,0.17833333333333334
82998,0.15166666666666667
82999,0.14666666666666667
83000,0.25
83001,0.24666666666666665
83002,0.4083333333333333
83003,0.5983333333333333
83004,0.43500000000000005
83005,0.11166666666666666
83006,0.31833333333333336
83007,0.5266666666666667
83008,0.41833333333333333
83009,0.705
83010,0.07
83011,0.9516666666666667
83012,0.07833333333333334
83013,0.52
83014,0.060000000000000005
83015,0.565
83016,0.13333333333333336
83017,0.11333333333333333
83018,0.04166666666666667
83019,0.16999999999999998
83020,0.655
83021,0.8016666666666666
83022,0.5133333333333333
83023,0.72
83024,0.185
83025,0.21000000000000002
83026,0.11
83027,0.04166666666666667
83028,0.3216666666666667
83029,0.23
83030,0.13833333333333334
83031,0.5800000000000001
83032,0.04
83033,0.01
83034,0.5466666666666666
83035,0.8183333333333334
83036,0.058333333333333334
83037,0.9033333333333333
83038,0.051666666666666666
83039,0.06833333333333333
83040,0.14333333333333334
83041,0.7633333333333333
83042,0.6866666666666666
83043,0.016666666666666666
83044,0.05333333333333333
83045,0.46166666666666667
83046,0.32
83047,0.17833333333333334
83048,0.07833333333333334
83049,0.19833333333333333
83050,0.24
83051,0.295
83052,0.19166666666666665
83053,0.6666666666666666
83054,0.6583333333333333
83055,0.14666666666666667
83056,0.3383333333333333
83057,0.30333333333333334
83058,0.039999999999999994
83059,0.38333333333333336
83060,0.043333333333333335
83061,0.42500000000000004
83062,0.605
83063,0.9333333333333333
83064,0.6716666666666666
83065,0.6183333333333333
83066,0.3733333333333333
83067,0.008333333333333333
83068,0.9483333333333334
83069,0.5666666666666667
83070,0.63
83071,0.5966666666666667
83072,0.31833333333333336
83073,0.39666666666666667
83074,0.2833333333333333
83075,0.30666666666666664
83076,0.24333333333333335
83077,0.30833333333333335
83078,0.7416666666666667
83079,0.20999999999999996
83080,0.043333333333333335
83081,0.27
83082,0.4816666666666667
83083,0.7916666666666667
83084,0.18000000000000002
83085,0.008333333333333333
83086,0.043333333333333335
83087,0.20833333333333334
83088,0.12666666666666668
83089,0.3566666666666667
83090,0.21833333333333332
83091,0.5549999999999999
83092,0.41333333333333333
83093,0.19166666666666665
83094,0.3283333333333333
83095,0.4600000000000001
83096,0.043333333333333335
83097,0.23333333333333334
83098,0.05666666666666667
83099,0.6333333333333333
83100,0.16166666666666665
83101,0.008333333333333333
83102,0.35833333333333334
83103,0.4066666666666667
83104,0.01
83105,0.6483333333333333
83106,0.08
83107,0.24166666666666664
83108,0.03
83109,0.6716666666666666
83110,0.39
83111,0.3466666666666666
83112,0.7033333333333334
83113,0.215
83114,0.17833333333333334
83115,0.2783333333333333
83116,0.22333333333333333
83117,0.4116666666666667
83118,0.6833333333333333
83119,0.20666666666666667
83120,0.13833333333333334
83121,0.21166666666666667
83122,0.77
83123,0.7033333333333334
83124,0.11833333333333333
83125,0.32333333333333336
83126,0.6383333333333334
83127,0.37
83128,0.1
83129,0.25666666666666665
83130,0.8933333333333333
83131,0.345
83132,0.5916666666666667
83133,0.023333333333333334
83134,0.6733333333333333
83135,0.011666666666666667
83136,0.5316666666666667
83137,0.43166666666666664
83138,0.2733333333333333
83139,0.15833333333333333
83140,0.265
83141,0.26
83142,0.58
83143,0.09666666666666666
83144,0.725
83145,0.16166666666666665
83146,0.4033333333333333
83147,0.051666666666666666
83148,0.42500000000000004
83149,0.30666666666666664
83150,0.17833333333333334
83151,0.5616666666666666
83152,0.021666666666666667
83153,0.32833333333333337
83154,0.5233333333333333
83155,0.9000000000000001
83156,0.235
83157,0.6933333333333334
83158,0.075
83159,0.7583333333333333
83160,0.3816666666666667
83161,0.5633333333333334
83162,0.27666666666666667
83163,0.7866666666666666
83164,0.3566666666666667
83165,0.29
83166,0.18333333333333335
83167,0.6583333333333333
83168,0.135
83169,0.25166666666666665
83170,0.09
83171,0.35333333333333333
83172,0.27166666666666667
83173,0.2783333333333333
83174,0.25666666666666665
83175,0.008333333333333333
83176,0.9016666666666667
83177,0.655
83178,0.335
83179,0.42999999999999994
83180,0.8866666666666666
83181,0.34833333333333333
83182,0.21000000000000002
83183,0.6133333333333333
83184,0.32666666666666666
83185,0.9266666666666665
83186,0.023333333333333334
83187,0.165
83188,0.745
83189,0.6366666666666667
83190,0.27999999999999997
83191,0.3416666666666667
83192,0.6866666666666668
83193,0.54
83194,0.3683333333333333
83195,0.03333333333333333
83196,0.14166666666666666
83197,0.16833333333333333
83198,0.06666666666666668
83199,0.23666666666666666
83200,0.011666666666666667
83201,0.06
83202,0.3833333333333333
83203,0.32166666666666666
83204,0.3933333333333333
83205,0.7066666666666667
83206,0.15
83207,0.9933333333333333
83208,0.043333333333333335
83209,0.31666666666666665
83210,0.855
83211,0.2633333333333333
83212,0.22999999999999998
83213,0.25166666666666665
83214,0.16333333333333333
83215,0.33666666666666667
83216,0.8583333333333334
83217,0.385
83218,0.6133333333333334
83219,0.38499999999999995
83220,0.05333333333333333
83221,0.38666666666666666
83222,0.6350000000000001
83223,0.24333333333333335
83224,0.3433333333333333
83225,0.02
83226,0.42833333333333334
83227,0.27999999999999997
83228,0.041666666666666664
83229,0.45500000000000007
83230,0.135
83231,0.9216666666666666
83232,0.5549999999999999
83233,0.42500000000000004
83234,0.9283333333333333
83235,0.15833333333333333
83236,0.12833333333333335
83237,0.5083333333333333
83238,0.895
83239,0.5933333333333333
83240,0.9283333333333335
83241,0.04833333333333333
83242,0.9266666666666667
83243,0.06333333333333332
83244,0.02666666666666667
83245,0.15833333333333333
83246,0.5516666666666666
83247,0.10833333333333334
83248,0.26666666666666666
83249,0.375
83250,0.71
83251,0.36333333333333334
83252,0.6966666666666668
83253,0.29000000000000004
83254,0.5583333333333333
83255,0.7033333333333334
83256,0.17
83257,0.335
83258,0.4666666666666667
83259,0.1
83260,0.745
83261,0.09666666666666668
83262,0.20666666666666667
83263,0.38666666666666666
83264,0.325
83265,0.9466666666666668
83266,0.3516666666666667
83267,0.125
83268,0.32499999999999996
83269,0.665
83270,0.68
83271,0.265
83272,0.345
83273,0.4816666666666667
83274,0.03166666666666667
83275,0.10166666666666666
83276,0.19166666666666668
83277,0.0033333333333333335
83278,0.365
83279,0.495
83280,0.006666666666666667
83281,0.26666666666666666
83282,0.585
83283,0.20166666666666663
83284,0.16333333333333333
83285,0.42833333333333334
83286,0.15333333333333335
83287,0.17833333333333332
83288,0.31833333333333336
83289,0.3516666666666667
83290,0.27166666666666667
83291,0.4833333333333333
83292,0.175
83293,0.09166666666666666
83294,0.44166666666666665
83295,0.575
83296,0.6333333333333333
83297,0.6716666666666666
83298,0.6900000000000001
83299,0.07166666666666667
83300,0.19
83301,0.8333333333333333
83302,0.18500000000000003
83303,0.26666666666666666
83304,0.30666666666666664
83305,0.051666666666666666
83306,0.10833333333333334
83307,0.15833333333333333
83308,0.33166666666666667
83309,0.6683333333333333
83310,0.125
83311,0.265
83312,0.3666666666666667
83313,0.6266666666666667
83314,0.7766666666666666
83315,0.4766666666666667
83316,0.006666666666666667
83317,0.8233333333333334
83318,0.28833333333333333
83319,0.07
83320,0.13999999999999999
83321,0.028333333333333335
83322,0.20833333333333331
83323,0.16666666666666666
83324,0.215
83325,0.14
83326,0.49833333333333335
83327,0.2533333333333333
83328,0.2783333333333333
83329,0.4
83330,0.16166666666666668
83331,0.655
83332,0.08
83333,0.09666666666666668
83334,0.5416666666666667
83335,0.2633333333333333
83336,0.115
83337,0.16333333333333333
83338,0.8933333333333334
83339,0.16
83340,0.3183333333333333
83341,0.09666666666666666
83342,0.8233333333333334
83343,0.7083333333333334
83344,0.37333333333333335
83345,0.22666666666666668
83346,0.225
83347,0.09499999999999999
83348,0.15833333333333333
83349,0.19666666666666668
83350,0.9383333333333334
83351,0.77
83352,0.395
83353,0.49
83354,0.7816666666666667
83355,0.6616666666666666
83356,0.22166666666666668
83357,0.09166666666666667
83358,0.3783333333333333
83359,0.2733333333333333
83360,0.675
83361,0.2733333333333333
83362,0.4083333333333333
83363,0.5216666666666666
83364,0.9333333333333333
83365,0.5216666666666666
83366,0.8316666666666666
83367,0.3766666666666667
83368,0.30999999999999994
83369,0.2816666666666667
83370,0.7799999999999999
83371,0.8500000000000001
83372,0.25666666666666665
83373,0.495
83374,0.6216666666666667
83375,0.7050000000000001
83376,0.9616666666666666
83377,0.5233333333333333
83378,0.8633333333333334
83379,0.3883333333333333
83380,0.06
83381,0.8466666666666667
83382,0.5883333333333334
83383,0.7333333333333334
83384,0.4733333333333333
83385,0.05
83386,0.4033333333333333
83387,0.52
83388,0.19
83389,0.45833333333333337
83390,0.94
83391,0.5766666666666667
83392,0.028333333333333332
83393,0.7683333333333333
83394,0.6966666666666667
83395,0.6416666666666667
83396,0.2866666666666667
83397,0.18000000000000002
83398,0.15999999999999998
83399,0.24333333333333332
83400,0.42
83401,0.4916666666666667
83402,0.43166666666666664
83403,0.9666666666666666
83404,0.9000000000000001
83405,0.16
83406,0.41666666666666663
83407,0.043333333333333335
83408,0.15333333333333332
83409,0.18
83410,0.20833333333333334
83411,0.4783333333333333
83412,0.9766666666666667
83413,0.21500000000000002
83414,0.3983333333333333
83415,0.43166666666666664
83416,0.13333333333333333
83417,0.5
83418,0.36
83419,0.26999999999999996
83420,0.33666666666666667
83421,0.16
83422,0.3933333333333333
83423,0.016666666666666666
83424,0.15000000000000002
83425,0.24666666666666665
83426,0.15166666666666667
83427,0.9333333333333332
83428,0.12166666666666667
83429,0.015000000000000001
83430,0.38999999999999996
83431,0.04
83432,0.14833333333333332
83433,0.43833333333333324
83434,0.6983333333333334
83435,0.175
83436,0.56
83437,0.15000000000000002
83438,0.15166666666666667
83439,0.44999999999999996
83440,0.6233333333333333
83441,0.21666666666666667
83442,0.3583333333333333
83443,0.095
83444,0.525
83445,0.2633333333333333
83446,0.5650000000000001
83447,0.3433333333333333
83448,0.008333333333333333
83449,0.41166666666666674
83450,0.2966666666666667
83451,0.5800000000000001
83452,0.31333333333333335
83453,0.6316666666666667
83454,0.23500000000000001
83455,0.065
83456,0.18166666666666664
83457,0.05333333333333333
83458,0.15333333333333335
83459,0.12
83460,0.03333333333333333
83461,0.06666666666666668
83462,0.215
83463,0.57
83464,0.515
83465,0.41333333333333333
83466,0.30333333333333334
83467,0.16166666666666665
83468,0.20833333333333331
83469,0.3566666666666667
83470,0.4816666666666667
83471,0.215
83472,0.19999999999999998
83473,0.12666666666666668
83474,0.6283333333333334
83475,0.635
83476,0.6433333333333333
83477,0.29333333333333333
83478,0.09833333333333334
83479,0.26
83480,0.08166666666666667
83481,0.04666666666666667
83482,0.30833333333333335
83483,0.11333333333333334
83484,0.825
83485,0.9283333333333332
83486,0.4816666666666667
83487,0.8833333333333333
83488,0.6316666666666666
83489,0.64
83490,0.24166666666666664
83491,0.5583333333333333
83492,0.20166666666666666
83493,0.09333333333333334
83494,0.17333333333333334
83495,0.2833333333333333
83496,0.3383333333333333
83497,0.02
83498,0.13333333333333333
83499,0.7516666666666667
83500,0.7516666666666667
83501,0.6283333333333333
83502,0.13833333333333334
83503,0.18666666666666668
83504,0.06833333333333333
83505,0.3016666666666667
83506,0.6
83507,0.3433333333333334
83508,0.38833333333333336
83509,0.395
83510,0.5566666666666668
83511,0.16
83512,0.5783333333333334
83513,0.77
83514,0.9716666666666666
83515,0.26666666666666666
83516,0.27666666666666667
83517,0.37333333333333335
83518,0.15333333333333335
83519,0.14833333333333332
83520,0.3
83521,0.021666666666666667
83522,0.29
83523,0.8466666666666667
83524,0.07333333333333333
83525,0.18333333333333335
83526,0.6083333333333333
83527,0.6533333333333333
83528,0.7466666666666667
83529,0.17833333333333334
83530,0.3383333333333333
83531,0.09833333333333333
83532,0.9349999999999999
83533,0.95
83534,0.2433333333333333
83535,0.5
83536,0.14
83537,0.485
83538,0.21500000000000002
83539,0.6933333333333332
83540,0.52
83541,0.08166666666666667
83542,0.2416666666666667
83543,0.25833333333333336
83544,0.22166666666666665
83545,0.11833333333333332
83546,0.39166666666666666
83547,0.2733333333333333
83548,0.26666666666666666
83549,0.2966666666666667
83550,0.085
83551,0.17166666666666666
83552,0.48
83553,0.905
83554,0.42666666666666664
83555,0.29333333333333333
83556,0.695
83557,0.29000000000000004
83558,0.37
83559,0.021666666666666667
83560,0.16
83561,0.22500000000000003
83562,0.16833333333333333
83563,0.043333333333333335
83564,0.6916666666666667
83565,0.21333333333333335
83566,0.45166666666666666
83567,0.22999999999999998
83568,0.14
83569,0.4666666666666667
83570,0.22333333333333333
83571,0.24
83572,0.2366666666666667
83573,0.45000000000000007
83574,0.47500000000000003
83575,0.061666666666666675
83576,0.7916666666666666
83577,0.30333333333333334
83578,0.5033333333333333
83579,0.20333333333333337
83580,0.14833333333333334
83581,0.16333333333333333
83582,0.17333333333333334
83583,0.33
83584,0.15
83585,0.5766666666666667
83586,0.36333333333333334
83587,0.15166666666666667
83588,0.17333333333333334
83589,0.9883333333333333
83590,0.29
83591,0.765
83592,0.03
83593,0.011666666666666667
83594,0.7283333333333333
83595,0.745
83596,0.5466666666666666
83597,0.5783333333333334
83598,0.7200000000000001
83599,0.46499999999999997
83600,0.13499999999999998
83601,0.07333333333333333
83602,0.5916666666666667
83603,0.7566666666666666
83604,0.12666666666666668
83605,0.26
83606,0.9650000000000001
83607,0.9483333333333333
83608,0.255
83609,0.021666666666666667
83610,0.5016666666666667
83611,0.23
83612,0.22166666666666668
83613,0.23666666666666664
83614,0.6266666666666667
83615,0.2733333333333333
83616,0.023333333333333334
83617,0.22666666666666666
83618,0.20500000000000002
83619,0.32166666666666666
83620,0.09
83621,0.3666666666666667
83622,0.5566666666666666
83623,0.835
83624,0.94
83625,0.705
83626,0.5666666666666667
83627,0.22666666666666668
83628,0.06166666666666666
83629,0.19166666666666665
83630,0.47833333333333333
83631,0.26
83632,0.38833333333333336
83633,0.19666666666666666
83634,0.8483333333333332
83635,0.21666666666666667
83636,0.04666666666666667
83637,0.25
83638,0.95
83639,0.10166666666666667
83640,0.7166666666666667
83641,0.5716666666666667
83642,0.5766666666666668
83643,0.45166666666666666
83644,0.11
83645,0.7433333333333333
83646,0.9366666666666665
83647,0.30333333333333334
83648,0.7566666666666666
83649,0.16333333333333333
83650,0.9849999999999999
83651,0.14
83652,0.22166666666666668
83653,0.57
83654,0.3833333333333333
83655,0.21166666666666667
83656,0.29666666666666663
83657,0.265
83658,0.09166666666666667
83659,0.5216666666666667
83660,0.5416666666666667
83661,0.195
83662,0.55
83663,0.25833333333333336
83664,0.23333333333333334
83665,0.7333333333333333
83666,0.15166666666666667
83667,0.145
83668,0.15833333333333333
83669,0.028333333333333335
83670,0.2366666666666667
83671,0.6016666666666667
83672,0.6833333333333333
83673,0.7633333333333333
83674,0.4116666666666666
83675,0.265
83676,0.12833333333333333
83677,0.5983333333333334
83678,0.33166666666666667
83679,0.32666666666666666
83680,0.62
83681,0.73
83682,0.22833333333333333
83683,0.21166666666666667
83684,0.03333333333333333
83685,0.14833333333333332
83686,0.35
83687,0.59
83688,0.4683333333333334
83689,0.9016666666666666
83690,0.21333333333333335
83691,0.7616666666666666
83692,0.505
83693,0.7116666666666667
83694,0.09
83695,0.285
83696,0.5783333333333333
83697,0.6283333333333333
83698,0.21666666666666667
83699,0.6666666666666666
83700,0.023333333333333334
83701,0.028333333333333335
83702,0.22833333333333333
83703,0.125
83704,0.8799999999999999
83705,0.7183333333333333
83706,0.30333333333333334
83707,0.4666666666666667
83708,0.6283333333333333
83709,0.5983333333333334
83710,0.33499999999999996
83711,0.6283333333333334
83712,0.018333333333333333
83713,0.8333333333333333
83714,0.3966666666666667
83715,0.5650000000000001
83716,0.2833333333333333
83717,0.20833333333333334
83718,0.24
83719,0.6233333333333334
83720,0.6416666666666666
83721,0.625
83722,0.13166666666666665
83723,0.255
83724,0.14833333333333334
83725,0.08166666666666667
83726,0.7566666666666666
83727,0.03666666666666667
83728,0.33
83729,0.19833333333333333
83730,0.42166666666666663
83731,0.21166666666666667
83732,0.7616666666666667
83733,0.16166666666666668
83734,0.635
83735,0.1933333333333333
83736,0.3083333333333333
83737,0.3
83738,0.27666666666666667
83739,0.03333333333333333
83740,0.13666666666666666
83741,0.895
83742,0.7133333333333333
83743,0.22166666666666665
83744,0.5983333333333334
83745,0.6883333333333334
83746,0.6683333333333333
83747,0.3433333333333334
83748,0.20666666666666667
83749,0.37
83750,0.4916666666666667
83751,0.25166666666666665
83752,0.06166666666666667
83753,0.6050000000000001
83754,0.65
83755,0.09833333333333333
83756,0.043333333333333335
83757,0.28833333333333333
83758,0.13
83759,0.65
83760,0.27166666666666667
83761,0.075
83762,0.3
83763,0.7083333333333333
83764,0.38166666666666665
83765,0.075
83766,0.5466666666666666
83767,0.4716666666666667
83768,0.48833333333333334
83769,0.78
83770,0.9583333333333333
83771,0.32999999999999996
83772,0.7966666666666666
83773,0.023333333333333334
83774,0.47
83775,0.305
83776,0.235
83777,0.7
83778,0.355
83779,0.18666666666666668
83780,0.09166666666666666
83781,0.255
83782,0.09166666666666667
83783,0.21833333333333332
83784,0.31999999999999995
83785,0.22166666666666668
83786,0.37
83787,0.45666666666666667
83788,0.31666666666666665
83789,0.006666666666666667
83790,0.5633333333333334
83791,0.065
83792,0.27666666666666667
83793,0.305
83794,0.6166666666666667
83795,0.07
83796,0.7316666666666667
83797,0.035
83798,0.20333333333333334
83799,0.3616666666666667
83800,0.7966666666666666
83801,0.925
83802,0.28833333333333333
83803,0.2783333333333333
83804,0.18833333333333332
83805,0.585
83806,0.1366666666666667
83807,0.87
83808,0.8916666666666666
83809,0.7033333333333334
83810,0.9733333333333332
83811,0.22166666666666668
83812,0.19499999999999998
83813,0.2866666666666667
83814,0.31333333333333335
83815,0.405
83816,0.25
83817,0.6116666666666667
83818,0.39
83819,0.94
83820,0.5833333333333333
83821,0.08
83822,0.3616666666666667
83823,0.23333333333333334
83824,0.21833333333333332
83825,0.3466666666666667
83826,0.165
83827,0.595
83828,0.59
83829,0.8316666666666668
83830,0.22333333333333333
83831,0.9916666666666667
83832,0.24
83833,0.3283333333333333
83834,0.3933333333333333
83835,0.5583333333333333
83836,0.6583333333333333
83837,0.028333333333333335
83838,0.3433333333333333
83839,0.9849999999999999
83840,0.38666666666666666
83841,0.3433333333333333
83842,0.69
83843,0.5283333333333333
83844,0.595
83845,0.02
83846,0.98
83847,0.245
83848,0.9316666666666666
83849,0.18666666666666668
83850,0.10333333333333335
83851,0.56
83852,0.20166666666666666
83853,0.14833333333333334
83854,0.1433333333333333
83855,0.07166666666666667
83856,0.325
83857,0.7033333333333334
83858,0.305
83859,0.19
83860,0.7966666666666666
83861,0.7366666666666667
83862,0.04166666666666667
83863,0.39499999999999996
83864,0.735
83865,0.24666666666666665
83866,0.02
83867,0.42
83868,0.13166666666666665
83869,0.72
83870,0.2916666666666667
83871,0.10999999999999999
83872,0.26999999999999996
83873,0.39
83874,0.7233333333333334
83875,0.7316666666666667
83876,0.2633333333333333
83877,0.08166666666666667
83878,0.17
83879,0.4883333333333333
83880,0.35333333333333333
83881,0.9533333333333334
83882,0.3233333333333333
83883,0.14
83884,0.3783333333333333
83885,0.7066666666666667
83886,0.7350000000000001
83887,0.6183333333333334
83888,0.29333333333333333
83889,0.16999999999999998
83890,0.28833333333333333
83891,0.6566666666666667
83892,0.19833333333333333
83893,0.10166666666666667
83894,0.5366666666666666
83895,0.5666666666666667
83896,0.7133333333333333
83897,0.07666666666666666
83898,0.8433333333333333
83899,0.24833333333333335
83900,0.28833333333333333
83901,0.6866666666666666
83902,0.235
83903,0.7983333333333333
83904,0.3883333333333333
83905,0.24
83906,0.6716666666666666
83907,0.20166666666666666
83908,0.5666666666666667
83909,0.24833333333333335
83910,0.3783333333333333
83911,0.21666666666666667
83912,0.16
83913,0.3333333333333333
83914,0.5883333333333333
83915,0.005
83916,0.5083333333333333
83917,0.21166666666666667
83918,0.15166666666666667
83919,0.06833333333333333
83920,0.6516666666666666
83921,0.825
83922,0.35000000000000003
83923,0.21000000000000002
83924,0.9183333333333334
83925,0.18333333333333332
83926,0.235
83927,0.03166666666666666
83928,0.4816666666666667
83929,0.79
83930,0.9916666666666667
83931,0.12833333333333333
83932,0.14666666666666667
83933,0.625
83934,0.32
83935,0.6166666666666667
83936,0.11666666666666667
83937,0.14666666666666667
83938,0.6083333333333334
83939,0.9549999999999998
83940,0.06166666666666667
83941,0.315
83942,0.4933333333333334
83943,0.9749999999999999
83944,0.48333333333333334
83945,0.5433333333333333
83946,0.5716666666666667
83947,0.10833333333333334
83948,0.03666666666666667
83949,0.305
83950,0.6566666666666667
83951,0.21333333333333332
83952,0.155
83953,0.9083333333333333
83954,0.065
83955,0.31
83956,0.3933333333333333
83957,0.2066666666666667
83958,0.09166666666666666
83959,0.2966666666666667
83960,0.245
83961,0.23
83962,0.29333333333333333
83963,0.9133333333333333
83964,0.4866666666666666
83965,0.18000000000000002
83966,0.5583333333333333
83967,0.7866666666666666
83968,0.21833333333333332
83969,0.495
83970,0.5349999999999999
83971,0.44000000000000006
83972,0.45000000000000007
83973,0.31666666666666665
83974,0.265
83975,0.26333333333333336
83976,0.6116666666666667
83977,0.025
83978,0.425
83979,0.2016666666666667
83980,0.5966666666666667
83981,0.3883333333333333
83982,0.3283333333333333
83983,0.5599999999999999
83984,0.013333333333333334
83985,0.7183333333333334
83986,0.36333333333333334
83987,0.011666666666666667
83988,0.825
83989,0.29333333333333333
83990,0.36333333333333334
83991,0.0033333333333333335
83992,0.305
83993,0.21000000000000002
83994,0.64
83995,0.09166666666666667
83996,0.11833333333333335
83997,0.12666666666666665
83998,0.5666666666666667
83999,0.58
84000,0.39166666666666666
84001,0.29333333333333333
84002,0.31666666666666665
84003,0.9233333333333333
84004,0.19000000000000003
84005,0.3766666666666667
84006,0.825
84007,0.9633333333333333
84008,0.22333333333333333
84009,0.385
84010,0.13
84011,0.18166666666666664
84012,0.5416666666666666
84013,0.6616666666666666
84014,0.21833333333333335
84015,0.205
84016,0.3283333333333333
84017,0.15333333333333332
84018,0.305
84019,0.195
84020,0.3666666666666667
84021,0.36999999999999994
84022,0.26166666666666666
84023,0.20500000000000002
84024,0.14333333333333334
84025,0.9583333333333333
84026,0.8766666666666666
84027,0.29166666666666663
84028,0.2583333333333333
84029,0.016666666666666666
84030,0.35333333333333333
84031,0.6749999999999999
84032,0.028333333333333335
84033,0.41666666666666663
84034,0.36166666666666664
84035,0.7183333333333334
84036,0.16833333333333333
84037,0.695
84038,0.21833333333333335
84039,0.6316666666666666
84040,0.33666666666666667
84041,0.7683333333333333
84042,0.6766666666666666
84043,0.2916666666666667
84044,0.25166666666666665
84045,0.8983333333333332
84046,0.815
84047,0.305
84048,0.535
84049,0.20166666666666666
84050,0.39
84051,0.475
84052,0.19166666666666668
84053,0.051666666666666666
84054,0.7950000000000002
84055,0.6766666666666667
84056,0.75
84057,0.47833333333333333
84058,0.03
84059,0.6916666666666667
84060,0.16
84061,0.4816666666666667
84062,0.7033333333333334
84063,0.4833333333333333
84064,0.05666666666666666
84065,0.6
84066,0.013333333333333332
84067,0.32
84068,0.5966666666666667
84069,0.5416666666666666
84070,0.14333333333333334
84071,0.06333333333333334
84072,0.43166666666666664
84073,0.4733333333333333
84074,0.54
84075,0.025
84076,0.595
84077,0.013333333333333334
84078,0.31333333333333335
84079,0.21833333333333332
84080,0.775
84081,0.6849999999999999
84082,0.07833333333333334
84083,0.11
84084,0.26166666666666666
84085,0.25666666666666665
84086,0.4566666666666667
84087,0.6733333333333333
84088,0.1766666666666667
84089,0.6799999999999999
84090,0.33666666666666667
84091,0.9633333333333332
84092,0.5366666666666667
84093,0.21333333333333335
84094,0.195
84095,0.2
84096,0.5333333333333333
84097,0.20166666666666666
84098,0.02666666666666667
84099,0.42833333333333334
84100,0.385
84101,0.2366666666666667
84102,0.37
84103,0.72
84104,0.9416666666666667
84105,0.4033333333333333
84106,0.7083333333333334
84107,0.31666666666666665
84108,0.43333333333333335
84109,0.895
84110,0.6749999999999999
84111,0.4766666666666667
84112,0.30333333333333334
84113,0.16833333333333333
84114,0.16
84115,0.043333333333333335
84116,0.4116666666666666
84117,0.20500000000000002
84118,0.016666666666666666
84119,0.21000000000000002
84120,0.03
84121,0.25666666666666665
84122,0.19666666666666666
84123,0.2966666666666667
84124,0.28500000000000003
84125,0.30833333333333335
84126,0.20166666666666666
84127,0.14833333333333334
84128,0.745
84129,0.21999999999999997
84130,0.36833333333333335
84131,0.3733333333333333
84132,0.27166666666666667
84133,0.25333333333333335
84134,0.255
84135,0.008333333333333333
84136,0.21833333333333332
84137,0.2316666666666667
84138,0.62
84139,0.26166666666666666
84140,0.07833333333333334
84141,0.20666666666666667
84142,0.20500000000000002
84143,0.33666666666666667
84144,0.27
84145,0.55
84146,0.19166666666666668
84147,0.20833333333333334
84148,0.09666666666666666
84149,0.3016666666666667
84150,0.04833333333333334
84151,0.235
84152,0.4883333333333333
84153,0.2816666666666667
84154,0.03166666666666667
84155,0.34500000000000003
84156,0.35
84157,0.16333333333333333
84158,0.8933333333333333
84159,0.02
84160,0.47
84161,0.07
84162,0.5549999999999999
84163,0.7283333333333334
84164,0.6783333333333333
84165,0.22166666666666668
84166,0.22833333333333333
84167,0.575
84168,0.8583333333333334
84169,0.9416666666666667
84170,0.32
84171,0.25
84172,0.03
84173,0.23500000000000001
84174,0.8600000000000001
84175,0.39
84176,0.03666666666666667
84177,0.2966666666666667
84178,0.365
84179,0.08333333333333334
84180,0.24166666666666664
84181,0.295
84182,0.8866666666666667
84183,0.10333333333333333
84184,0.45000000000000007
84185,0.61
84186,0.5266666666666666
84187,0.5416666666666666
84188,0.315
84189,0.14166666666666666
84190,0.27
84191,0.30666666666666664
84192,0.02
84193,0.8966666666666667
84194,0.8366666666666667
84195,0.22833333333333333
84196,0.2783333333333333
84197,0.6833333333333333
84198,0.475
84199,0.03166666666666667
84200,0.8916666666666666
84201,0.625
84202,0.23500000000000001
84203,0.023333333333333334
84204,0.09333333333333334
84205,0.6766666666666666
84206,0.5466666666666667
84207,0.10833333333333334
84208,0.6083333333333334
84209,0.9133333333333333
84210,0.18666666666666668
84211,0.5416666666666666
84212,0.024999999999999998
84213,0.38166666666666665
84214,0.2283333333333333
84215,0.14166666666666666
84216,0.8966666666666667
84217,0.4083333333333333
84218,0.32166666666666666
84219,0.3233333333333333
84220,0.26166666666666666
84221,0.2866666666666667
84222,0.6133333333333333
84223,0.3
84224,0.008333333333333333
84225,0.7933333333333332
84226,0.13333333333333333
84227,0.025
84228,0.26666666666666666
84229,0.03833333333333334
84230,0.008333333333333333
84231,0.4
84232,0.6283333333333333
84233,0.38999999999999996
84234,0.4
84235,0.635
84236,0.5466666666666667
84237,0.1933333333333333
84238,0.44499999999999995
84239,0.17666666666666667
84240,0.655
84241,0.20500000000000002
84242,0.31666666666666665
84243,0.31
84244,0.345
84245,0.4
84246,0.09666666666666666
84247,0.5033333333333333
84248,0.375
84249,0.3466666666666666
84250,0.78
84251,0.78
84252,0.27666666666666667
84253,0.3916666666666667
84254,0.27499999999999997
84255,0.05
84256,0.45666666666666667
84257,0.5633333333333334
84258,0.5816666666666667
84259,0.17166666666666666
84260,0.105
84261,0.41833333333333333
84262,0.3016666666666667
84263,0.021666666666666667
84264,0.11166666666666666
84265,0.5
84266,0.7016666666666668
84267,0.16333333333333333
84268,0.2416666666666667
84269,0.21500000000000002
84270,0.6266666666666667
84271,0.01
84272,0.12333333333333334
84273,0.7316666666666667
84274,0.6716666666666666
84275,0.2833333333333333
84276,0.9733333333333334
84277,0.2733333333333334
84278,0.12833333333333335
84279,0.615
84280,0.3433333333333333
84281,0.6916666666666668
84282,0.56
84283,0.04833333333333334
84284,0.008333333333333333
84285,0.13
84286,0.7433333333333334
84287,0.18
84288,0.45166666666666666
84289,0.32666666666666666
84290,0.375
84291,0.16166666666666665
84292,0.013333333333333334
84293,0.20333333333333337
84294,0.09833333333333333
84295,0.3933333333333333
84296,0.16333333333333333
84297,0.06999999999999999
84298,0.49999999999999994
84299,0.023333333333333334
84300,0.79
84301,0.115
84302,0.6699999999999999
84303,0.35333333333333333
84304,0.375
84305,0.30666666666666664
84306,0.43333333333333335
84307,0.195
84308,0.25
84309,0.12000000000000001
84310,0.22833333333333333
84311,0.435
84312,0.08333333333333334
84313,0.3566666666666667
84314,0.595
84315,0.22
84316,0.20166666666666666
84317,0.22833333333333333
84318,0.2583333333333333
84319,0.52
84320,0.51
84321,0.09166666666666667
84322,0.645
84323,0.245
84324,0.15833333333333333
84325,0.44666666666666666
84326,0.32
84327,0.18666666666666668
84328,0.7766666666666667
84329,0.9450000000000001
84330,0.19333333333333336
84331,0.20666666666666667
84332,0.07333333333333333
84333,0.36333333333333334
84334,0.27666666666666667
84335,0.025
84336,0.8333333333333335
84337,0.31333333333333335
84338,0.355
84339,0.2116666666666667
84340,0.7516666666666667
84341,0.16000000000000003
84342,0.006666666666666667
84343,0.8099999999999999
84344,0.6683333333333334
84345,0.3766666666666667
84346,0.2
84347,0.4966666666666666
84348,0.17666666666666667
84349,0.16166666666666665
84350,0.10166666666666667
84351,0.10333333333333333
84352,0.8316666666666668
84353,0.39666666666666667
84354,0.25333333333333335
84355,0.015
84356,0.71
84357,0.05666666666666667
84358,0.5116666666666667
84359,0.4683333333333334
84360,0.8283333333333334
84361,0.7566666666666666
84362,0.4333333333333333
84363,0.6666666666666667
84364,0.018333333333333333
84365,0.04333333333333333
84366,0.49999999999999994
84367,0.31333333333333335
84368,0.028333333333333335
84369,0.8500000000000001
84370,0.7866666666666666
84371,0.7566666666666667
84372,0.255
84373,0.62
84374,0.6066666666666667
84375,0.345
84376,0.2583333333333333
84377,0.19166666666666665
84378,0.8700000000000001
84379,0.5183333333333333
84380,0.2833333333333333
84381,0.11499999999999999
84382,0.255
84383,0.685
84384,0.3633333333333333
84385,0.25666666666666665
84386,0.14833333333333334
84387,0.2633333333333333
84388,0.5583333333333333
84389,0.21333333333333332
84390,0.205
84391,0.14666666666666667
84392,0.015
84393,0.32
84394,0.23666666666666666
84395,0.29333333333333333
84396,0.23500000000000001
84397,0.5816666666666667
84398,0.7566666666666667
84399,0.175
84400,0.39
84401,0.5816666666666667
84402,0.2866666666666666
84403,0.04
84404,0.6183333333333333
84405,0.26
84406,0.41333333333333333
84407,0.17833333333333334
84408,0.14833333333333334
84409,0.34500000000000003
84410,0.8166666666666667
84411,0.845
84412,0.32333333333333336
84413,0.5633333333333334
84414,0.7633333333333334
84415,0.04166666666666667
84416,0.5983333333333334
84417,0.97
84418,0.21166666666666667
84419,0.5266666666666667
84420,0.39
84421,0.018333333333333333
84422,0.31999999999999995
84423,0.21666666666666667
84424,0.6166666666666666
84425,0.13499999999999998
84426,0.3866666666666667
84427,0.29666666666666663
84428,0.3066666666666667
84429,0.7000000000000001
84430,0.9266666666666667
84431,0.5133333333333334
84432,0.44833333333333336
84433,0.7483333333333333
84434,0.5733333333333334
84435,0.6416666666666666
84436,0.24
84437,0.7783333333333333
84438,0.36
84439,0.96
84440,0.008333333333333333
84441,0.07333333333333333
84442,0.24333333333333335
84443,0.17666666666666667
84444,0.105
84445,0.7833333333333334
84446,0.21666666666666667
84447,0.575
84448,0.7266666666666667
84449,0.22333333333333333
84450,0.6066666666666667
84451,0.3983333333333334
84452,0.13666666666666666
84453,0.9766666666666666
84454,0.6566666666666666
84455,0.22333333333333333
84456,0.055
84457,0.9949999999999999
84458,0.93
84459,0.265
84460,0.49
84461,0.4833333333333333
84462,0.6233333333333333
84463,0.2633333333333333
84464,0.645
84465,0.6183333333333333
84466,0.6683333333333333
84467,0.4066666666666667
84468,0.21333333333333335
84469,0.5766666666666667
84470,0.275
84471,0.03833333333333333
84472,0.35833333333333334
84473,0.9216666666666666
84474,0.22833333333333333
84475,0.30833333333333335
84476,0.17666666666666664
84477,0.4983333333333334
84478,0.24166666666666664
84479,0.6116666666666667
84480,0.5866666666666667
84481,0.6816666666666666
84482,0.16666666666666669
84483,0.33999999999999997
84484,0.27666666666666667
84485,0.41500000000000004
84486,0.2633333333333333
84487,0.7833333333333333
84488,0.415
84489,0.17333333333333334
84490,0.6366666666666666
84491,0.25166666666666665
84492,0.35
84493,0.46166666666666667
84494,0.24333333333333335
84495,0.255
84496,0.39
84497,0.44666666666666666
84498,0.02666666666666667
84499,0.29833333333333334
84500,0.10500000000000001
84501,0.7
84502,0.041666666666666664
84503,0.24833333333333335
84504,0.6016666666666667
84505,0.10333333333333333
84506,0.3616666666666667
84507,0.1683333333333333
84508,0.6433333333333333
84509,0.22333333333333333
84510,0.11000000000000001
84511,0.22833333333333336
84512,0.7233333333333333
84513,0.8733333333333334
84514,0.245
84515,0.12166666666666666
84516,0.6166666666666667
84517,0.35833333333333334
84518,0.23666666666666664
84519,0.2533333333333333
84520,0.2816666666666666
84521,0.22833333333333333
84522,0.4316666666666667
84523,0.25166666666666665
84524,0.33666666666666667
84525,0.10333333333333333
84526,0.6783333333333333
84527,0.3416666666666667
84528,0.6916666666666667
84529,0.43833333333333335
84530,0.285
84531,0.03666666666666667
84532,0.2583333333333333
84533,0.765
84534,0.3116666666666667
84535,0.6533333333333333
84536,0.4116666666666666
84537,0.5816666666666667
84538,0.5216666666666666
84539,0.2016666666666667
84540,0.2033333333333333
84541,0.6683333333333333
84542,0.30833333333333335
84543,0.16
84544,0.4
84545,0.21666666666666667
84546,0.5083333333333333
84547,0.7483333333333333
84548,0.10500000000000001
84549,0.29833333333333334
84550,0.5983333333333333
84551,0.9233333333333333
84552,0.16166666666666665
84553,0.29166666666666663
84554,0.23500000000000001
84555,0.19499999999999998
84556,0.66
84557,0.2633333333333333
84558,0.515
84559,0.15166666666666667
84560,0.035
84561,0.295
84562,0.31
84563,0.55
84564,0.22999999999999998
84565,0.6683333333333333
84566,0.22999999999999998
84567,0.5566666666666666
84568,0.14
84569,0.9766666666666668
84570,0.2833333333333333
84571,0.88
84572,0.35
84573,0.31
84574,0.5333333333333333
84575,0.10166666666666666
84576,0.48
84577,0.04666666666666667
84578,0.41000000000000003
84579,0.5916666666666667
84580,0.32666666666666666
84581,0.7466666666666666
84582,0.25166666666666665
84583,0.31999999999999995
84584,0.6583333333333334
84585,0.25666666666666665
84586,0.7033333333333334
84587,0.11333333333333334
84588,0.565
84589,0.505
84590,0.5166666666666667
84591,0.95
84592,0.19333333333333336
84593,0.33666666666666667
84594,0.7916666666666666
84595,0.5800000000000001
84596,0.22333333333333333
84597,0.7316666666666667
84598,0.31166666666666665
84599,0.31166666666666665
84600,0.32166666666666666
84601,0.24666666666666665
84602,0.23833333333333334
84603,0.18833333333333332
84604,0.06166666666666666
84605,0.8116666666666668
84606,0.6699999999999999
84607,0.7933333333333332
84608,0.975
84609,0.8166666666666667
84610,0.97
84611,0.22833333333333333
84612,0.4066666666666667
84613,0.4116666666666667
84614,0.2316666666666667
84615,0.25
84616,0.35333333333333333
84617,0.6283333333333334
84618,0.04833333333333334
84619,0.21833333333333335
84620,0.295
84621,0.005
84622,0.8300000000000001
84623,0.24333333333333335
84624,0.26166666666666666
84625,0.20333333333333334
84626,0.63
84627,0.023333333333333334
84628,0.24166666666666664
84629,0.7333333333333333
84630,0.6233333333333333
84631,0.6733333333333333
84632,0.6
84633,0.04166666666666667
84634,0.03833333333333334
84635,0.19166666666666668
84636,0.13
84637,0.27666666666666667
84638,0.13
84639,0.6900000000000001
84640,0.24666666666666665
84641,0.4116666666666667
84642,0.26
84643,0.8166666666666667
84644,0.6066666666666667
84645,0.05499999999999999
84646,0.4883333333333333
84647,0.34500000000000003
84648,0.006666666666666667
84649,0.1733333333333333
84650,0.16666666666666666
84651,0.31666666666666665
84652,0.6033333333333333
84653,0.235
84654,0.29833333333333334
84655,0.7316666666666667
84656,0.14666666666666667
84657,0.495
84658,0.5583333333333333
84659,0.55
84660,0.42166666666666663
84661,0.025
84662,0.5333333333333333
84663,0.9716666666666667
84664,0.23833333333333334
84665,0.5666666666666667
84666,0.34
84667,0.9383333333333332
84668,0.8150000000000001
84669,0.7333333333333333
84670,0.5816666666666667
84671,0.3983333333333333
84672,0.13166666666666665
84673,0.8266666666666667
84674,0.28833333333333333
84675,0.7716666666666667
84676,0.42999999999999994
84677,0.31
84678,0.605
84679,0.7449999999999999
84680,0.5583333333333333
84681,0.043333333333333335
84682,0.10666666666666667
84683,0.665
84684,0.20666666666666667
84685,0.008333333333333333
84686,0.5983333333333333
84687,0.36
84688,0.31666666666666665
84689,0.20666666666666667
84690,0.335
84691,0.051666666666666666
84692,0.09333333333333332
84693,0.06833333333333333
84694,0.245
84695,0.4166666666666667
84696,0.075
84697,0.285
84698,0.31833333333333336
84699,0.42166666666666663
84700,0.5033333333333333
84701,0.15333333333333335
84702,0.4
84703,0.2733333333333333
84704,0.5016666666666666
84705,0.37666666666666665
84706,0.04
84707,0.20333333333333334
84708,0.8516666666666668
84709,0.21666666666666667
84710,0.4116666666666666
84711,0.14666666666666667
84712,0.19666666666666668
84713,0.44666666666666666
84714,0.015
84715,0.08333333333333333
84716,0.7883333333333333
84717,0.3866666666666667
84718,0.2733333333333334
84719,0.2833333333333333
84720,0.6333333333333334
84721,0.005
84722,0.5783333333333334
84723,0.9483333333333333
84724,0.11666666666666667
84725,0.9183333333333334
84726,0.37166666666666665
84727,0.4866666666666667
84728,0.9099999999999999
84729,0.4816666666666667
84730,0.315
84731,0.19666666666666666
84732,0.385
84733,0.5083333333333333
84734,0.18166666666666667
84735,0.245
84736,0.26166666666666666
84737,0.9750000000000001
84738,0.20833333333333331
84739,0.42500000000000004
84740,0.6066666666666667
84741,0.15833333333333333
84742,0.355
84743,0.7333333333333333
84744,0.6533333333333333
84745,0.035
84746,0.013333333333333334
84747,0.20833333333333331
84748,0.02666666666666667
84749,0.94
84750,0.22333333333333333
84751,0.06833333333333333
84752,0.5033333333333334
84753,0.3416666666666667
84754,0.3333333333333333
84755,0.06833333333333334
84756,0.37
84757,0.17833333333333334
84758,0.6383333333333333
84759,0.3416666666666667
84760,0.5216666666666667
84761,0.31166666666666665
84762,0.615
84763,0.015
84764,0.6466666666666667
84765,0.265
84766,0.1683333333333333
84767,0.255
84768,0.2566666666666667
84769,0.355
84770,0.18666666666666665
84771,0.6066666666666667
84772,0.13
84773,0.31499999999999995
84774,0.22000000000000003
84775,0.2683333333333333
84776,0.7150000000000001
84777,0.33999999999999997
84778,0.2333333333333333
84779,0.9916666666666667
84780,0.14166666666666666
84781,0.9433333333333334
84782,0.8133333333333335
84783,0.6266666666666667
84784,0.62
84785,0.14166666666666666
84786,0.9449999999999998
84787,0.09166666666666666
84788,0.8866666666666667
84789,0.64
84790,0.36833333333333335
84791,0.9733333333333334
84792,0.19166666666666668
84793,0.595
84794,0.6516666666666667
84795,0.14333333333333334
84796,0.2683333333333333
84797,0.16666666666666666
84798,0.71
84799,0.08
84800,0.3983333333333333
84801,0.17666666666666667
84802,0.7216666666666667
84803,0.37166666666666665
84804,0.53
84805,0.2583333333333333
84806,0.29500000000000004
84807,0.3516666666666667
84808,0.4866666666666667
84809,0.22999999999999998
84810,0.5233333333333333
84811,0.995
84812,0.745
84813,0.3416666666666666
84814,0.8700000000000001
84815,0.9383333333333334
84816,0.7733333333333334
84817,0.03666666666666666
84818,0.5833333333333333
84819,0.43166666666666664
84820,0.42499999999999993
84821,0.11833333333333335
84822,0.33499999999999996
84823,0.3433333333333333
84824,0.02333333333333333
84825,0.18166666666666667
84826,0.6933333333333334
84827,0.61
84828,0.20500000000000002
84829,0.3383333333333333
84830,0.22999999999999998
84831,0.685
84832,0.19
84833,0.21833333333333335
84834,0.03333333333333333
84835,0.7916666666666667
84836,0.9583333333333333
84837,0.14500000000000002
84838,0.2033333333333333
84839,0.08833333333333335
84840,0.07833333333333334
84841,0.11166666666666666
84842,0.5316666666666666
84843,0.5083333333333333
84844,0.245
84845,0.47333333333333333
84846,0.36166666666666664
84847,0.23500000000000001
84848,0.058333333333333334
84849,0.5916666666666666
84850,0.25999999999999995
84851,0.13333333333333333
84852,0.5616666666666668
84853,0.6483333333333333
84854,0.04666666666666666
84855,0.7416666666666667
84856,0.115
84857,0.395
84858,0.2833333333333333
84859,0.6833333333333333
84860,0.16666666666666669
84861,0.36333333333333334
84862,0.685
84863,0.44833333333333336
84864,0.675
84865,0.7183333333333334
84866,0.25833333333333336
84867,0.2966666666666667
84868,0.3433333333333333
84869,0.6466666666666667
84870,0.03333333333333333
84871,0.13166666666666665
84872,0.4733333333333333
84873,0.21166666666666664
84874,0.33666666666666667
84875,0.6616666666666666
84876,0.7450000000000001
84877,0.67
84878,0.38666666666666666
84879,0.16666666666666666
84880,0.24166666666666667
84881,0.5616666666666666
84882,0.2016666666666667
84883,0.3883333333333333
84884,0.4
84885,0.03
84886,0.7433333333333334
84887,0.2683333333333333
84888,0.21333333333333332
84889,0.09999999999999999
84890,0.5816666666666667
84891,0.34
84892,0.6183333333333333
84893,0.6383333333333333
84894,0.025
84895,0.15833333333333333
84896,0.675
84897,0.7166666666666667
84898,0.27
84899,0.3466666666666667
84900,0.7583333333333333
84901,0.6916666666666667
84902,0.695
84903,0.21166666666666667
84904,0.2033333333333333
84905,0.20666666666666667
84906,0.6366666666666667
84907,0.20500000000000002
84908,0.04166666666666667
84909,0.5616666666666666
84910,0.5233333333333334
84911,0.925
84912,0.36666666666666664
84913,0.30166666666666664
84914,0.3466666666666667
84915,0.6283333333333333
84916,0.39
84917,0.42333333333333334
84918,0.275
84919,0.24666666666666665
84920,0.7666666666666666
84921,0.7466666666666666
84922,0.18
84923,0.3766666666666667
84924,0.4533333333333333
84925,0.4933333333333333
84926,0.925
84927,0.20166666666666666
84928,0.021666666666666667
84929,0.5116666666666667
84930,0.11499999999999999
84931,0.05500000000000001
84932,0.48833333333333334
84933,0.5716666666666667
84934,0.155
84935,0.39666666666666667
84936,0.28500000000000003
84937,0.32666666666666666
84938,0.030000000000000002
84939,0.14166666666666666
84940,0.04
84941,0.7366666666666666
84942,0.5316666666666667
84943,0.21000000000000002
84944,0.235
84945,0.2516666666666667
84946,0.7616666666666667
84947,0.44833333333333336
84948,0.13333333333333336
84949,0.265
84950,0.3
84951,0.27
84952,0.026666666666666665
84953,0.315
84954,0.3183333333333333
84955,0.058333333333333334
84956,0.13166666666666665
84957,0.6599999999999999
84958,0.195
84959,0.42166666666666663
84960,0.5666666666666667
84961,0.185
84962,0.31833333333333336
84963,0.25333333333333335
84964,0.15
84965,0.8066666666666668
84966,0.5966666666666667
84967,0.6733333333333333
84968,0.20666666666666667
84969,0.6916666666666667
84970,0.205
84971,0.31166666666666665
84972,0.525
84973,0.105
84974,0.013333333333333332
84975,0.19166666666666668
84976,0.30333333333333334
84977,0.39166666666666666
84978,0.325
84979,0.795
84980,0.185
84981,0.14
84982,0.76
84983,0.19166666666666665
84984,0.42999999999999994
84985,0.4833333333333333
84986,0.13
84987,0.3666666666666667
84988,0.44833333333333336
84989,0.11666666666666667
84990,0.505
84991,0.22499999999999998
84992,0.17833333333333332
84993,0.3966666666666667
84994,0.535
84995,0.6483333333333333
84996,0.039999999999999994
84997,0.15
84998,0.7749999999999999
84999,0.965
85000,0.54
85001,0.15166666666666667
85002,0.049999999999999996
85003,0.585
85004,0.3333333333333333
85005,0.27999999999999997
85006,0.3516666666666667
85007,0.9566666666666668
85008,0.6833333333333333
85009,0.08166666666666667
85010,0.46166666666666667
85011,0.4083333333333333
85012,0.18500000000000003
85013,0.028333333333333335
85014,0.3633333333333333
85015,0.32499999999999996
85016,0.6733333333333333
85017,0.23166666666666663
85018,0.05166666666666667
85019,0.37333333333333335
85020,0.6233333333333333
85021,0.008333333333333333
85022,0.21666666666666667
85023,0.45499999999999996
85024,0.44999999999999996
85025,0.295
85026,0.4883333333333333
85027,0.03333333333333333
85028,0.47333333333333333
85029,0.7949999999999999
85030,0.605
85031,0.15666666666666668
85032,0.16333333333333333
85033,0.185
85034,0.31833333333333336
85035,0.3183333333333333
85036,0.9366666666666666
85037,0.011666666666666667
85038,0.04666666666666667
85039,0.21833333333333332
85040,0.6833333333333333
85041,0.2633333333333333
85042,0.2366666666666667
85043,0.13666666666666666
85044,0.2833333333333333
85045,0.45999999999999996
85046,0.17
85047,0.18
85048,0.5449999999999999
85049,0.12
85050,0.30166666666666664
85051,0.6316666666666666
85052,0.05666666666666667
85053,0.056666666666666664
85054,0.3666666666666667
85055,0.6066666666666666
85056,0.4016666666666667
85057,0.14666666666666667
85058,0.41333333333333333
85059,0.62
85060,0.12666666666666668
85061,0.9466666666666665
85062,0.9466666666666665
85063,0.33666666666666667
85064,0.2683333333333333
85065,0.13666666666666666
85066,0.6583333333333333
85067,0.30666666666666664
85068,0.715
85069,0.5016666666666667
85070,0.27499999999999997
85071,0.7183333333333333
85072,0.38833333333333336
85073,0.35666666666666663
85074,0.11
85075,0.3233333333333333
85076,0.4783333333333333
85077,0.21666666666666667
85078,0.06333333333333332
85079,0.13333333333333333
85080,0.016666666666666666
85081,0.9766666666666666
85082,0.05
85083,0.15666666666666668
85084,0.5216666666666667
85085,0.5866666666666667
85086,0.31833333333333336
85087,0.5566666666666666
85088,0.27166666666666667
85089,0.11
85090,0.10333333333333335
85091,0.5650000000000001
85092,0.7833333333333333
85093,0.21333333333333332
85094,0.2733333333333333
85095,0.15166666666666667
85096,0.03
85097,0.22999999999999998
85098,0.8933333333333333
85099,0.43333333333333335
85100,0.3516666666666667
85101,0.185
85102,0.65
85103,0.5366666666666667
85104,0.8999999999999999
85105,0.11666666666666667
85106,0.7433333333333333
85107,0.8416666666666667
85108,0.3566666666666667
85109,0.075
85110,0.17833333333333334
85111,0.15
85112,0.145
85113,0.01
85114,0.049999999999999996
85115,0.34500000000000003
85116,0.66
85117,0.3633333333333333
85118,0.21166666666666667
85119,0.026666666666666665
85120,0.9299999999999999
85121,0.31333333333333335
85122,0.7066666666666667
85123,0.42666666666666664
85124,0.885
85125,0.58
85126,0.5733333333333334
85127,0.01
85128,0.7483333333333334
85129,0.2683333333333333
85130,0.5399999999999999
85131,0.20333333333333334
85132,0.19166666666666665
85133,0.2633333333333333
85134,0.09166666666666667
85135,0.26
85136,0.3966666666666666
85137,0.22333333333333333
85138,0.235
85139,0.31666666666666665
85140,0.265
85141,0.6416666666666667
85142,0.43499999999999994
85143,0.5333333333333333
85144,0.3483333333333334
85145,0.6983333333333334
85146,0.02
85147,0.23666666666666666
85148,0.19833333333333336
85149,0.42666666666666664
85150,0.2483333333333333
85151,0.575
85152,0.39999999999999997
85153,0.725
85154,0.94
85155,0.021666666666666667
85156,0.22
85157,0.36333333333333334
85158,0.9750000000000001
85159,0.015000000000000001
85160,0.4116666666666667
85161,0.32333333333333336
85162,0.7416666666666667
85163,0.3433333333333333
85164,0.5333333333333333
85165,0.2916666666666667
85166,0.5683333333333334
85167,0.17833333333333334
85168,0.23333333333333334
85169,0.6333333333333333
85170,0.9766666666666666
85171,0.3
85172,0.2816666666666666
85173,0.095
85174,0.8550000000000001
85175,0.10500000000000001
85176,0.32333333333333336
85177,0.735
85178,0.14500000000000002
85179,0.021666666666666667
85180,0.0
85181,0.013333333333333334
85182,0.3833333333333333
85183,0.315
85184,0.17
85185,0.11833333333333335
85186,0.40166666666666667
85187,0.5383333333333333
85188,0.8633333333333333
85189,0.6433333333333334
85190,0.285
85191,0.4066666666666667
85192,0.32
85193,0.9933333333333332
85194,0.4266666666666667
85195,0.07833333333333334
85196,0.09333333333333334
85197,0.27666666666666667
85198,0.20666666666666667
85199,0.645
85200,0.8483333333333333
85201,0.3416666666666667
85202,0.1816666666666667
85203,0.39499999999999996
85204,0.17
85205,0.73
85206,0.07833333333333334
85207,0.9133333333333333
85208,0.4083333333333333
85209,0.38499999999999995
85210,0.32333333333333336
85211,0.42333333333333334
85212,0.8683333333333333
85213,0.5716666666666668
85214,0.8316666666666668
85215,0.31333333333333335
85216,0.16333333333333333
85217,0.6083333333333333
85218,0.08666666666666667
85219,0.27
85220,0.18166666666666664
85221,0.7366666666666666
85222,0.2683333333333333
85223,0.6166666666666666
85224,0.7316666666666667
85225,0.555
85226,0.21833333333333332
85227,0.2866666666666667
85228,0.24
85229,0.03666666666666667
85230,0.375
85231,0.5933333333333334
85232,0.735
85233,0.26666666666666666
85234,0.39166666666666666
85235,0.315
85236,0.3566666666666667
85237,0.17666666666666667
85238,0.225
85239,0.11166666666666668
85240,0.9366666666666665
85241,0.8166666666666667
85242,0.8533333333333333
85243,0.22166666666666668
85244,0.21
85245,0.41666666666666663
85246,0.22666666666666668
85247,0.135
85248,0.3433333333333333
85249,0.7783333333333333
85250,0.285
85251,0.03333333333333333
85252,0.7566666666666666
85253,0.42999999999999994
85254,0.6483333333333333
85255,0.18333333333333335
85256,0.8083333333333333
85257,0.9166666666666667
85258,0.015000000000000001
85259,0.17666666666666667
85260,0.40666666666666673
85261,0.30833333333333335
85262,0.18333333333333332
85263,0.32333333333333336
85264,0.9199999999999999
85265,0.22166666666666668
85266,0.735
85267,0.31666666666666665
85268,0.55
85269,0.29
85270,0.11833333333333332
85271,0.18666666666666668
85272,0.9649999999999999
85273,0.22999999999999998
85274,0.6633333333333334
85275,0.5483333333333333
85276,0.3466666666666667
85277,0.3333333333333333
85278,0.2633333333333333
85279,0.42666666666666664
85280,0.20166666666666666
85281,0.3983333333333333
85282,0.7916666666666667
85283,0.8099999999999998
85284,0.65
85285,0.016666666666666666
85286,0.19666666666666666
85287,0.6116666666666667
85288,0.32666666666666666
85289,0.975
85290,0.5583333333333333
85291,0.27166666666666667
85292,0.575
85293,0.3233333333333333
85294,0.6033333333333333
85295,0.3516666666666667
85296,0.7516666666666666
85297,0.895
85298,0.9366666666666666
85299,0.21166666666666667
85300,0.5666666666666667
85301,0.041666666666666664
85302,0.0016666666666666668
85303,0.26
85304,0.21333333333333335
85305,0.32333333333333336
85306,0.55
85307,0.6216666666666666
85308,0.3333333333333333
85309,0.325
85310,0.7366666666666666
85311,0.16833333333333333
85312,0.6516666666666667
85313,0.5233333333333334
85314,0.295
85315,0.3933333333333333
85316,0.33499999999999996
85317,0.9633333333333333
85318,0.7233333333333333
85319,0.22
85320,0.535
85321,0.21166666666666667
85322,0.2716666666666666
85323,0.33166666666666667
85324,0.35
85325,0.32333333333333336
85326,0.09333333333333332
85327,0.14333333333333334
85328,0.8066666666666666
85329,0.29833333333333334
85330,0.034999999999999996
85331,0.18333333333333335
85332,0.5816666666666667
85333,0.13166666666666665
85334,0.35333333333333333
85335,0.15833333333333335
85336,0.3433333333333334
85337,0.2316666666666667
85338,0.5733333333333334
85339,0.9850000000000001
85340,0.5083333333333333
85341,0.335
85342,0.9916666666666666
85343,0.22666666666666668
85344,0.8033333333333335
85345,0.525
85346,0.65
85347,0.81
85348,0.1983333333333333
85349,0.13
85350,0.16666666666666666
85351,0.24666666666666665
85352,0.8099999999999999
85353,0.17666666666666667
85354,0.14
85355,0.11
85356,0.2033333333333333
85357,0.7083333333333334
85358,0.14166666666666666
85359,0.22333333333333333
85360,0.6866666666666666
85361,0.35333333333333333
85362,0.4883333333333333
85363,0.9016666666666666
85364,0.8966666666666667
85365,0.9566666666666666
85366,0.5316666666666667
85367,0.8016666666666666
85368,0.2316666666666667
85369,0.37
85370,0.3466666666666667
85371,0.11166666666666668
85372,0.6883333333333332
85373,0.6133333333333333
85374,0.08499999999999999
85375,0.10333333333333333
85376,0.3733333333333333
85377,0.155
85378,0.7416666666666666
85379,0.31333333333333335
85380,0.21833333333333332
85381,0.48833333333333334
85382,0.33333333333333337
85383,0.27166666666666667
85384,0.2533333333333333
85385,0.21
85386,0.36833333333333335
85387,0.07833333333333334
85388,0.11166666666666666
85389,0.23333333333333334
85390,0.19333333333333333
85391,0.26666666666666666
85392,0.5866666666666667
85393,0.14333333333333334
85394,0.2783333333333333
85395,0.28
85396,0.22999999999999998
85397,0.79
85398,0.47333333333333333
85399,0.6816666666666666
85400,0.4783333333333334
85401,0.27666666666666667
85402,0.29833333333333334
85403,0.6866666666666666
85404,0.0016666666666666668
85405,0.38
85406,0.6216666666666667
85407,0.6833333333333333
85408,0.43499999999999994
85409,0.435
85410,0.2633333333333333
85411,0.315
85412,0.77
85413,0.1716666666666667
85414,0.02666666666666667
85415,0.74
85416,0.18333333333333332
85417,0.42333333333333334
85418,0.5183333333333333
85419,0.18500000000000003
85420,0.9883333333333334
85421,0.7566666666666666
85422,0.33
85423,0.47
85424,0.6416666666666667
85425,0.04666666666666667
85426,0.7383333333333334
85427,0.62
85428,0.6533333333333333
85429,0.23333333333333334
85430,0.03666666666666667
85431,0.1
85432,0.5116666666666666
85433,0.23833333333333334
85434,0.4883333333333333
85435,0.03333333333333333
85436,0.5366666666666666
85437,0.9200000000000002
85438,0.12333333333333332
85439,0.6566666666666666
85440,0.40499999999999997
85441,0.3016666666666667
85442,0.19166666666666665
85443,0.1816666666666667
85444,0.9116666666666667
85445,0.9100000000000001
85446,0.5833333333333333
85447,0.25666666666666665
85448,0.22333333333333333
85449,0.18666666666666665
85450,0.35833333333333334
85451,0.6399999999999999
85452,0.7616666666666666
85453,0.67
85454,0.5283333333333333
85455,0.365
85456,0.3283333333333333
85457,0.19666666666666668
85458,0.23333333333333334
85459,0.17166666666666666
85460,0.395
85461,0.3316666666666666
85462,0.7633333333333332
85463,0.6766666666666666
85464,0.16999999999999998
85465,0.35
85466,0.5783333333333334
85467,0.4283333333333333
85468,0.9466666666666667
85469,0.705
85470,0.15666666666666668
85471,0.7566666666666666
85472,0.17166666666666663
85473,0.03333333333333333
85474,0.9516666666666667
85475,0.345
85476,0.2733333333333333
85477,0.16833333333333333
85478,0.6833333333333333
85479,0.6166666666666666
85480,0.6833333333333333
85481,0.07166666666666666
85482,0.2633333333333333
85483,0.06666666666666668
85484,0.6050000000000001
85485,0.03166666666666666
85486,0.7033333333333333
85487,0.55
85488,0.6516666666666666
85489,0.9216666666666666
85490,0.025
85491,0.2783333333333333
85492,0.17833333333333334
85493,0.5933333333333333
85494,0.021666666666666667
85495,0.4666666666666667
85496,0.01
85497,0.21833333333333332
85498,0.28833333333333333
85499,0.615
85500,0.14833333333333334
85501,0.10333333333333333
85502,0.19333333333333336
85503,0.2783333333333333
85504,0.2916666666666667
85505,0.5116666666666666
85506,0.10666666666666669
85507,0.18000000000000002
85508,0.7383333333333334
85509,0.15666666666666668
85510,0.5499999999999999
85511,0.008333333333333333
85512,0.04833333333333334
85513,0.595
85514,0.33666666666666667
85515,0.31666666666666665
85516,0.5916666666666666
85517,0.015
85518,0.7633333333333334
85519,0.43833333333333335
85520,0.9450000000000001
85521,0.965
85522,0.155
85523,0.2533333333333333
85524,0.3566666666666667
85525,0.7300000000000001
85526,0.22333333333333333
85527,0.185
85528,0.565
85529,0.5
85530,0.21
85531,0.45833333333333337
85532,0.018333333333333333
85533,0.35333333333333333
85534,0.25833333333333336
85535,0.6216666666666667
85536,0.13
85537,0.22833333333333333
85538,0.26666666666666666
85539,0.2583333333333333
85540,0.22833333333333333
85541,0.645
85542,0.15833333333333333
85543,0.31
85544,0.18
85545,0.32833333333333337
85546,0.7033333333333334
85547,0.185
85548,0.46
85549,0.058333333333333334
85550,0.28833333333333333
85551,0.62
85552,0.7133333333333334
85553,0.77
85554,0.21499999999999997
85555,0.6866666666666666
85556,0.4816666666666667
85557,0.8466666666666667
85558,0.14166666666666666
85559,0.4
85560,0.16
85561,0.4633333333333333
85562,0.5
85563,0.16166666666666665
85564,0.3733333333333333
85565,0.15166666666666667
85566,0.31666666666666665
85567,0.5633333333333334
85568,0.6566666666666667
85569,0.14166666666666666
85570,0.14500000000000002
85571,0.7933333333333333
85572,0.3616666666666667
85573,0.5183333333333333
85574,0.5983333333333334
85575,0.22333333333333333
85576,0.6933333333333334
85577,0.35
85578,0.7016666666666668
85579,0.6116666666666667
85580,0.03666666666666667
85581,0.4966666666666667
85582,0.22333333333333333
85583,0.16333333333333333
85584,0.23666666666666666
85585,0.02666666666666667
85586,0.8599999999999999
85587,0.018333333333333333
85588,0.6866666666666668
85589,0.3866666666666667
85590,0.6833333333333333
85591,0.9416666666666667
85592,0.13333333333333333
85593,0.3516666666666667
85594,0.27999999999999997
85595,0.35333333333333333
85596,0.7766666666666667
85597,0.02
85598,0.28833333333333333
85599,0.68
85600,0.245
85601,0.29
85602,0.5916666666666667
85603,0.21833333333333332
85604,0.6066666666666666
85605,0.15
85606,0.41166666666666674
85607,0.4033333333333333
85608,0.7216666666666667
85609,0.35
85610,0.33666666666666667
85611,0.27
85612,0.5233333333333333
85613,0.31
85614,0.006666666666666667
85615,0.3
85616,0.39166666666666666
85617,0.9316666666666666
85618,0.8383333333333334
85619,0.205
85620,0.22333333333333333
85621,0.10333333333333333
85622,0.105
85623,0.6483333333333333
85624,0.9283333333333333
85625,0.06
85626,0.37
85627,0.29833333333333334
85628,0.20833333333333334
85629,0.05333333333333334
85630,0.09833333333333334
85631,0.16999999999999998
85632,0.245
85633,0.11166666666666666
85634,0.3333333333333333
85635,0.21833333333333332
85636,0.9866666666666666
85637,0.11833333333333335
85638,0.15833333333333333
85639,0.9366666666666668
85640,0.028333333333333335
85641,0.2583333333333333
85642,0.043333333333333335
85643,0.26
85644,0.04666666666666667
85645,0.67
85646,0.7483333333333333
85647,0.42333333333333334
85648,0.9383333333333334
85649,0.815
85650,0.5216666666666666
85651,0.3666666666666667
85652,0.725
85653,0.02
85654,0.8783333333333334
85655,0.015
85656,0.4666666666666667
85657,0.11
85658,0.5983333333333334
85659,0.27499999999999997
85660,0.22666666666666668
85661,0.08166666666666668
85662,0.22999999999999998
85663,0.9683333333333333
85664,0.66
85665,0.5933333333333334
85666,0.6849999999999999
85667,0.20166666666666666
85668,0.4766666666666667
85669,0.205
85670,0.19499999999999998
85671,0.675
85672,0.28833333333333333
85673,0.7150000000000001
85674,0.36333333333333334
85675,0.12166666666666667
85676,0.6966666666666667
85677,0.5583333333333333
85678,0.8983333333333334
85679,0.33999999999999997
85680,0.7816666666666667
85681,0.305
85682,0.375
85683,0.25
85684,0.4033333333333333
85685,0.9450000000000001
85686,0.345
85687,0.9433333333333334
85688,0.07
85689,0.26166666666666666
85690,0.31833333333333336
85691,0.3666666666666667
85692,0.39166666666666666
85693,0.7166666666666666
85694,0.8500000000000001
85695,0.33166666666666667
85696,0.008333333333333333
85697,0.023333333333333334
85698,0.145
85699,0.565
85700,0.20166666666666666
85701,0.6799999999999999
85702,0.38666666666666666
85703,0.5033333333333334
85704,0.9166666666666667
85705,0.7683333333333333
85706,0.2733333333333333
85707,0.11666666666666667
85708,0.28833333333333333
85709,0.8516666666666666
85710,0.14333333333333334
85711,0.19
85712,0.6716666666666666
85713,0.4833333333333333
85714,0.23500000000000001
85715,0.7716666666666667
85716,0.6066666666666667
85717,0.8433333333333333
85718,0.165
85719,0.6533333333333333
85720,0.67
85721,0.57
85722,0.6083333333333334
85723,0.013333333333333334
85724,0.6683333333333333
85725,0.09833333333333333
85726,0.7116666666666667
85727,0.37666666666666665
85728,0.45499999999999996
85729,0.9383333333333332
85730,0.7083333333333334
85731,0.6050000000000001
85732,0.04666666666666666
85733,0.6166666666666667
85734,0.5866666666666667
85735,0.24000000000000002
85736,0.325
85737,0.355
85738,0.14333333333333334
85739,0.4116666666666666
85740,0.215
85741,0.7066666666666667
85742,0.5650000000000001
85743,0.2416666666666667
85744,0.16833333333333333
85745,0.54
85746,0.42000000000000004
85747,0.6816666666666666
85748,0.5616666666666666
85749,0.32166666666666666
85750,0.20333333333333334
85751,0.4666666666666667
85752,0.8366666666666667
85753,0.19166666666666668
85754,0.7033333333333334
85755,0.41666666666666663
85756,0.7666666666666666
85757,0.8383333333333334
85758,0.26666666666666666
85759,0.25333333333333335
85760,0.5449999999999999
85761,0.39666666666666667
85762,0.6283333333333333
85763,0.7233333333333334
85764,0.42666666666666664
85765,0.27499999999999997
85766,0.615
85767,0.11000000000000001
85768,0.30833333333333335
85769,0.03333333333333333
85770,0.165
85771,0.18666666666666668
85772,0.17166666666666666
85773,0.02333333333333333
85774,0.17666666666666667
85775,0.43833333333333335
85776,0.30666666666666664
85777,0.8366666666666667
85778,0.21000000000000002
85779,0.195
85780,0.245
85781,0.305
85782,0.485
85783,0.15833333333333333
85784,0.9166666666666667
85785,0.21333333333333332
85786,0.13166666666666668
85787,0.10333333333333333
85788,0.3766666666666667
85789,0.3666666666666667
85790,0.37833333333333335
85791,0.18833333333333332
85792,0.13833333333333334
85793,0.31333333333333335
85794,0.19
85795,0.6399999999999999
85796,0.19166666666666665
85797,0.5516666666666666
85798,0.36833333333333335
85799,0.535
85800,0.9316666666666666
85801,0.7816666666666667
85802,0.22666666666666666
85803,0.7983333333333333
85804,0.16333333333333333
85805,0.4866666666666667
85806,0.45999999999999996
85807,0.48
85808,0.485
85809,0.09666666666666666
85810,0.75
85811,0.7366666666666667
85812,0.34
85813,0.13333333333333333
85814,0.62
85815,0.24166666666666667
85816,0.545
85817,0.43333333333333335
85818,0.3
85819,0.22833333333333333
85820,0.3433333333333333
85821,0.08499999999999999
85822,0.7383333333333334
85823,0.018333333333333333
85824,0.013333333333333334
85825,0.03333333333333333
85826,0.8583333333333334
85827,0.18
85828,0.38666666666666666
85829,0.6416666666666666
85830,0.9566666666666666
85831,0.845
85832,0.38666666666666666
85833,0.27
85834,0.07833333333333334
85835,0.09166666666666667
85836,0.375
85837,0.8383333333333334
85838,0.18666666666666668
85839,0.28500000000000003
85840,0.98
85841,0.7333333333333334
85842,0.2033333333333333
85843,0.21500000000000002
85844,0.45833333333333337
85845,0.6966666666666667
85846,0.30833333333333335
85847,0.32
85848,0.7866666666666666
85849,0.005
85850,0.3166666666666667
85851,0.3583333333333333
85852,0.13999999999999999
85853,0.7866666666666667
85854,0.3016666666666667
85855,0.325
85856,0.65
85857,0.035
85858,0.6833333333333333
85859,0.11833333333333332
85860,0.31500000000000006
85861,0.27166666666666667
85862,0.6733333333333333
85863,0.175
85864,0.9383333333333332
85865,0.23333333333333334
85866,0.21666666666666667
85867,0.17500000000000002
85868,0.855
85869,0.12333333333333334
85870,0.275
85871,0.13666666666666666
85872,0.18833333333333332
85873,0.0016666666666666668
85874,0.475
85875,0.5966666666666667
85876,0.9116666666666666
85877,0.21833333333333332
85878,0.11333333333333331
85879,0.9299999999999999
85880,0.04166666666666667
85881,0.43500000000000005
85882,0.41
85883,0.10333333333333335
85884,0.22333333333333333
85885,0.27
85886,0.74
85887,0.8616666666666666
85888,0.155
85889,0.5366666666666666
85890,0.1
85891,0.27166666666666667
85892,0.22333333333333333
85893,0.5466666666666666
85894,0.8983333333333334
85895,0.31
85896,0.40499999999999997
85897,0.03333333333333333
85898,0.21166666666666664
85899,0.20500000000000002
85900,0.365
85901,0.4716666666666667
85902,0.45166666666666666
85903,0.515
85904,0.22833333333333333
85905,0.5966666666666667
85906,0.4666666666666667
85907,0.265
85908,0.145
85909,0.44
85910,0.11666666666666667
85911,0.16833333333333333
85912,0.4966666666666667
85913,0.925
85914,0.31666666666666665
85915,0.335
85916,0.3966666666666667
85917,0.23166666666666666
85918,0.135
85919,0.17833333333333334
85920,0.6699999999999999
85921,0.8483333333333332
85922,0.31833333333333336
85923,0.905
85924,0.9883333333333333
85925,0.7983333333333333
85926,0.07
85927,0.255
85928,0.3383333333333333
85929,0.31
85930,0.8433333333333334
85931,0.7483333333333333
85932,0.6816666666666666
85933,0.045
85934,0.11500000000000002
85935,0.54
85936,0.5483333333333333
85937,0.035
85938,0.06333333333333334
85939,0.6416666666666667
85940,0.20333333333333337
85941,0.5983333333333334
85942,0.18166666666666667
85943,0.12666666666666665
85944,0.16166666666666668
85945,0.355
85946,0.7583333333333333
85947,0.6816666666666666
85948,0.6150000000000001
85949,0.9116666666666666
85950,0.39499999999999996
85951,0.7899999999999999
85952,0.3983333333333333
85953,0.39999999999999997
85954,0.4033333333333333
85955,0.2366666666666667
85956,0.75
85957,0.5066666666666667
85958,0.4033333333333333
85959,0.145
85960,0.2866666666666666
85961,0.08166666666666667
85962,0.705
85963,0.3066666666666667
85964,0.018333333333333333
85965,0.145
85966,0.14333333333333334
85967,0.41833333333333333
85968,0.41833333333333333
85969,0.5533333333333333
85970,0.29333333333333333
85971,0.135
85972,0.24166666666666667
85973,0.20333333333333334
85974,0.19333333333333333
85975,0.6616666666666666
85976,0.5883333333333333
85977,0.19166666666666665
85978,0.18333333333333335
85979,0.015
85980,0.5633333333333334
85981,0.03
85982,0.74
85983,0.7133333333333334
85984,0.7683333333333333
85985,0.3466666666666667
85986,0.42
85987,0.3983333333333333
85988,0.2816666666666667
85989,0.7133333333333334
85990,0.7566666666666666
85991,0.7583333333333333
85992,0.6733333333333333
85993,0.8616666666666666
85994,0.09166666666666667
85995,0.495
85996,0.7366666666666668
85997,0.33
85998,0.595
85999,0.1933333333333333
86000,0.33166666666666667
86001,0.16166666666666665
86002,0.31
86003,0.14500000000000002
86004,0.3283333333333333
86005,0.5700000000000001
86006,0.075
86007,0.10666666666666667
86008,0.4666666666666667
86009,0.4983333333333333
86010,0.31666666666666665
86011,0.305
86012,0.08
86013,0.65
86014,0.7699999999999999
86015,0.2866666666666667
86016,0.26166666666666666
86017,0.11333333333333334
86018,0.28833333333333333
86019,0.21666666666666667
86020,0.12833333333333335
86021,0.6416666666666666
86022,0.08333333333333334
86023,0.6916666666666667
86024,0.03166666666666667
86025,0.008333333333333333
86026,0.4116666666666667
86027,0.09166666666666666
86028,0.125
86029,0.065
86030,0.11666666666666667
86031,0.5
86032,0.36166666666666664
86033,0.7883333333333333
86034,0.21333333333333332
86035,0.6783333333333333
86036,0.3783333333333333
86037,0.08833333333333333
86038,0.32166666666666666
86039,0.5366666666666666
86040,0.3516666666666667
86041,0.3383333333333333
86042,0.7133333333333334
86043,0.8099999999999999
86044,0.5016666666666667
86045,0.47
86046,0.058333333333333334
86047,0.19666666666666668
86048,0.04166666666666667
86049,0.4666666666666667
86050,0.19
86051,0.2316666666666667
86052,0.6033333333333334
86053,0.21833333333333332
86054,0.49833333333333335
86055,0.19666666666666666
86056,0.25166666666666665
86057,0.15666666666666668
86058,0.27666666666666667
86059,0.7816666666666667
86060,0.5833333333333333
86061,0.31
86062,0.5483333333333333
86063,0.10166666666666667
86064,0.29000000000000004
86065,0.22
86066,0.19166666666666665
86067,0.6316666666666666
86068,0.19166666666666665
86069,0.20166666666666666
86070,0.925
86071,0.16666666666666666
86072,0.2733333333333333
86073,0.2533333333333333
86074,0.21
86075,0.615
86076,0.22333333333333333
86077,0.04666666666666667
86078,0.585
86079,0.035
86080,0.17
86081,0.23166666666666666
86082,0.36833333333333335
86083,0.10999999999999999
86084,0.17666666666666667
86085,0.18833333333333332
86086,0.7683333333333333
86087,0.5566666666666668
86088,0.20166666666666666
86089,0.13333333333333333
86090,0.18666666666666668
86091,0.5366666666666666
86092,0.5266666666666667
86093,0.9233333333333333
86094,0.195
86095,0.31333333333333335
86096,0.4716666666666666
86097,0.645
86098,0.04666666666666666
86099,0.3683333333333334
86100,0.9033333333333333
86101,0.8166666666666667
86102,0.41333333333333333
86103,0.395
86104,0.21666666666666667
86105,0.5566666666666666
86106,0.21000000000000002
86107,0.15833333333333333
86108,0.38499999999999995
86109,0.3616666666666667
86110,0.525
86111,0.4883333333333334
86112,0.27666666666666667
86113,0.22499999999999998
86114,0.5483333333333333
86115,0.015000000000000001
86116,0.16999999999999998
86117,0.3683333333333333
86118,0.6333333333333333
86119,0.43333333333333335
86120,0.19499999999999998
86121,0.23833333333333334
86122,0.44833333333333336
86123,0.21666666666666665
86124,0.535
86125,0.255
86126,0.6283333333333333
86127,0.45666666666666667
86128,0.24666666666666665
86129,0.26666666666666666
86130,0.23833333333333334
86131,0.34500000000000003
86132,0.085
86133,0.11666666666666668
86134,0.058333333333333334
86135,0.5633333333333334
86136,0.17
86137,0.09333333333333335
86138,0.6333333333333333
86139,0.30333333333333334
86140,0.23333333333333334
86141,0.13666666666666666
86142,0.39
86143,0.6416666666666666
86144,0.8983333333333334
86145,0.013333333333333332
86146,0.6816666666666666
86147,0.21833333333333332
86148,0.36333333333333334
86149,0.14833333333333332
86150,0.2033333333333333
86151,0.41333333333333333
86152,0.3766666666666667
86153,0.25666666666666665
86154,0.058333333333333334
86155,0.44833333333333336
86156,0.22666666666666668
86157,0.6483333333333333
86158,0.2866666666666667
86159,0.175
86160,0.6683333333333333
86161,0.15833333333333333
86162,0.3833333333333333
86163,0.32999999999999996
86164,0.20500000000000002
86165,0.5616666666666668
86166,0.32833333333333337
86167,0.395
86168,0.25166666666666665
86169,0.13666666666666666
86170,0.10333333333333332
86171,0.6066666666666667
86172,0.058333333333333334
86173,0.33
86174,0.61
86175,0.9033333333333333
86176,0.30166666666666664
86177,0.9616666666666667
86178,0.045
86179,0.16666666666666666
86180,0.8233333333333333
86181,0.27
86182,0.19666666666666666
86183,0.2366666666666667
86184,0.45999999999999996
86185,0.275
86186,0.7383333333333333
86187,0.02666666666666667
86188,0.3333333333333333
86189,0.5700000000000001
86190,0.45666666666666667
86191,0.3333333333333333
86192,0.29500000000000004
86193,0.18833333333333335
86194,0.018333333333333333
86195,0.24833333333333335
86196,0.38166666666666665
86197,0.5866666666666667
86198,0.5333333333333333
86199,0.42666666666666664
86200,0.03833333333333334
86201,0.7233333333333334
86202,0.025
86203,0.26
86204,0.39666666666666667
86205,0.2866666666666666
86206,0.5
86207,0.255
86208,0.19
86209,0.22
86210,0.6166666666666667
86211,0.9383333333333332
86212,0.78
86213,0.5700000000000001
86214,0.19166666666666665
86215,0.14500000000000002
86216,0.44333333333333336
86217,0.9316666666666666
86218,0.5716666666666667
86219,0.19166666666666665
86220,0.135
86221,0.695
86222,0.5833333333333334
86223,0.7416666666666667
86224,0.018333333333333333
86225,0.3383333333333333
86226,0.6066666666666667
86227,0.5133333333333333
86228,0.9400000000000002
86229,0.16666666666666666
86230,0.25166666666666665
86231,0.2366666666666667
86232,0.2783333333333333
86233,0.045
86234,0.255
86235,0.18666666666666665
86236,0.7750000000000001
86237,0.02
86238,0.17833333333333334
86239,0.99
86240,0.7816666666666665
86241,0.885
86242,0.07666666666666667
86243,0.25833333333333336
86244,0.29333333333333333
86245,0.18166666666666664
86246,0.5416666666666666
86247,0.27666666666666667
86248,0.13333333333333333
86249,0.6133333333333333
86250,0.7433333333333333
86251,0.68
86252,0.53
86253,0.13
86254,0.27
86255,0.13666666666666666
86256,0.006666666666666667
86257,0.31666666666666665
86258,0.2033333333333333
86259,0.013333333333333334
86260,0.011666666666666667
86261,0.265
86262,0.74
86263,0.06666666666666667
86264,0.32
86265,0.01
86266,0.9249999999999999
86267,0.4033333333333333
86268,0.6666666666666666
86269,0.21500000000000002
86270,0.20500000000000002
86271,0.061666666666666675
86272,0.3633333333333333
86273,0.03333333333333333
86274,0.8500000000000001
86275,0.815
86276,0.395
86277,0.25
86278,0.021666666666666667
86279,0.2
86280,0.06333333333333334
86281,0.11500000000000002
86282,0.39166666666666666
86283,0.2866666666666667
86284,0.21833333333333332
86285,0.5166666666666666
86286,0.16333333333333333
86287,0.53
86288,0.5433333333333333
86289,0.24166666666666664
86290,0.475
86291,0.33333333333333337
86292,0.2583333333333333
86293,0.18
86294,0.665
86295,0.12
86296,0.79
86297,0.025
86298,0.21833333333333332
86299,0.4216666666666667
86300,0.5700000000000001
86301,0.23833333333333334
86302,0.7066666666666668
86303,0.5433333333333332
86304,0.28
86305,0.42833333333333334
86306,0.2866666666666667
86307,0.015
86308,0.11333333333333333
86309,0.065
86310,0.008333333333333333
86311,0.5166666666666667
86312,0.12333333333333334
86313,0.5616666666666666
86314,0.32
86315,0.6866666666666666
86316,0.7766666666666666
86317,0.45333333333333337
86318,0.17500000000000002
86319,0.011666666666666667
86320,0.7750000000000001
86321,0.023333333333333334
86322,0.7633333333333334
86323,0.8816666666666666
86324,0.17
86325,0.05666666666666667
86326,0.19
86327,0.4833333333333333
86328,0.4716666666666667
86329,0.15666666666666668
86330,0.2633333333333333
86331,0.16333333333333333
86332,0.015
86333,0.19
86334,0.25
86335,0.028333333333333335
86336,0.6333333333333333
86337,0.235
86338,0.3816666666666667
86339,0.35333333333333333
86340,0.6333333333333333
86341,0.3633333333333333
86342,0.6766666666666667
86343,0.22333333333333333
86344,0.39333333333333337
86345,0.30166666666666664
86346,0.3883333333333333
86347,0.17333333333333334
86348,0.13833333333333334
86349,0.6083333333333334
86350,0.235
86351,0.27666666666666667
86352,0.6883333333333334
86353,0.545
86354,0.8
86355,0.22166666666666668
86356,0.5283333333333333
86357,0.325
86358,0.2683333333333333
86359,0.61
86360,0.03333333333333333
86361,0.135
86362,0.023333333333333334
86363,0.36
86364,0.5866666666666667
86365,0.5216666666666667
86366,0.5633333333333334
86367,0.17333333333333334
86368,0.17833333333333334
86369,0.53
86370,0.725
86371,0.4733333333333333
86372,0.9466666666666668
86373,0.4483333333333333
86374,0.18666666666666668
86375,0.24
86376,0.32
86377,0.11333333333333334
86378,0.6716666666666666
86379,0.73
86380,0.31999999999999995
86381,0.6683333333333333
86382,0.9516666666666665
86383,0.14666666666666667
86384,0.52
86385,0.44
86386,0.7866666666666666
86387,0.20166666666666666
86388,0.19166666666666665
86389,0.6933333333333334
86390,0.635
86391,0.01
86392,0.63
86393,0.3866666666666667
86394,0.5683333333333334
86395,0.97
86396,0.6966666666666667
86397,0.17666666666666667
86398,0.25666666666666665
86399,0.5966666666666667
86400,0.33666666666666667
86401,0.18
86402,0.7183333333333333
86403,0.6716666666666666
86404,0.2816666666666666
86405,0.25
86406,0.21500000000000002
86407,0.29
86408,0.3833333333333333
86409,0.8966666666666667
86410,0.32166666666666666
86411,0.17500000000000002
86412,0.29833333333333334
86413,0.38
86414,0.6383333333333333
86415,0.7816666666666667
86416,0.755
86417,0.8783333333333334
86418,0.32
86419,0.31499999999999995
86420,0.5966666666666667
86421,0.9416666666666667
86422,0.5766666666666667
86423,0.16166666666666668
86424,0.675
86425,0.7033333333333334
86426,0.7933333333333333
86427,0.43
86428,0.2916666666666667
86429,0.16166666666666665
86430,0.13833333333333334
86431,0.335
86432,0.31166666666666665
86433,0.6799999999999999
86434,0.5499999999999999
86435,0.07166666666666666
86436,0.7349999999999999
86437,0.34833333333333333
86438,0.6766666666666666
86439,0.8816666666666666
86440,0.7616666666666667
86441,0.19166666666666668
86442,0.4083333333333333
86443,0.30333333333333334
86444,0.7050000000000001
86445,0.20833333333333334
86446,0.04166666666666667
86447,0.31
86448,0.73
86449,0.9833333333333334
86450,0.5233333333333333
86451,0.135
86452,0.6516666666666666
86453,0.026666666666666665
86454,0.20833333333333337
86455,0.22333333333333333
86456,0.2783333333333333
86457,0.7549999999999999
86458,0.43166666666666664
86459,0.155
86460,0.69
86461,0.20833333333333334
86462,0.33333333333333337
86463,0.24166666666666667
86464,0.31333333333333335
86465,0.6866666666666666
86466,0.565
86467,0.14
86468,0.02666666666666667
86469,0.14666666666666667
86470,0.7983333333333335
86471,0.47833333333333333
86472,0.8883333333333334
86473,0.6799999999999999
86474,0.5616666666666668
86475,0.485
86476,0.27666666666666667
86477,0.22666666666666666
86478,0.33333333333333337
86479,0.5516666666666666
86480,0.8499999999999999
86481,0.23833333333333329
86482,0.3116666666666667
86483,0.21333333333333332
86484,0.03833333333333333
86485,0.22666666666666668
86486,0.29000000000000004
86487,0.415
86488,0.21833333333333335
86489,0.01
86490,0.165
86491,0.39166666666666666
86492,0.16
86493,0.7633333333333333
86494,0.535
86495,0.3916666666666667
86496,0.505
86497,0.575
86498,0.9833333333333334
86499,0.31
86500,0.395
86501,0.35333333333333333
86502,0.33499999999999996
86503,0.03
86504,0.745
86505,0.32333333333333336
86506,0.9333333333333333
86507,0.023333333333333334
86508,0.41000000000000003
86509,0.29
86510,0.02
86511,0.41833333333333333
86512,0.255
86513,0.765
86514,0.06833333333333334
86515,0.11333333333333331
86516,0.7366666666666667
86517,0.17166666666666666
86518,0.9416666666666667
86519,0.11833333333333335
86520,0.11666666666666667
86521,0.6616666666666667
86522,0.9299999999999999
86523,0.885
86524,0.22166666666666668
86525,0.3016666666666667
86526,0.8966666666666666
86527,0.5599999999999999
86528,0.5466666666666666
86529,0.33166666666666667
86530,0.27666666666666667
86531,0.19166666666666665
86532,0.2833333333333333
86533,0.018333333333333333
86534,0.5149999999999999
86535,0.35500000000000004
86536,0.25333333333333335
86537,0.22666666666666668
86538,0.535
86539,0.4666666666666667
86540,0.255
86541,0.44000000000000006
86542,0.5499999999999999
86543,0.10333333333333333
86544,0.04666666666666667
86545,0.565
86546,0.31666666666666665
86547,0.5583333333333333
86548,0.645
86549,0.2583333333333333
86550,0.30833333333333335
86551,0.09833333333333333
86552,0.36833333333333335
86553,0.41
86554,0.7333333333333333
86555,0.10666666666666666
86556,0.34500000000000003
86557,0.27999999999999997
86558,0.9466666666666665
86559,0.19166666666666665
86560,0.42
86561,0.3416666666666667
86562,0.5583333333333333
86563,0.8816666666666668
86564,0.10333333333333333
86565,0.6833333333333333
86566,0.03166666666666666
86567,0.385
86568,0.4083333333333333
86569,0.3866666666666667
86570,0.27499999999999997
86571,0.3066666666666667
86572,0.45666666666666667
86573,0.13166666666666665
86574,0.565
86575,0.6116666666666667
86576,0.51
86577,0.20833333333333334
86578,0.7566666666666667
86579,0.45999999999999996
86580,0.7366666666666667
86581,0.71
86582,0.3983333333333333
86583,0.25
86584,0.11
86585,0.2333333333333333
86586,0.16833333333333333
86587,0.21666666666666667
86588,0.36833333333333335
86589,0.5316666666666667
86590,0.185
86591,0.29500000000000004
86592,0.58
86593,0.06
86594,0.27499999999999997
86595,0.16833333333333333
86596,0.2033333333333333
86597,0.22166666666666668
86598,0.6799999999999999
86599,0.19166666666666668
86600,0.22499999999999998
86601,0.5666666666666667
86602,0.8583333333333334
86603,0.15333333333333335
86604,0.2783333333333333
86605,0.25166666666666665
86606,0.6599999999999999
86607,0.10166666666666667
86608,0.061666666666666675
86609,0.5466666666666666
86610,0.08833333333333333
86611,0.555
86612,0.21499999999999997
86613,0.145
86614,0.36333333333333334
86615,0.006666666666666667
86616,0.14333333333333334
86617,0.6916666666666668
86618,0.5883333333333334
86619,0.33999999999999997
86620,0.2833333333333333
86621,0.30166666666666664
86622,0.5916666666666666
86623,0.205
86624,0.615
86625,0.041666666666666664
86626,0.38666666666666666
86627,0.2833333333333333
86628,0.21000000000000002
86629,0.08833333333333333
86630,0.155
86631,0.18333333333333335
86632,0.775
86633,0.3516666666666667
86634,0.6916666666666667
86635,0.35333333333333333
86636,0.33666666666666667
86637,0.4766666666666667
86638,0.7116666666666667
86639,0.195
86640,0.02666666666666667
86641,0.6150000000000001
86642,0.9383333333333334
86643,0.16333333333333333
86644,0.445
86645,0.3883333333333333
86646,0.03
86647,0.32666666666666666
86648,0.295
86649,0.08666666666666667
86650,0.20833333333333331
86651,0.6166666666666667
86652,0.29
86653,0.54
86654,0.6233333333333333
86655,0.625
86656,0.16999999999999998
86657,0.3533333333333333
86658,0.29
86659,0.18666666666666665
86660,0.6566666666666667
86661,0.32499999999999996
86662,0.5916666666666667
86663,0.22999999999999998
86664,0.5833333333333334
86665,0.27999999999999997
86666,0.9166666666666667
86667,0.575
86668,0.22166666666666668
86669,0.14
86670,0.11666666666666667
86671,0.43
86672,0.13333333333333333
86673,0.10166666666666666
86674,0.34833333333333333
86675,0.33666666666666667
86676,0.33
86677,0.44499999999999995
86678,0.44333333333333336
86679,0.11166666666666666
86680,0.55
86681,0.25833333333333336
86682,0.33666666666666667
86683,0.31166666666666665
86684,0.2816666666666667
86685,0.22833333333333333
86686,0.24333333333333335
86687,0.35333333333333333
86688,0.8366666666666667
86689,0.10666666666666666
86690,0.255
86691,0.13666666666666666
86692,0.555
86693,0.9066666666666667
86694,0.24166666666666667
86695,0.4966666666666667
86696,0.3816666666666667
86697,0.6216666666666667
86698,0.013333333333333332
86699,0.31666666666666665
86700,0.061666666666666675
86701,0.8033333333333333
86702,0.6633333333333333
86703,0.05
86704,0.09000000000000001
86705,0.7733333333333333
86706,0.125
86707,0.9016666666666666
86708,0.21000000000000002
86709,0.03333333333333333
86710,0.20666666666666667
86711,0.19
86712,0.6983333333333334
86713,0.18166666666666667
86714,0.57
86715,0.5283333333333333
86716,0.7616666666666667
86717,0.65
86718,0.5016666666666667
86719,0.6783333333333333
86720,0.6983333333333333
86721,0.175
86722,0.06833333333333333
86723,0.16333333333333333
86724,0.45166666666666666
86725,0.45833333333333337
86726,0.5
86727,0.3083333333333333
86728,0.475
86729,0.305
86730,0.32166666666666666
86731,0.051666666666666666
86732,0.6066666666666667
86733,0.12333333333333334
86734,0.39499999999999996
86735,0.8783333333333333
86736,0.9099999999999999
86737,0.16666666666666666
86738,0.13166666666666668
86739,0.16333333333333333
86740,0.5166666666666667
86741,0.2783333333333333
86742,0.10333333333333333
86743,0.3366666666666666
86744,0.6016666666666667
86745,0.425
86746,0.28
86747,0.21833333333333332
86748,0.6166666666666667
86749,0.8133333333333334
86750,0.10833333333333334
86751,0.6950000000000001
86752,0.33166666666666667
86753,0.69
86754,0.3233333333333333
86755,0.3466666666666667
86756,0.65
86757,0.9466666666666668
86758,0.43
86759,0.4266666666666667
86760,0.08333333333333333
86761,0.5816666666666667
86762,0.39499999999999996
86763,0.26666666666666666
86764,0.3516666666666667
86765,0.7583333333333333
86766,0.7966666666666666
86767,0.105
86768,0.02333333333333333
86769,0.9483333333333333
86770,0.9766666666666666
86771,0.24
86772,0.6
86773,0.615
86774,0.034999999999999996
86775,0.5933333333333333
86776,0.7266666666666667
86777,0.6966666666666667
86778,0.12166666666666667
86779,0.3016666666666667
86780,0.14833333333333332
86781,0.4066666666666666
86782,0.22999999999999998
86783,0.065
86784,0.3566666666666667
86785,0.59
86786,0.9566666666666668
86787,0.62
86788,0.37
86789,0.6933333333333334
86790,0.74
86791,0.28
86792,0.26666666666666666
86793,0.72
86794,0.2533333333333333
86795,0.5483333333333335
86796,0.7383333333333333
86797,0.7116666666666667
86798,0.5466666666666666
86799,0.8533333333333333
86800,0.5166666666666666
86801,0.13
86802,0.14
86803,0.051666666666666666
86804,0.02
86805,0.3983333333333333
86806,0.40499999999999997
86807,0.10833333333333332
86808,0.6633333333333333
86809,0.26166666666666666
86810,0.5283333333333333
86811,0.5533333333333333
86812,0.6966666666666667
86813,0.305
86814,0.3966666666666667
86815,0.6
86816,0.28833333333333333
86817,0.27
86818,0.31
86819,0.7283333333333333
86820,0.12166666666666667
86821,0.9199999999999999
86822,0.36166666666666664
86823,0.35833333333333334
86824,0.5116666666666667
86825,0.51
86826,0.4383333333333333
86827,0.2866666666666667
86828,0.285
86829,0.38833333333333336
86830,0.26666666666666666
86831,0.24333333333333335
86832,0.013333333333333332
86833,0.4716666666666667
86834,0.39666666666666667
86835,0.006666666666666667
86836,0.695
86837,0.5750000000000001
86838,0.145
86839,0.10833333333333334
86840,0.515
86841,0.16333333333333333
86842,0.45
86843,0.4116666666666667
86844,0.9016666666666666
86845,0.051666666666666666
86846,0.44999999999999996
86847,0.3766666666666667
86848,0.18833333333333335
86849,0.44166666666666665
86850,0.3116666666666667
86851,0.9266666666666666
86852,0.25666666666666665
86853,0.8266666666666667
86854,0.14333333333333334
86855,0.855
86856,0.20833333333333334
86857,0.2966666666666667
86858,0.22166666666666662
86859,0.6966666666666667
86860,0.125
86861,0.03166666666666667
86862,0.505
86863,0.22
86864,0.5016666666666667
86865,0.7016666666666668
86866,0.375
86867,0.6900000000000001
86868,0.6716666666666667
86869,0.20500000000000002
86870,0.645
86871,0.05333333333333334
86872,0.62
86873,0.6316666666666666
86874,0.02666666666666667
86875,0.7083333333333334
86876,0.22666666666666666
86877,0.8166666666666667
86878,0.705
86879,0.24666666666666665
86880,0.7166666666666667
86881,0.2566666666666667
86882,0.15166666666666667
86883,0.39166666666666666
86884,0.7066666666666667
86885,0.026666666666666665
86886,0.205
86887,0.005
86888,0.22000000000000003
86889,0.625
86890,0.7066666666666667
86891,0.07333333333333333
86892,0.5283333333333333
86893,0.125
86894,0.060000000000000005
86895,0.31333333333333335
86896,0.11166666666666666
86897,0.14500000000000002
86898,0.8033333333333333
86899,0.6233333333333333
86900,0.24833333333333335
86901,0.11000000000000001
86902,0.42333333333333334
86903,0.33166666666666667
86904,0.7266666666666667
86905,0.20666666666666667
86906,0.545
86907,0.31333333333333335
86908,0.2533333333333333
86909,0.17
86910,0.385
86911,0.29333333333333333
86912,0.195
86913,0.31666666666666665
86914,0.19
86915,0.18333333333333335
86916,0.13
86917,0.9183333333333333
86918,0.17500000000000002
86919,0.6383333333333333
86920,0.3116666666666667
86921,0.255
86922,0.7250000000000001
86923,0.7966666666666666
86924,0.24833333333333335
86925,0.38166666666666665
86926,0.745
86927,0.18
86928,0.02333333333333333
86929,0.36
86930,0.8766666666666667
86931,0.56
86932,0.855
86933,0.805
86934,0.6966666666666667
86935,0.22999999999999998
86936,0.09666666666666665
86937,0.6616666666666666
86938,0.3666666666666667
86939,0.22833333333333333
86940,0.275
86941,0.575
86942,0.07
86943,0.15833333333333333
86944,0.21333333333333332
86945,0.175
86946,0.18000000000000002
86947,0.38166666666666665
86948,0.018333333333333333
86949,0.745
86950,0.051666666666666666
86951,0.45499999999999996
86952,0.9283333333333333
86953,0.585
86954,0.3683333333333333
86955,0.97
86956,0.305
86957,0.29333333333333333
86958,0.225
86959,0.20666666666666664
86960,0.27166666666666667
86961,0.09
86962,0.9166666666666665
86963,0.016666666666666666
86964,0.425
86965,0.22833333333333333
86966,0.09833333333333333
86967,0.5833333333333334
86968,0.9133333333333333
86969,0.9650000000000001
86970,0.6066666666666667
86971,0.14166666666666666
86972,0.3466666666666667
86973,0.185
86974,0.9266666666666666
86975,0.5733333333333333
86976,0.6366666666666666
86977,0.20333333333333334
86978,0.1983333333333333
86979,0.5166666666666667
86980,0.6483333333333333
86981,0.27
86982,0.3666666666666667
86983,0.28833333333333333
86984,0.7866666666666666
86985,0.18
86986,0.6566666666666667
86987,0.78
86988,0.7550000000000001
86989,0.41000000000000003
86990,0.8450000000000001
86991,0.365
86992,0.2733333333333333
86993,0.7666666666666666
86994,0.35
86995,0.3883333333333333
86996,0.25166666666666665
86997,0.01
86998,0.9750000000000001
86999,0.05
87000,0.63
87001,0.99
87002,0.4783333333333333
87003,0.20833333333333331
87004,0.35333333333333333
87005,0.3783333333333333
87006,0.185
87007,0.7716666666666666
87008,0.5133333333333333
87009,0.34833333333333333
87010,0.415
87011,0.47833333333333333
87012,0.4616666666666666
87013,0.30333333333333334
87014,0.18166666666666664
87015,0.22666666666666666
87016,0.32666666666666666
87017,0.28
87018,0.058333333333333334
87019,0.26666666666666666
87020,0.395
87021,0.2383333333333333
87022,0.2866666666666666
87023,0.61
87024,0.3616666666666667
87025,0.3616666666666667
87026,0.38666666666666666
87027,0.6283333333333333
87028,0.26166666666666666
87029,0.21500000000000002
87030,0.043333333333333335
87031,0.33166666666666667
87032,0.365
87033,0.07500000000000001
87034,0.27666666666666667
87035,0.19333333333333336
87036,0.3716666666666667
87037,0.26499999999999996
87038,0.043333333333333335
87039,0.7849999999999999
87040,0.16499999999999998
87041,0.31500000000000006
87042,0.32666666666666666
87043,0.8899999999999999
87044,0.305
87045,0.32666666666666666
87046,0.275
87047,0.9450000000000001
87048,0.7266666666666666
87049,0.46
87050,0.33999999999999997
87051,0.555
87052,0.7600000000000001
87053,0.20833333333333331
87054,0.505
87055,0.7016666666666667
87056,0.2783333333333333
87057,0.17833333333333332
87058,0.4916666666666667
87059,0.7183333333333333
87060,0.2616666666666666
87061,0.31833333333333336
87062,0.255
87063,0.16666666666666669
87064,0.8983333333333334
87065,0.21833333333333332
87066,0.23833333333333334
87067,0.21666666666666667
87068,0.2733333333333333
87069,0.21833333333333335
87070,0.31
87071,0.8516666666666667
87072,0.295
87073,0.6033333333333334
87074,0.12166666666666666
87075,0.07166666666666667
87076,0.4683333333333333
87077,0.6033333333333333
87078,0.4966666666666667
87079,0.5766666666666667
87080,0.7883333333333332
87081,0.36000000000000004
87082,0.26833333333333337
87083,0.15500000000000003
87084,0.9266666666666666
87085,0.14166666666666666
87086,0.13666666666666666
87087,0.14166666666666666
87088,0.28833333333333333
87089,0.6366666666666667
87090,0.08666666666666667
87091,0.2116666666666667
87092,0.62
87093,0.5216666666666666
87094,0.45999999999999996
87095,0.185
87096,0.5483333333333333
87097,0.27499999999999997
87098,0.20166666666666666
87099,0.48666666666666664
87100,0.2366666666666667
87101,0.6383333333333333
87102,0.3533333333333333
87103,0.15833333333333333
87104,0.41
87105,0.02
87106,0.6333333333333334
87107,0.3
87108,0.6716666666666666
87109,0.27
87110,0.67
87111,0.20333333333333337
87112,0.635
87113,0.2833333333333333
87114,0.3283333333333333
87115,0.8150000000000002
87116,0.7250000000000001
87117,0.18166666666666664
87118,0.36333333333333334
87119,0.18666666666666668
87120,0.24333333333333332
87121,0.14500000000000002
87122,0.4816666666666667
87123,0.46833333333333327
87124,0.7866666666666667
87125,0.3766666666666667
87126,0.2633333333333333
87127,0.72
87128,0.5833333333333334
87129,0.30833333333333335
87130,0.07666666666666666
87131,0.008333333333333333
87132,0.6633333333333333
87133,0.7833333333333332
87134,0.3983333333333333
87135,0.6583333333333333
87136,0.2533333333333333
87137,0.5866666666666667
87138,0.6316666666666667
87139,0.585
87140,0.845
87141,0.49333333333333335
87142,0.475
87143,0.37333333333333335
87144,0.29333333333333333
87145,0.44333333333333336
87146,0.6533333333333333
87147,0.27166666666666667
87148,0.9016666666666666
87149,0.925
87150,0.42000000000000004
87151,0.04333333333333333
87152,0.06166666666666667
87153,0.3566666666666667
87154,0.5683333333333334
87155,0.35833333333333334
87156,0.345
87157,0.495
87158,0.5950000000000001
87159,0.31666666666666665
87160,0.013333333333333332
87161,0.23333333333333334
87162,0.57
87163,0.565
87164,0.375
87165,0.2733333333333333
87166,0.21833333333333332
87167,0.4833333333333333
87168,0.345
87169,0.8933333333333333
87170,0.35833333333333334
87171,0.78
87172,0.35333333333333333
87173,0.3333333333333333
87174,0.42000000000000004
87175,0.7283333333333333
87176,0.7250000000000001
87177,0.11666666666666667
87178,0.6083333333333334
87179,0.33166666666666667
87180,0.36
87181,0.215
87182,0.3466666666666667
87183,0.29000000000000004
87184,0.03666666666666667
87185,0.31166666666666665
87186,0.9183333333333334
87187,0.12000000000000001
87188,0.21833333333333332
87189,0.5883333333333334
87190,0.29
87191,0.19166666666666665
87192,0.6599999999999999
87193,0.04
87194,0.8900000000000001
87195,0.04166666666666667
87196,0.9716666666666667
87197,0.6283333333333333
87198,0.5283333333333333
87199,0.8516666666666666
87200,0.16
87201,0.32666666666666666
87202,0.625
87203,0.10833333333333334
87204,0.86
87205,0.6416666666666666
87206,0.22499999999999998
87207,0.6416666666666666
87208,0.21500000000000002
87209,0.4983333333333333
87210,0.21833333333333332
87211,0.385
87212,0.13833333333333334
87213,0.33166666666666667
87214,0.17333333333333334
87215,0.15
87216,0.11166666666666666
87217,0.605
87218,0.445
87219,0.44999999999999996
87220,0.30000000000000004
87221,0.1
87222,0.3333333333333333
87223,0.045
87224,0.21166666666666667
87225,0.035
87226,0.375
87227,0.275
87228,0.23333333333333334
87229,0.3916666666666667
87230,0.36666666666666664
87231,0.3333333333333333
87232,0.20500000000000002
87233,0.13
87234,0.6366666666666667
87235,0.1366666666666667
87236,0.5833333333333333
87237,0.9766666666666667
87238,0.5733333333333334
87239,0.008333333333333333
87240,0.5583333333333333
87241,0.12333333333333335
87242,0.26666666666666666
87243,0.24666666666666667
87244,0.04
87245,0.04833333333333333
87246,0.43333333333333335
87247,0.7200000000000001
87248,0.3616666666666667
87249,0.8316666666666666
87250,0.33333333333333337
87251,0.3416666666666666
87252,0.3516666666666667
87253,0.3
87254,0.43833333333333335
87255,0.23333333333333334
87256,0.9183333333333333
87257,0.20500000000000002
87258,0.9633333333333334
87259,0.12333333333333335
87260,0.3333333333333333
87261,0.8483333333333334
87262,0.4033333333333333
87263,0.7933333333333334
87264,0.33166666666666667
87265,0.22666666666666668
87266,0.03
87267,0.8783333333333334
87268,0.5916666666666667
87269,0.4866666666666667
87270,0.74
87271,0.9683333333333333
87272,0.15333333333333332
87273,0.17
87274,0.27666666666666667
87275,0.27
87276,0.2833333333333333
87277,0.5750000000000001
87278,0.29833333333333334
87279,0.9450000000000001
87280,0.5549999999999999
87281,0.31
87282,0.4116666666666666
87283,0.03166666666666666
87284,0.14666666666666667
87285,0.8333333333333335
87286,0.17
87287,0.99
87288,0.6283333333333333
87289,0.5116666666666667
87290,0.45666666666666667
87291,0.5616666666666668
87292,0.29833333333333334
87293,0.3466666666666667
87294,0.715
87295,0.5700000000000001
87296,0.4966666666666667
87297,0.6416666666666666
87298,0.6516666666666666
87299,0.385
87300,0.7699999999999999
87301,0.46
87302,0.6383333333333333
87303,0.14833333333333334
87304,0.36333333333333334
87305,0.33666666666666667
87306,0.5916666666666667
87307,0.6266666666666667
87308,0.22333333333333333
87309,0.71
87310,0.2916666666666667
87311,0.7116666666666667
87312,0.30666666666666664
87313,0.8666666666666667
87314,0.31666666666666665
87315,0.5883333333333334
87316,0.7216666666666667
87317,0.23666666666666664
87318,0.8033333333333333
87319,0.8466666666666667
87320,0.07333333333333333
87321,0.2833333333333333
87322,0.16499999999999998
87323,0.25
87324,0.03333333333333333
87325,0.05666666666666667
87326,0.37
87327,0.6583333333333333
87328,0.32
87329,0.6583333333333333
87330,0.53
87331,0.3783333333333333
87332,0.19
87333,0.17833333333333334
87334,0.3766666666666667
87335,0.15666666666666668
87336,0.3466666666666667
87337,0.9216666666666666
87338,0.9516666666666667
87339,0.4716666666666667
87340,0.375
87341,0.4666666666666667
87342,0.39666666666666667
87343,0.15
87344,0.33999999999999997
87345,0.043333333333333335
87346,0.7133333333333334
87347,0.15
87348,0.4666666666666667
87349,0.51
87350,0.24833333333333335
87351,0.995
87352,0.4316666666666667
87353,0.685
87354,0.6233333333333333
87355,0.505
87356,0.4683333333333334
87357,0.028333333333333335
87358,0.23833333333333334
87359,0.495
87360,0.965
87361,0.2733333333333333
87362,0.28833333333333333
87363,0.056666666666666664
87364,0.545
87365,0.3933333333333333
87366,0.8983333333333334
87367,0.8966666666666666
87368,0.2783333333333333
87369,0.44
87370,0.7849999999999999
87371,0.745
87372,0.21833333333333332
87373,0.655
87374,0.3566666666666667
87375,0.8049999999999999
87376,0.13999999999999999
87377,0.5833333333333334
87378,0.5016666666666667
87379,0.17833333333333332
87380,0.165
87381,0.42333333333333334
87382,0.25666666666666665
87383,0.7766666666666666
87384,0.6966666666666668
87385,0.14166666666666666
87386,0.22833333333333333
87387,0.53
87388,0.008333333333333333
87389,0.9616666666666667
87390,0.7
87391,0.125
87392,0.285
87393,0.24166666666666667
87394,0.11666666666666667
87395,0.6166666666666666
87396,0.125
87397,0.015
87398,0.21833333333333332
87399,0.3783333333333333
87400,0.3683333333333333
87401,0.04
87402,0.7616666666666666
87403,0.17
87404,0.27
87405,0.595
87406,0.6166666666666667
87407,0.20666666666666667
87408,0.4716666666666667
87409,0.3933333333333333
87410,0.165
87411,0.21833333333333332
87412,0.28833333333333333
87413,0.98
87414,0.34500000000000003
87415,0.5133333333333333
87416,0.4916666666666667
87417,0.3233333333333333
87418,0.6083333333333333
87419,0.5083333333333333
87420,0.19166666666666665
87421,0.43333333333333335
87422,0.095
87423,0.8
87424,0.24
87425,0.3516666666666666
87426,0.19833333333333333
87427,0.04
87428,0.9316666666666666
87429,0.775
87430,0.35
87431,0.265
87432,0.3666666666666667
87433,0.24166666666666664
87434,0.2716666666666666
87435,0.3816666666666667
87436,0.255
87437,0.205
87438,0.24166666666666667
87439,0.14666666666666667
87440,0.8116666666666668
87441,0.425
87442,0.6083333333333333
87443,0.9433333333333334
87444,0.41666666666666663
87445,0.7116666666666667
87446,0.31333333333333335
87447,0.045
87448,0.6366666666666667
87449,0.515
87450,0.345
87451,0.2816666666666667
87452,0.5033333333333333
87453,0.12333333333333332
87454,0.14333333333333334
87455,0.5416666666666667
87456,0.6066666666666667
87457,0.7283333333333333
87458,0.28
87459,0.5966666666666667
87460,0.30833333333333335
87461,0.2366666666666667
87462,0.3916666666666667
87463,0.6916666666666667
87464,0.7083333333333334
87465,0.25166666666666665
87466,0.19999999999999998
87467,0.17166666666666666
87468,0.5666666666666667
87469,0.53
87470,0.56
87471,0.8683333333333334
87472,0.4016666666666666
87473,0.16333333333333333
87474,0.35000000000000003
87475,0.675
87476,0.034999999999999996
87477,0.13833333333333334
87478,0.26166666666666666
87479,0.295
87480,0.22833333333333333
87481,0.24333333333333335
87482,0.09166666666666667
87483,0.33
87484,0.5116666666666667
87485,0.57
87486,0.3883333333333333
87487,0.9716666666666667
87488,0.5399999999999999
87489,0.9933333333333332
87490,0.6
87491,0.19
87492,0.7216666666666667
87493,0.3433333333333334
87494,0.17333333333333334
87495,0.63
87496,0.5283333333333333
87497,0.4866666666666667
87498,0.35833333333333334
87499,0.028333333333333335
87500,0.355
87501,0.33000000000000007
87502,0.39666666666666667
87503,0.08
87504,0.11833333333333335
87505,0.75
87506,0.445
87507,0.27499999999999997
87508,0.22999999999999998
87509,0.3283333333333333
87510,0.815
87511,0.4083333333333333
87512,0.9099999999999999
87513,0.16166666666666668
87514,0.49
87515,0.4116666666666666
87516,0.9433333333333334
87517,0.03666666666666667
87518,0.04666666666666667
87519,0.07333333333333333
87520,0.2966666666666667
87521,0.44666666666666666
87522,0.745
87523,0.19833333333333333
87524,0.9600000000000001
87525,0.32
87526,0.7949999999999999
87527,0.8216666666666667
87528,0.7366666666666667
87529,0.7083333333333333
87530,0.73
87531,0.41
87532,0.2866666666666667
87533,0.32
87534,0.19499999999999998
87535,0.023333333333333334
87536,0.013333333333333334
87537,0.72
87538,0.7416666666666667
87539,0.01
87540,0.16499999999999998
87541,0.9116666666666666
87542,0.12666666666666665
87543,0.5366666666666667
87544,0.28500000000000003
87545,0.31166666666666665
87546,0.7116666666666667
87547,0.045
87548,0.21000000000000002
87549,0.006666666666666667
87550,0.4716666666666667
87551,0.14333333333333334
87552,0.025
87553,0.03833333333333333
87554,0.2816666666666667
87555,0.11333333333333333
87556,0.025
87557,0.7816666666666667
87558,0.9083333333333334
87559,0.9233333333333333
87560,0.5533333333333333
87561,0.5733333333333334
87562,0.7233333333333333
87563,0.725
87564,0.18666666666666668
87565,0.01
87566,0.8200000000000001
87567,0.2783333333333333
87568,0.65
87569,0.77
87570,0.8816666666666666
87571,0.45666666666666667
87572,0.045
87573,0.6033333333333333
87574,0.7433333333333334
87575,0.5599999999999999
87576,0.4016666666666666
87577,0.12666666666666668
87578,0.46166666666666667
87579,0.9016666666666666
87580,0.6616666666666667
87581,0.06833333333333333
87582,0.5783333333333334
87583,0.2733333333333333
87584,0.41333333333333333
87585,0.2533333333333333
87586,0.19000000000000003
87587,0.016666666666666666
87588,0.24
87589,0.42333333333333334
87590,0.03666666666666667
87591,0.20333333333333334
87592,0.2783333333333333
87593,0.18333333333333332
87594,0.5966666666666667
87595,0.31
87596,0.42833333333333334
87597,0.11833333333333332
87598,0.30333333333333334
87599,0.025
87600,0.8366666666666667
87601,0.0033333333333333335
87602,0.006666666666666667
87603,0.8383333333333334
87604,0.28500000000000003
87605,0.29333333333333333
87606,0.6116666666666667
87607,0.905
87608,0.07
87609,0.6916666666666667
87610,0.75
87611,0.28500000000000003
87612,0.37166666666666665
87613,0.9116666666666668
87614,0.21166666666666667
87615,0.2
87616,0.7716666666666667
87617,0.18666666666666668
87618,0.26999999999999996
87619,0.8200000000000001
87620,0.3233333333333333
87621,0.19666666666666668
87622,0.49
87623,0.18666666666666668
87624,0.2983333333333333
87625,0.14333333333333334
87626,0.32
87627,0.02
87628,0.7433333333333334
87629,0.065
87630,0.13999999999999999
87631,0.21500000000000002
87632,0.09333333333333332
87633,0.28833333333333333
87634,0.14833333333333334
87635,0.19166666666666665
87636,0.6133333333333333
87637,0.81
87638,0.9566666666666666
87639,0.4016666666666666
87640,0.425
87641,0.10666666666666669
87642,0.905
87643,0.7783333333333333
87644,0.16666666666666666
87645,0.5866666666666667
87646,0.34
87647,0.5700000000000001
87648,0.9516666666666667
87649,0.7516666666666666
87650,0.018333333333333333
87651,0.16166666666666668
87652,0.12166666666666667
87653,0.3333333333333333
87654,0.08833333333333333
87655,0.1433333333333333
87656,0.17166666666666663
87657,0.25666666666666665
87658,0.3666666666666667
87659,0.11
87660,0.5233333333333333
87661,0.12
87662,0.6383333333333334
87663,0.3033333333333333
87664,0.3233333333333333
87665,0.5033333333333333
87666,0.185
87667,0.24833333333333335
87668,0.3416666666666667
87669,0.3633333333333334
87670,0.33666666666666667
87671,0.41000000000000003
87672,0.39
87673,0.435
87674,0.018333333333333333
87675,0.6699999999999999
87676,0.21166666666666667
87677,0.006666666666666667
87678,0.21666666666666665
87679,0.08333333333333334
87680,0.7516666666666667
87681,0.3333333333333333
87682,0.4033333333333334
87683,0.013333333333333332
87684,0.14333333333333334
87685,0.15666666666666668
87686,0.4016666666666666
87687,0.17333333333333334
87688,0.17166666666666666
87689,0.5
87690,0.4083333333333333
87691,0.058333333333333334
87692,0.575
87693,0.44
87694,0.335
87695,0.32833333333333337
87696,0.72
87697,0.16166666666666665
87698,0.39
87699,0.6616666666666666
87700,0.16333333333333333
87701,0.605
87702,0.09166666666666667
87703,0.325
87704,0.22666666666666663
87705,0.39999999999999997
87706,0.28500000000000003
87707,0.41666666666666663
87708,0.14166666666666666
87709,0.34
87710,0.07333333333333333
87711,0.19333333333333336
87712,0.245
87713,0.6833333333333333
87714,0.235
87715,0.7433333333333333
87716,0.26499999999999996
87717,0.028333333333333335
87718,0.8049999999999999
87719,0.18833333333333332
87720,0.44500000000000006
87721,0.5233333333333333
87722,0.6716666666666666
87723,0.1366666666666667
87724,0.7466666666666666
87725,0.43833333333333335
87726,0.06666666666666668
87727,0.45333333333333337
87728,0.27999999999999997
87729,0.011666666666666667
87730,0.6516666666666666
87731,0.27166666666666667
87732,0.6683333333333333
87733,0.02
87734,0.445
87735,0.006666666666666667
87736,0.34833333333333333
87737,0.7766666666666667
87738,0.4533333333333333
87739,0.21333333333333335
87740,0.6483333333333333
87741,0.03666666666666667
87742,0.2
87743,0.28833333333333333
87744,0.03166666666666667
87745,0.35333333333333333
87746,0.065
87747,0.023333333333333334
87748,0.695
87749,0.125
87750,0.22999999999999998
87751,0.26833333333333337
87752,0.18166666666666667
87753,0.1633333333333333
87754,0.026666666666666665
87755,0.3983333333333333
87756,0.3133333333333333
87757,0.5516666666666666
87758,0.19666666666666666
87759,0.385
87760,0.5216666666666667
87761,0.2833333333333333
87762,0.8183333333333334
87763,0.32
87764,0.35333333333333333
87765,0.5716666666666667
87766,0.1866666666666667
87767,0.0033333333333333335
87768,0.685
87769,0.16166666666666668
87770,0.6766666666666666
87771,0.8700000000000001
87772,0.5816666666666667
87773,0.18833333333333335
87774,0.635
87775,0.6366666666666666
87776,0.7266666666666666
87777,0.31333333333333335
87778,0.7016666666666667
87779,0.03166666666666667
87780,0.3966666666666667
87781,0.06666666666666667
87782,0.24000000000000005
87783,0.2583333333333333
87784,0.2766666666666666
87785,0.08833333333333335
87786,0.37
87787,0.5483333333333333
87788,0.3666666666666667
87789,0.7533333333333333
87790,0.5466666666666666
87791,0.4149999999999999
87792,0.495
87793,0.195
87794,0.35000000000000003
87795,0.325
87796,0.15833333333333333
87797,0.31333333333333335
87798,0.5133333333333333
87799,0.4
87800,0.05
87801,0.44499999999999995
87802,0.3716666666666667
87803,0.64
87804,0.19333333333333333
87805,0.015
87806,0.3383333333333333
87807,0.25333333333333335
87808,0.34500000000000003
87809,0.33166666666666667
87810,0.23666666666666664
87811,0.01
87812,0.7566666666666667
87813,0.44166666666666665
87814,0.07333333333333333
87815,0.25666666666666665
87816,0.9783333333333333
87817,0.018333333333333333
87818,0.355
87819,0.245
87820,0.28
87821,0.7166666666666667
87822,0.015
87823,0.2683333333333333
87824,0.19666666666666666
87825,0.9666666666666667
87826,0.775
87827,0.425
87828,0.05
87829,0.21
87830,0.17833333333333334
87831,0.845
87832,0.26
87833,0.17666666666666667
87834,0.46166666666666667
87835,0.016666666666666666
87836,0.5466666666666666
87837,0.3916666666666666
87838,0.645
87839,0.3433333333333334
87840,0.885
87841,0.2583333333333333
87842,0.25166666666666665
87843,0.47
87844,0.155
87845,0.14333333333333334
87846,0.07833333333333334
87847,0.23166666666666666
87848,0.14166666666666666
87849,0.9883333333333333
87850,0.7266666666666666
87851,0.4583333333333333
87852,0.6866666666666668
87853,0.19666666666666668
87854,0.635
87855,0.02
87856,0.6116666666666667
87857,0.36166666666666664
87858,0.015000000000000001
87859,0.7466666666666667
87860,0.008333333333333333
87861,0.30833333333333335
87862,0.03166666666666667
87863,0.29500000000000004
87864,0.605
87865,0.07166666666666666
87866,0.31666666666666665
87867,0.23
87868,0.4683333333333334
87869,0.21000000000000002
87870,0.9066666666666667
87871,0.34
87872,0.18
87873,0.6116666666666667
87874,0.2316666666666667
87875,0.79
87876,0.25
87877,0.3333333333333333
87878,0.3633333333333333
87879,0.6283333333333334
87880,0.585
87881,0.30333333333333334
87882,0.17500000000000002
87883,0.4083333333333333
87884,0.7416666666666667
87885,0.16333333333333333
87886,0.23833333333333334
87887,0.43833333333333335
87888,0.5066666666666666
87889,0.155
87890,0.7733333333333332
87891,0.155
87892,0.2016666666666667
87893,0.33499999999999996
87894,0.09666666666666668
87895,0.9733333333333334
87896,0.3
87897,0.22999999999999998
87898,0.4983333333333333
87899,0.33166666666666667
87900,0.2783333333333333
87901,0.3783333333333333
87902,0.04166666666666667
87903,0.10833333333333334
87904,0.13333333333333333
87905,0.3416666666666666
87906,0.435
87907,0.8966666666666665
87908,0.18666666666666665
87909,0.23666666666666666
87910,0.845
87911,0.17166666666666666
87912,0.6316666666666667
87913,0.11666666666666667
87914,0.7083333333333333
87915,0.9383333333333332
87916,0.05
87917,0.5349999999999999
87918,0.08166666666666667
87919,0.3616666666666667
87920,0.33666666666666667
87921,0.015000000000000001
87922,0.2683333333333333
87923,0.385
87924,0.275
87925,0.7150000000000001
87926,0.7949999999999999
87927,0.6416666666666667
87928,0.71
87929,0.2916666666666667
87930,0.7933333333333333
87931,0.39333333333333337
87932,0.22333333333333333
87933,0.9533333333333334
87934,0.18333333333333335
87935,0.2066666666666667
87936,0.18833333333333335
87937,0.17666666666666667
87938,0.7749999999999999
87939,0.045
87940,0.21666666666666665
87941,0.775
87942,0.15666666666666668
87943,0.3783333333333333
87944,0.245
87945,0.04
87946,0.021666666666666667
87947,0.4116666666666666
87948,0.21166666666666667
87949,0.6916666666666667
87950,0.9316666666666666
87951,0.49
87952,0.4716666666666667
87953,0.255
87954,0.33166666666666667
87955,0.7166666666666667
87956,0.175
87957,0.41333333333333333
87958,0.7949999999999999
87959,0.2816666666666667
87960,0.03166666666666667
87961,0.29500000000000004
87962,0.14833333333333334
87963,0.2466666666666667
87964,0.5966666666666666
87965,0.0033333333333333335
87966,0.061666666666666675
87967,0.021666666666666667
87968,0.12166666666666667
87969,0.03333333333333333
87970,0.7133333333333334
87971,0.3683333333333333
87972,0.023333333333333334
87973,0.81
87974,0.7949999999999999
87975,0.385
87976,0.3766666666666667
87977,0.27666666666666667
87978,0.16833333333333333
87979,0.755
87980,0.5166666666666666
87981,0.125
87982,0.015
87983,0.28500000000000003
87984,0.14666666666666667
87985,0.22499999999999998
87986,0.12666666666666668
87987,0.07666666666666666
87988,0.026666666666666665
87989,0.3883333333333333
87990,0.45166666666666666
87991,0.37
87992,0.155
87993,0.22499999999999998
87994,0.6283333333333334
87995,0.215
87996,0.38166666666666665
87997,0.1433333333333333
87998,0.575
87999,0.085
88000,0.175
88001,0.056666666666666664
88002,0.8766666666666667
88003,0.5750000000000001
88004,0.5483333333333333
88005,0.05500000000000001
88006,0.3516666666666666
88007,0.37666666666666665
88008,0.305
88009,0.27666666666666667
88010,0.27666666666666667
88011,0.36333333333333334
88012,0.7150000000000001
88013,0.6683333333333333
88014,0.4866666666666667
88015,0.7666666666666667
88016,0.29833333333333334
88017,0.9133333333333333
88018,0.18166666666666664
88019,0.96
88020,0.7716666666666667
88021,0.36
88022,0.3516666666666667
88023,0.13666666666666666
88024,0.54
88025,0.43166666666666664
88026,0.32333333333333336
88027,0.6916666666666667
88028,0.525
88029,0.24166666666666667
88030,0.035
88031,0.021666666666666667
88032,0.12666666666666665
88033,0.1
88034,0.8666666666666667
88035,0.13
88036,0.6316666666666667
88037,0.43833333333333335
88038,0.013333333333333334
88039,0.18666666666666668
88040,0.5066666666666667
88041,0.015
88042,0.7666666666666666
88043,0.24333333333333335
88044,0.235
88045,0.16166666666666665
88046,0.3316666666666666
88047,0.9216666666666666
88048,0.21166666666666667
88049,0.27666666666666667
88050,0.09333333333333332
88051,0.20833333333333334
88052,0.7916666666666667
88053,0.018333333333333333
88054,0.6966666666666667
88055,0.62
88056,0.7949999999999999
88057,0.5116666666666667
88058,0.5233333333333333
88059,0.26666666666666666
88060,0.6716666666666666
88061,0.53
88062,0.7166666666666667
88063,0.3783333333333333
88064,0.405
88065,0.14666666666666667
88066,0.44333333333333336
88067,0.855
88068,0.29333333333333333
88069,0.6799999999999999
88070,0.655
88071,0.5616666666666668
88072,0.5
88073,0.6166666666666667
88074,0.2983333333333333
88075,0.3
88076,0.28833333333333333
88077,0.19333333333333333
88078,0.03
88079,0.6566666666666667
88080,0.10666666666666666
88081,0.25333333333333335
88082,0.008333333333333333
88083,0.22666666666666668
88084,0.5933333333333334
88085,0.6333333333333333
88086,0.20333333333333334
88087,0.7183333333333334
88088,0.8766666666666667
88089,0.18
88090,0.21333333333333337
88091,0.03333333333333333
88092,0.29666666666666663
88093,0.011666666666666667
88094,0.25
88095,0.016666666666666666
88096,0.645
88097,0.22166666666666668
88098,0.3016666666666667
88099,0.40499999999999997
88100,0.13
88101,0.37833333333333335
88102,0.5083333333333334
88103,0.385
88104,0.06
88105,0.04833333333333334
88106,0.4533333333333333
88107,0.39
88108,0.09166666666666666
88109,0.31
88110,0.22833333333333333
88111,0.22333333333333333
88112,0.2916666666666667
88113,0.10833333333333334
88114,0.7283333333333334
88115,0.6599999999999999
88116,0.14166666666666666
88117,0.4966666666666667
88118,0.25
88119,0.63
88120,0.35000000000000003
88121,0.36
88122,0.5783333333333334
88123,0.3483333333333334
88124,0.09333333333333332
88125,0.21499999999999997
88126,0.43166666666666664
88127,0.9566666666666666
88128,0.26666666666666666
88129,0.3816666666666667
88130,0.3333333333333333
88131,0.16
88132,0.75
88133,0.7016666666666668
88134,0.005
88135,0.16333333333333333
88136,0.25166666666666665
88137,0.1366666666666667
88138,0.2683333333333333
88139,0.43166666666666664
88140,0.05666666666666667
88141,0.48833333333333334
88142,0.4716666666666667
88143,0.77
88144,0.7583333333333333
88145,0.5133333333333333
88146,0.405
88147,0.06
88148,0.45166666666666666
88149,0.08333333333333334
88150,0.41000000000000003
88151,0.5950000000000001
88152,0.19
88153,0.215
88154,0.68
88155,0.5583333333333333
88156,0.29833333333333334
88157,0.21000000000000002
88158,0.485
88159,0.9466666666666668
88160,0.62
88161,0.9066666666666667
88162,0.07333333333333333
88163,0.6333333333333333
88164,0.7016666666666667
88165,0.4016666666666666
88166,0.19
88167,0.08499999999999999
88168,0.13166666666666665
88169,0.12333333333333334
88170,0.29666666666666663
88171,0.24000000000000002
88172,0.29000000000000004
88173,0.22
88174,0.12333333333333334
88175,0.16666666666666669
88176,0.7033333333333334
88177,0.039999999999999994
88178,0.3516666666666666
88179,0.18166666666666667
88180,0.17333333333333334
88181,0.5466666666666666
88182,0.4683333333333333
88183,0.15333333333333335
88184,0.27666666666666667
88185,0.675
88186,0.6533333333333333
88187,0.3883333333333333
88188,0.08666666666666667
88189,0.5416666666666666
88190,0.2816666666666667
88191,0.7683333333333333
88192,0.255
88193,0.09833333333333333
88194,0.016666666666666666
88195,0.6583333333333334
88196,0.26166666666666666
88197,0.035
88198,0.815
88199,0.7416666666666667
88200,0.635
88201,0.245
88202,0.6433333333333334
88203,0.295
88204,0.8266666666666667
88205,0.25833333333333336
88206,0.5033333333333333
88207,0.9649999999999999
88208,0.11
88209,0.9633333333333334
88210,0.25
88211,0.505
88212,0.9333333333333332
88213,0.9366666666666666
88214,0.555
88215,0.9833333333333333
88216,0.28833333333333333
88217,0.9533333333333334
88218,0.09000000000000001
88219,0.20999999999999996
88220,0.37333333333333335
88221,0.30166666666666664
88222,0.18666666666666668
88223,0.45666666666666667
88224,0.21000000000000002
88225,0.17833333333333332
88226,0.3716666666666667
88227,0.3733333333333333
88228,0.195
88229,0.6066666666666667
88230,0.24666666666666667
88231,0.9083333333333334
88232,0.525
88233,0.29500000000000004
88234,0.6633333333333333
88235,0.7133333333333333
88236,0.15166666666666667
88237,0.31
88238,0.21333333333333332
88239,0.06333333333333334
88240,0.9433333333333334
88241,0.6516666666666667
88242,0.30333333333333334
88243,0.2533333333333333
88244,0.48333333333333334
88245,0.22333333333333333
88246,0.19
88247,0.9933333333333334
88248,0.24666666666666665
88249,0.9166666666666667
88250,0.15999999999999998
88251,0.07
88252,0.36333333333333334
88253,0.4716666666666667
88254,0.5783333333333334
88255,0.025
88256,0.4966666666666667
88257,0.595
88258,0.15
88259,0.2733333333333333
88260,0.13333333333333333
88261,0.38
88262,0.6583333333333334
88263,0.021666666666666667
88264,0.03833333333333333
88265,0.305
88266,0.285
88267,0.19166666666666668
88268,0.03833333333333333
88269,0.1733333333333333
88270,0.6133333333333333
88271,0.925
88272,0.4083333333333333
88273,0.7783333333333333
88274,0.9450000000000001
88275,0.5883333333333333
88276,0.5333333333333333
88277,0.19166666666666668
88278,0.4833333333333334
88279,0.09833333333333333
88280,0.1983333333333333
88281,0.5633333333333334
88282,0.02666666666666667
88283,0.18333333333333332
88284,0.03833333333333333
88285,0.11666666666666667
88286,0.5366666666666667
88287,0.9866666666666666
88288,0.835
88289,0.6433333333333333
88290,0.7383333333333334
88291,0.245
88292,0.056666666666666664
88293,0.7599999999999999
88294,0.9416666666666667
88295,0.1716666666666667
88296,0.1983333333333333
88297,0.96
88298,0.3733333333333333
88299,0.1983333333333333
88300,0.2816666666666667
88301,0.7416666666666667
88302,0.7616666666666667
88303,0.6716666666666666
88304,0.12833333333333335
88305,0.245
88306,0.8133333333333335
88307,0.09333333333333334
88308,0.17166666666666666
88309,0.4583333333333333
88310,0.445
88311,0.33999999999999997
88312,0.67
88313,0.32166666666666666
88314,0.19166666666666665
88315,0.20333333333333337
88316,0.6383333333333333
88317,0.4016666666666666
88318,0.05333333333333334
88319,0.3433333333333334
88320,0.335
88321,0.12000000000000001
88322,0.2866666666666667
88323,0.5466666666666667
88324,0.23
88325,0.27
88326,0.06166666666666666
88327,0.3833333333333333
88328,0.2566666666666667
88329,0.235
88330,0.255
88331,0.025
88332,0.235
88333,0.17
88334,0.24333333333333332
88335,0.10333333333333333
88336,0.265
88337,0.5866666666666667
88338,0.185
88339,0.20833333333333331
88340,0.14833333333333334
88341,0.6666666666666666
88342,0.8116666666666668
88343,0.005
88344,0.7516666666666666
88345,0.22999999999999998
88346,0.7466666666666667
88347,0.33499999999999996
88348,0.165
88349,0.9266666666666667
88350,0.17333333333333334
88351,0.05
88352,0.3816666666666666
88353,0.28
88354,0.24833333333333335
88355,0.3633333333333334
88356,0.06
88357,0.9549999999999998
88358,0.6916666666666667
88359,0.26
88360,0.26666666666666666
88361,0.19333333333333336
88362,0.19833333333333333
88363,0.4883333333333334
88364,0.021666666666666667
88365,0.32
88366,0.21333333333333332
88367,0.17833333333333332
88368,0.02666666666666667
88369,0.685
88370,0.27
88371,0.14666666666666667
88372,0.25333333333333335
88373,0.12666666666666668
88374,0.06833333333333333
88375,0.38
88376,0.03666666666666667
88377,0.475
88378,0.17833333333333334
88379,0.305
88380,0.8366666666666667
88381,0.04666666666666667
88382,0.72
88383,0.20166666666666666
88384,0.9733333333333334
88385,0.9299999999999999
88386,0.19666666666666668
88387,0.32833333333333337
88388,0.4483333333333333
88389,0.9466666666666668
88390,0.07
88391,0.6916666666666667
88392,0.4916666666666667
88393,0.5983333333333333
88394,0.22166666666666668
88395,0.17333333333333334
88396,0.43000000000000005
88397,0.5416666666666667
88398,0.7333333333333334
88399,0.3566666666666667
88400,0.8083333333333333
88401,0.20666666666666667
88402,0.29166666666666663
88403,0.021666666666666667
88404,0.24
88405,0.1366666666666667
88406,0.04666666666666666
88407,0.5883333333333333
88408,0.9783333333333333
88409,0.5616666666666668
88410,0.45499999999999996
88411,0.03166666666666667
88412,0.735
88413,0.6716666666666666
88414,0.12166666666666667
88415,0.61
88416,0.015
88417,0.43499999999999994
88418,0.18166666666666664
88419,0.565
88420,0.12166666666666667
88421,0.355
88422,0.29833333333333334
88423,0.215
88424,0.18833333333333335
88425,0.06666666666666667
88426,0.625
88427,0.056666666666666664
88428,0.11166666666666666
88429,0.11833333333333335
88430,0.6516666666666667
88431,0.31833333333333336
88432,0.011666666666666667
88433,0.5533333333333333
88434,0.22666666666666668
88435,0.6466666666666667
88436,0.41833333333333333
88437,0.03166666666666667
88438,0.31833333333333336
88439,0.315
88440,0.2583333333333333
88441,0.31166666666666665
88442,0.18
88443,0.13
88444,0.8233333333333334
88445,0.14166666666666666
88446,0.41333333333333333
88447,0.9183333333333334
88448,0.6083333333333333
88449,0.5
88450,0.6866666666666668
88451,0.5883333333333333
88452,0.5533333333333332
88453,0.3183333333333333
88454,0.085
88455,0.475
88456,0.6066666666666667
88457,0.36333333333333334
88458,0.095
88459,0.9
88460,0.9616666666666667
88461,0.195
88462,0.36833333333333335
88463,0.07
88464,0.058333333333333334
88465,0.018333333333333333
88466,0.215
88467,0.7883333333333333
88468,0.45166666666666666
88469,0.04833333333333333
88470,0.37166666666666665
88471,0.27
88472,0.5833333333333334
88473,0.2316666666666667
88474,0.7933333333333332
88475,0.655
88476,0.5616666666666666
88477,0.4883333333333333
88478,0.13166666666666668
88479,0.5383333333333334
88480,0.6849999999999999
88481,0.06166666666666667
88482,0.021666666666666667
88483,0.05499999999999999
88484,0.56
88485,0.6166666666666667
88486,0.2683333333333333
88487,0.2866666666666666
88488,0.015
88489,0.455
88490,0.185
88491,0.07333333333333333
88492,0.22833333333333333
88493,0.25666666666666665
88494,0.3416666666666667
88495,0.10500000000000001
88496,0.9583333333333333
88497,0.105
88498,0.03333333333333333
88499,0.41999999999999993
88500,0.39
88501,0.125
88502,0.22666666666666666
88503,0.29333333333333333
88504,0.22333333333333333
88505,0.3633333333333333
88506,0.14833333333333332
88507,0.99
88508,0.73
88509,0.47
88510,0.9683333333333333
88511,0.22333333333333333
88512,0.22666666666666666
88513,0.33166666666666667
88514,0.5266666666666667
88515,0.2033333333333333
88516,0.03333333333333333
88517,0.5166666666666667
88518,0.5900000000000001
88519,0.035
88520,0.3533333333333334
88521,0.7966666666666666
88522,0.4883333333333333
88523,0.37333333333333335
88524,0.3416666666666667
88525,0.8416666666666667
88526,0.23833333333333334
88527,0.23333333333333334
88528,0.19833333333333336
88529,0.09166666666666667
88530,0.40166666666666667
88531,0.23333333333333334
88532,0.23
88533,0.325
88534,0.12333333333333332
88535,0.13
88536,0.25166666666666665
88537,0.28
88538,0.4916666666666667
88539,0.16
88540,0.24333333333333335
88541,0.7583333333333333
88542,0.265
88543,0.8366666666666667
88544,0.33999999999999997
88545,0.29000000000000004
88546,0.7433333333333334
88547,0.29
88548,0.27166666666666667
88549,0.24166666666666667
88550,0.135
88551,0.7683333333333333
88552,0.725
88553,0.61
88554,0.48333333333333334
88555,0.5233333333333333
88556,0.4883333333333333
88557,0.75
88558,0.7883333333333333
88559,0.345
88560,0.4933333333333333
88561,0.30666666666666664
88562,0.058333333333333334
88563,0.7633333333333333
88564,0.7316666666666667
88565,0.5083333333333333
88566,0.14333333333333334
88567,0.6033333333333333
88568,0.8916666666666666
88569,0.5549999999999999
88570,0.5766666666666667
88571,0.9016666666666666
88572,0.22333333333333333
88573,0.25
88574,0.26999999999999996
88575,0.505
88576,0.205
88577,0.23666666666666666
88578,0.6383333333333333
88579,0.20333333333333334
88580,0.6766666666666667
88581,0.02
88582,0.6616666666666666
88583,0.6983333333333333
88584,0.13333333333333333
88585,0.5433333333333333
88586,0.35
88587,0.4216666666666667
88588,0.34500000000000003
88589,0.21
88590,0.20166666666666666
88591,0.095
88592,0.016666666666666666
88593,0.22833333333333333
88594,0.33333333333333337
88595,0.008333333333333333
88596,0.21166666666666667
88597,0.24333333333333332
88598,0.16666666666666669
88599,0.05666666666666667
88600,0.23166666666666666
88601,0.38
88602,0.14166666666666666
88603,0.36
88604,0.05333333333333334
88605,0.44000000000000006
88606,0.2833333333333333
88607,0.9416666666666667
88608,0.7266666666666666
88609,0.11166666666666666
88610,0.67
88611,0.21166666666666667
88612,0.021666666666666667
88613,0.17833333333333334
88614,0.6216666666666667
88615,0.10666666666666669
88616,0.9066666666666667
88617,0.5066666666666666
88618,0.016666666666666666
88619,0.16333333333333333
88620,0.3666666666666667
88621,0.06
88622,0.4033333333333333
88623,0.41333333333333333
88624,0.38666666666666666
88625,0.25
88626,0.25666666666666665
88627,0.9583333333333335
88628,0.875
88629,0.2966666666666667
88630,0.34
88631,0.3766666666666667
88632,0.33666666666666667
88633,0.6233333333333334
88634,0.31166666666666665
88635,0.07666666666666666
88636,0.01
88637,0.03333333333333333
88638,0.17333333333333334
88639,0.36333333333333334
88640,0.2016666666666667
88641,0.3533333333333334
88642,0.37
88643,0.15
88644,0.15666666666666668
88645,0.8966666666666667
88646,0.27499999999999997
88647,0.7316666666666667
88648,0.2416666666666667
88649,0.12666666666666668
88650,0.37666666666666665
88651,0.17166666666666663
88652,0.5783333333333334
88653,0.125
88654,0.185
88655,0.32166666666666666
88656,0.5466666666666666
88657,0.23333333333333334
88658,0.32666666666666666
88659,0.675
88660,0.405
88661,0.3233333333333333
88662,0.61
88663,0.625
88664,0.5333333333333333
88665,0.023333333333333334
88666,0.2733333333333334
88667,0.05
88668,0.14500000000000002
88669,0.165
88670,0.36
88671,0.11500000000000002
88672,0.23833333333333334
88673,0.3666666666666667
88674,0.33333333333333337
88675,0.3733333333333333
88676,0.3383333333333333
88677,0.36
88678,0.8266666666666667
88679,0.17666666666666664
88680,0.2016666666666667
88681,0.16666666666666666
88682,0.6433333333333333
88683,0.20666666666666667
88684,0.7666666666666666
88685,0.9433333333333334
88686,0.5416666666666666
88687,0.39166666666666666
88688,0.3466666666666666
88689,0.2683333333333333
88690,0.8866666666666667
88691,0.2066666666666667
88692,0.245
88693,0.9966666666666666
88694,0.06166666666666666
88695,0.14333333333333334
88696,0.18
88697,0.8183333333333334
88698,0.06333333333333334
88699,0.28500000000000003
88700,0.051666666666666666
88701,0.07166666666666666
88702,0.41833333333333333
88703,0.16833333333333333
88704,0.6516666666666666
88705,0.10999999999999999
88706,0.21000000000000002
88707,0.9299999999999999
88708,0.06666666666666667
88709,0.05
88710,0.03833333333333333
88711,0.435
88712,0.52
88713,0.9383333333333332
88714,0.3566666666666667
88715,0.6566666666666667
88716,0.15166666666666667
88717,0.24666666666666665
88718,0.6833333333333333
88719,0.045
88720,0.9016666666666668
88721,0.07999999999999999
88722,0.23833333333333334
88723,0.49833333333333335
88724,0.5716666666666667
88725,0.675
88726,0.6333333333333333
88727,0.40499999999999997
88728,0.53
88729,0.32
88730,0.5466666666666666
88731,0.03333333333333333
88732,0.46
88733,0.7000000000000001
88734,0.24833333333333335
88735,0.006666666666666667
88736,0.2633333333333333
88737,0.29333333333333333
88738,0.04833333333333333
88739,0.705
88740,0.23666666666666664
88741,0.44333333333333336
88742,0.6283333333333334
88743,0.4833333333333333
88744,0.22999999999999998
88745,0.96
88746,0.2866666666666667
88747,0.3016666666666667
88748,0.8433333333333334
88749,0.155
88750,0.39166666666666666
88751,0.21166666666666667
88752,0.5683333333333332
88753,0.47833333333333333
88754,0.79
88755,0.3383333333333333
88756,0.22166666666666668
88757,0.15666666666666668
88758,0.375
88759,0.2866666666666666
88760,0.2533333333333333
88761,0.1733333333333333
88762,0.27
88763,0.9166666666666666
88764,0.09833333333333333
88765,0.6216666666666667
88766,0.9299999999999999
88767,0.7783333333333333
88768,0.8083333333333333
88769,0.4666666666666667
88770,0.2583333333333333
88771,0.125
88772,0.5483333333333333
88773,0.28
88774,0.8833333333333334
88775,0.7566666666666667
88776,0.05333333333333333
88777,0.915
88778,0.12333333333333332
88779,0.16833333333333333
88780,0.06833333333333333
88781,0.17166666666666666
88782,0.3716666666666667
88783,0.36
88784,0.6233333333333333
88785,0.13999999999999999
88786,0.315
88787,0.845
88788,0.305
88789,0.12000000000000002
88790,0.9866666666666666
88791,0.19666666666666666
88792,0.44833333333333336
88793,0.5716666666666667
88794,0.29833333333333334
88795,0.405
88796,0.22833333333333333
88797,0.3383333333333334
88798,0.5516666666666666
88799,0.13833333333333334
88800,0.6283333333333333
88801,0.11
88802,0.29833333333333334
88803,0.8866666666666667
88804,0.30666666666666664
88805,0.6816666666666666
88806,0.21166666666666667
88807,0.5816666666666667
88808,0.475
88809,0.6583333333333333
88810,0.575
88811,0.495
88812,0.13833333333333334
88813,0.4816666666666667
88814,0.4083333333333333
88815,0.23
88816,0.2016666666666667
88817,0.22499999999999998
88818,0.635
88819,0.6983333333333334
88820,0.4
88821,0.41333333333333333
88822,0.7716666666666666
88823,0.2866666666666667
88824,0.36666666666666664
88825,0.38999999999999996
88826,0.33333333333333337
88827,0.08
88828,0.10666666666666666
88829,0.7283333333333333
88830,0.125
88831,0.6183333333333334
88832,0.235
88833,0.011666666666666667
88834,0.6866666666666666
88835,0.6666666666666666
88836,0.5733333333333334
88837,0.6316666666666667
88838,0.12833333333333335
88839,0.18666666666666668
88840,0.8566666666666667
88841,0.8483333333333334
88842,0.5650000000000001
88843,0.1983333333333333
88844,0.04833333333333334
88845,0.3666666666666667
88846,0.9966666666666666
88847,0.2366666666666667
88848,0.4033333333333333
88849,0.21333333333333332
88850,0.905
88851,0.9366666666666668
88852,0.7649999999999999
88853,0.37333333333333335
88854,0.6666666666666667
88855,0.25666666666666665
88856,0.49833333333333335
88857,0.9783333333333333
88858,0.155
88859,0.19666666666666668
88860,0.12666666666666668
88861,0.3583333333333333
88862,0.8216666666666668
88863,0.48
88864,0.10166666666666667
88865,0.6933333333333334
88866,0.8133333333333332
88867,0.57
88868,0.195
88869,0.08499999999999999
88870,0.675
88871,0.3516666666666667
88872,0.5483333333333333
88873,0.6283333333333333
88874,0.9549999999999998
88875,0.14333333333333334
88876,0.7083333333333334
88877,0.14
88878,0.19
88879,0.185
88880,0.16
88881,0.8266666666666667
88882,0.7850000000000001
88883,0.19833333333333336
88884,0.44000000000000006
88885,0.8416666666666668
88886,0.27166666666666667
88887,0.04666666666666667
88888,0.33499999999999996
88889,0.023333333333333334
88890,0.11833333333333333
88891,0.018333333333333333
88892,0.30666666666666664
88893,0.2416666666666667
88894,0.09166666666666667
88895,0.10666666666666666
88896,0.7216666666666667
88897,0.5633333333333334
88898,0.7316666666666667
88899,0.3383333333333334
88900,0.20666666666666667
88901,0.6433333333333333
88902,0.08666666666666667
88903,0.32333333333333336
88904,0.265
88905,0.5266666666666666
88906,0.10666666666666667
88907,0.3466666666666667
88908,0.12666666666666668
88909,0.37333333333333335
88910,0.12166666666666667
88911,0.05333333333333334
88912,0.6566666666666666
88913,0.235
88914,0.09166666666666667
88915,0.20833333333333331
88916,0.22666666666666668
88917,0.32166666666666666
88918,0.07666666666666666
88919,0.16333333333333336
88920,0.6716666666666667
88921,0.7266666666666667
88922,0.2916666666666667
88923,0.61
88924,0.9450000000000001
88925,0.30333333333333334
88926,0.25333333333333335
88927,0.19833333333333333
88928,0.15166666666666667
88929,0.14166666666666666
88930,0.475
88931,0.9483333333333333
88932,0.58
88933,0.095
88934,0.6033333333333334
88935,0.5783333333333334
88936,0.7533333333333333
88937,0.22
88938,0.73
88939,0.99
88940,0.44499999999999995
88941,0.5133333333333333
88942,0.05333333333333334
88943,0.6366666666666667
88944,0.3466666666666667
88945,0.04666666666666667
88946,0.1
88947,0.645
88948,0.34
88949,0.41833333333333333
88950,0.2
88951,0.69
88952,0.33999999999999997
88953,0.24666666666666665
88954,0.09000000000000001
88955,0.45666666666666667
88956,0.9233333333333333
88957,0.7233333333333333
88958,0.43166666666666664
88959,0.6916666666666667
88960,0.33999999999999997
88961,0.6200000000000001
88962,0.43999999999999995
88963,0.515
88964,0.09666666666666668
88965,0.995
88966,0.24166666666666664
88967,0.20666666666666667
88968,0.36333333333333334
88969,0.33
88970,0.5816666666666667
88971,0.22499999999999998
88972,0.27999999999999997
88973,0.018333333333333333
88974,0.28833333333333333
88975,0.19
88976,0.2633333333333333
88977,0.9449999999999998
88978,0.36166666666666664
88979,0.7183333333333333
88980,0.2316666666666667
88981,0.36500000000000005
88982,0.9183333333333334
88983,0.77
88984,0.32499999999999996
88985,0.02
88986,0.31166666666666665
88987,0.1433333333333333
88988,0.2733333333333333
88989,0.18833333333333332
88990,0.88
88991,0.06166666666666667
88992,0.28500000000000003
88993,0.44166666666666665
88994,0.6716666666666666
88995,0.028333333333333335
88996,0.27
88997,0.03166666666666667
88998,0.30000000000000004
88999,0.4916666666666667
89000,0.43833333333333335
89001,0.5633333333333334
89002,0.9933333333333333
89003,0.06166666666666667
89004,0.6266666666666667
89005,0.5633333333333334
89006,0.16166666666666668
89007,0.06166666666666667
89008,0.9416666666666667
89009,0.675
89010,0.35
89011,0.30833333333333335
89012,0.145
89013,0.97
89014,0.18
89015,0.07
89016,0.34
89017,0.16833333333333333
89018,0.335
89019,0.09333333333333334
89020,0.8683333333333332
89021,0.43166666666666664
89022,0.17333333333333334
89023,0.27666666666666667
89024,0.26166666666666666
89025,0.5366666666666666
89026,0.715
89027,0.9433333333333334
89028,0.33666666666666667
89029,0.51
89030,0.18666666666666668
89031,0.06
89032,0.015000000000000001
89033,0.6633333333333333
89034,0.18166666666666664
89035,0.30333333333333334
89036,0.5633333333333334
89037,0.3466666666666667
89038,0.625
89039,0.5383333333333333
89040,0.13666666666666666
89041,0.23333333333333334
89042,0.32666666666666666
89043,0.18
89044,0.3616666666666667
89045,0.3566666666666667
89046,0.6633333333333333
89047,0.8316666666666667
89048,0.27666666666666667
89049,0.25666666666666665
89050,0.29
89051,0.2633333333333333
89052,0.2866666666666667
89053,0.6633333333333333
89054,0.09333333333333334
89055,0.695
89056,0.29833333333333334
89057,0.505
89058,0.21833333333333332
89059,0.14
89060,0.5850000000000001
89061,0.18500000000000003
89062,0.9716666666666667
89063,0.38666666666666666
89064,0.25
89065,0.18
89066,0.9483333333333335
89067,0.021666666666666667
89068,0.7616666666666666
89069,0.74
89070,0.885
89071,0.215
89072,0.11166666666666668
89073,0.32166666666666666
89074,0.3566666666666667
89075,0.395
89076,0.125
89077,0.6583333333333333
89078,0.2733333333333333
89079,0.21833333333333332
89080,0.3
89081,0.30833333333333335
89082,0.18333333333333335
89083,0.035
89084,0.27999999999999997
89085,0.25
89086,0.22833333333333333
89087,0.365
89088,0.8316666666666667
89089,0.64
89090,0.61
89091,0.6433333333333334
89092,0.3883333333333333
89093,0.06333333333333334
89094,0.6183333333333334
89095,0.3416666666666667
89096,0.7116666666666667
89097,0.31
89098,0.27166666666666667
89099,0.43000000000000005
89100,0.3233333333333333
89101,0.41833333333333333
89102,0.6333333333333333
89103,0.47000000000000003
89104,0.07333333333333333
89105,0.23666666666666664
89106,0.45833333333333337
89107,0.3566666666666667
89108,0.19666666666666668
89109,0.5566666666666668
89110,0.15166666666666667
89111,0.36833333333333335
89112,0.295
89113,0.5
89114,0.4650000000000001
89115,0.79
89116,0.12666666666666668
89117,0.5783333333333333
89118,0.32166666666666666
89119,0.25333333333333335
89120,0.2316666666666667
89121,0.9349999999999998
89122,0.5666666666666667
89123,0.20166666666666666
89124,0.5900000000000001
89125,0.8099999999999999
89126,0.7283333333333333
89127,0.495
89128,0.15833333333333333
89129,0.23833333333333334
89130,0.5616666666666666
89131,0.3383333333333333
89132,0.395
89133,0.045
89134,0.925
89135,0.26666666666666666
89136,0.9633333333333333
89137,0.6699999999999999
89138,0.6433333333333333
89139,0.03
89140,0.185
89141,0.20833333333333334
89142,0.73
89143,0.305
89144,0.28833333333333333
89145,0.33499999999999996
89146,0.11666666666666667
89147,0.38
89148,0.285
89149,0.9083333333333334
89150,0.3833333333333333
89151,0.2033333333333333
89152,0.2866666666666667
89153,0.4916666666666667
89154,0.3016666666666667
89155,0.98
89156,0.43666666666666665
89157,0.8866666666666667
89158,0.9233333333333333
89159,0.255
89160,0.325
89161,0.15833333333333333
89162,0.3933333333333333
89163,0.31000000000000005
89164,0.10500000000000001
89165,0.52
89166,0.30166666666666664
89167,0.19
89168,0.7383333333333333
89169,0.11499999999999999
89170,0.25833333333333336
89171,0.6883333333333334
89172,0.7416666666666667
89173,0.21166666666666667
89174,0.4116666666666666
89175,0.645
89176,0.6816666666666666
89177,0.016666666666666666
89178,0.06
89179,0.5866666666666667
89180,0.5333333333333333
89181,0.1983333333333333
89182,0.9466666666666668
89183,0.665
89184,0.6116666666666666
89185,0.21666666666666665
89186,0.31666666666666665
89187,0.17333333333333334
89188,0.9199999999999999
89189,0.365
89190,0.33666666666666667
89191,0.495
89192,0.9016666666666666
89193,0.31333333333333335
89194,0.19
89195,0.41500000000000004
89196,0.665
89197,0.11833333333333335
89198,0.32333333333333336
89199,0.20666666666666667
89200,0.34500000000000003
89201,0.19333333333333333
89202,0.66
89203,0.28500000000000003
89204,0.735
89205,0.65
89206,0.06666666666666667
89207,0.48
89208,0.2516666666666667
89209,0.21666666666666667
89210,0.645
89211,0.7483333333333334
89212,0.58
89213,0.3466666666666667
89214,0.2833333333333333
89215,0.6233333333333333
89216,0.19833333333333333
89217,0.17333333333333334
89218,0.41666666666666663
89219,0.37166666666666665
89220,0.7216666666666666
89221,0.44000000000000006
89222,0.22666666666666668
89223,0.1716666666666667
89224,0.06166666666666666
89225,0.27666666666666667
89226,0.4716666666666667
89227,0.3616666666666667
89228,0.22999999999999998
89229,0.185
89230,0.02
89231,0.18333333333333335
89232,0.4083333333333333
89233,0.36333333333333334
89234,0.20833333333333331
89235,0.81
89236,0.25
89237,0.09
89238,0.08333333333333333
89239,0.1
89240,0.2366666666666667
89241,0.25333333333333335
89242,0.6616666666666666
89243,0.16333333333333333
89244,0.8916666666666666
89245,0.6883333333333334
89246,0.32166666666666666
89247,0.48
89248,0.3466666666666667
89249,0.9333333333333333
89250,0.29333333333333333
89251,0.7550000000000001
89252,0.62
89253,0.2
89254,0.5516666666666666
89255,0.4816666666666667
89256,0.6766666666666667
89257,0.15166666666666667
89258,0.115
89259,0.7066666666666668
89260,0.19
89261,0.62
89262,0.17333333333333334
89263,0.66
89264,0.875
89265,0.305
89266,0.9233333333333333
89267,0.4766666666666667
89268,0.7333333333333333
89269,0.51
89270,0.45166666666666666
89271,0.20166666666666666
89272,0.305
89273,0.08166666666666667
89274,0.6416666666666666
89275,0.235
89276,0.3033333333333333
89277,0.24666666666666667
89278,0.006666666666666667
89279,0.8583333333333334
89280,0.3333333333333333
89281,0.3716666666666667
89282,0.32333333333333336
89283,0.285
89284,0.4066666666666667
89285,0.625
89286,0.4483333333333333
89287,0.7566666666666667
89288,0.6416666666666667
89289,0.9366666666666668
89290,0.17166666666666666
89291,0.19166666666666668
89292,0.24666666666666665
89293,0.2533333333333333
89294,0.7783333333333333
89295,0.9416666666666668
89296,0.9416666666666667
89297,0.11499999999999999
89298,0.64
89299,0.6883333333333334
89300,0.13166666666666668
89301,0.16333333333333336
89302,0.64
89303,0.5283333333333333
89304,0.5166666666666667
89305,0.8766666666666667
89306,0.023333333333333334
89307,0.94
89308,0.3466666666666667
89309,0.27666666666666667
89310,0.3483333333333334
89311,0.021666666666666667
89312,0.9450000000000001
89313,0.535
89314,0.07
89315,0.19666666666666668
89316,0.21000000000000002
89317,0.4783333333333333
89318,0.26166666666666666
89319,0.2633333333333333
89320,0.8400000000000001
89321,0.24833333333333335
89322,0.22833333333333333
89323,0.6283333333333333
89324,0.9949999999999999
89325,0.6266666666666667
89326,0.88
89327,0.17666666666666667
89328,0.2533333333333333
89329,0.14833333333333334
89330,0.021666666666666667
89331,0.29500000000000004
89332,0.25333333333333335
89333,0.37333333333333335
89334,0.13833333333333334
89335,0.5233333333333333
89336,0.27166666666666667
89337,0.23166666666666666
89338,0.043333333333333335
89339,0.9516666666666667
89340,0.23833333333333334
89341,0.29000000000000004
89342,0.6466666666666666
89343,0.40166666666666667
89344,0.43166666666666664
89345,0.5466666666666666
89346,0.34
89347,0.2683333333333333
89348,0.5966666666666667
89349,0.09166666666666667
89350,0.034999999999999996
89351,0.36
89352,0.4666666666666667
89353,0.03666666666666667
89354,0.665
89355,0.66
89356,0.7083333333333334
89357,0.5533333333333333
89358,0.15166666666666667
89359,0.09666666666666666
89360,0.29333333333333333
89361,0.5466666666666666
89362,0.2566666666666667
89363,0.20333333333333334
89364,0.018333333333333333
89365,0.145
89366,0.2966666666666667
89367,0.3183333333333333
89368,0.3383333333333333
89369,0.34500000000000003
89370,0.20166666666666666
89371,0.008333333333333333
89372,0.07666666666666667
89373,0.2633333333333333
89374,0.6366666666666667
89375,0.30333333333333334
89376,0.19166666666666668
89377,0.27666666666666667
89378,0.39666666666666667
89379,0.5783333333333334
89380,0.13166666666666665
89381,0.03666666666666667
89382,0.12333333333333332
89383,0.6133333333333334
89384,0.6933333333333332
89385,0.6733333333333333
89386,0.07500000000000001
89387,0.03333333333333333
89388,0.22666666666666666
89389,0.5216666666666667
89390,0.19666666666666666
89391,0.30333333333333334
89392,0.9833333333333334
89393,0.26166666666666666
89394,0.3883333333333333
89395,0.7616666666666667
89396,0.5833333333333333
89397,0.7133333333333333
89398,0.5383333333333333
89399,0.24666666666666665
89400,0.2616666666666667
89401,0.045000000000000005
89402,0.8916666666666666
89403,0.20833333333333334
89404,0.23166666666666666
89405,0.18833333333333335
89406,0.20666666666666667
89407,0.53
89408,0.6533333333333333
89409,0.5583333333333333
89410,0.07
89411,0.21333333333333335
89412,0.2516666666666667
89413,0.96
89414,0.505
89415,0.6133333333333334
89416,0.7316666666666667
89417,0.55
89418,0.305
89419,0.22
89420,0.9183333333333334
89421,0.2783333333333333
89422,0.205
89423,0.6633333333333333
89424,0.10166666666666666
89425,0.7733333333333333
89426,0.17833333333333334
89427,0.425
89428,0.18500000000000003
89429,0.6333333333333333
89430,0.025
89431,0.7
89432,0.2733333333333333
89433,0.815
89434,0.2683333333333333
89435,0.675
89436,0.7116666666666667
89437,0.31166666666666665
89438,0.22999999999999998
89439,0.11333333333333334
89440,0.38
89441,0.54
89442,0.255
89443,0.34833333333333333
89444,0.2683333333333333
89445,0.06
89446,0.565
89447,0.25166666666666665
89448,0.2833333333333333
89449,0.15
89450,0.5183333333333333
89451,0.20333333333333334
89452,0.095
89453,0.05333333333333333
89454,0.635
89455,0.21666666666666667
89456,0.215
89457,0.08166666666666668
89458,0.89
89459,0.065
89460,0.6849999999999999
89461,0.018333333333333333
89462,0.275
89463,0.5183333333333333
89464,0.45166666666666666
89465,0.15166666666666667
89466,0.5816666666666667
89467,0.018333333333333333
89468,0.645
89469,0.5183333333333333
89470,0.22999999999999998
89471,0.051666666666666666
89472,0.44833333333333336
89473,0.5966666666666667
89474,0.4766666666666667
89475,0.21666666666666667
89476,0.32166666666666666
89477,0.20833333333333331
89478,0.3883333333333333
89479,0.33499999999999996
89480,0.33666666666666667
89481,0.7233333333333333
89482,0.7166666666666667
89483,0.18
89484,0.6133333333333333
89485,0.54
89486,0.36
89487,0.23666666666666664
89488,0.6816666666666666
89489,0.43833333333333335
89490,0.7383333333333333
89491,0.5650000000000001
89492,0.42999999999999994
89493,0.21499999999999997
89494,0.49
89495,0.47
89496,0.065
89497,0.22499999999999998
89498,0.5383333333333333
89499,0.865
89500,0.9416666666666667
89501,0.008333333333333333
89502,0.61
89503,0.615
89504,0.7066666666666667
89505,0.7849999999999999
89506,0.24
89507,0.3716666666666667
89508,0.485
89509,0.043333333333333335
89510,0.08333333333333334
89511,0.18833333333333335
89512,0.7433333333333333
89513,0.07666666666666666
89514,0.17166666666666666
89515,0.565
89516,0.44000000000000006
89517,0.665
89518,0.6016666666666666
89519,0.4783333333333334
89520,0.04833333333333333
89521,0.13499999999999998
89522,0.395
89523,0.22
89524,0.6216666666666666
89525,0.5933333333333333
89526,0.31166666666666665
89527,0.25666666666666665
89528,0.3983333333333333
89529,0.8016666666666666
89530,0.095
89531,0.055
89532,0.75
89533,0.10833333333333334
89534,0.29333333333333333
89535,0.3083333333333333
89536,0.3333333333333333
89537,0.06333333333333334
89538,0.3616666666666667
89539,0.34
89540,0.94
89541,0.29500000000000004
89542,0.7483333333333333
89543,0.8366666666666668
89544,0.5933333333333334
89545,0.355
89546,0.5833333333333334
89547,0.013333333333333334
89548,0.016666666666666666
89549,0.26666666666666666
89550,0.34500000000000003
89551,0.21833333333333338
89552,0.475
89553,0.8416666666666668
89554,0.17833333333333332
89555,0.19166666666666668
89556,0.32
89557,0.5616666666666666
89558,0.21333333333333332
89559,0.6233333333333333
89560,0.18
89561,0.5733333333333334
89562,0.08
89563,0.7866666666666666
89564,0.24
89565,0.71
89566,0.365
89567,0.6866666666666666
89568,0.17333333333333334
89569,0.18333333333333335
89570,0.31666666666666665
89571,0.36833333333333335
89572,0.026666666666666665
89573,0.19166666666666665
89574,0.9566666666666666
89575,0.2
89576,0.41333333333333333
89577,0.18333333333333335
89578,0.6316666666666667
89579,0.9299999999999999
89580,0.38333333333333336
89581,0.3416666666666667
89582,0.03333333333333333
89583,0.2683333333333333
89584,0.2733333333333333
89585,0.31666666666666665
89586,0.6
89587,0.03
89588,0.25666666666666665
89589,0.43833333333333335
89590,0.2866666666666667
89591,0.021666666666666667
89592,0.9333333333333333
89593,0.725
89594,0.2783333333333334
89595,0.04166666666666667
89596,0.7166666666666667
89597,0.025
89598,0.6483333333333333
89599,0.31666666666666665
89600,0.16
89601,0.705
89602,0.11
89603,0.24333333333333335
89604,0.04
89605,0.9750000000000001
89606,0.6766666666666666
89607,0.45166666666666666
89608,0.3283333333333333
89609,0.28
89610,0.13166666666666665
89611,0.028333333333333335
89612,0.5166666666666667
89613,0.215
89614,0.18000000000000002
89615,0.016666666666666666
89616,0.5683333333333334
89617,0.7233333333333334
89618,0.19666666666666666
89619,0.6100000000000001
89620,0.785
89621,0.18000000000000002
89622,0.3666666666666667
89623,0.19166666666666665
89624,0.6433333333333333
89625,0.2683333333333333
89626,0.07333333333333333
89627,0.5266666666666666
89628,0.655
89629,0.04833333333333334
89630,0.835
89631,0.21833333333333332
89632,0.2833333333333333
89633,0.3
89634,0.14
89635,0.5483333333333333
89636,0.14666666666666667
89637,0.5166666666666667
89638,0.11666666666666667
89639,0.27499999999999997
89640,0.5750000000000001
89641,0.03166666666666666
89642,0.9850000000000001
89643,0.05666666666666667
89644,0.24
89645,0.15166666666666664
89646,0.05666666666666667
89647,0.14666666666666667
89648,0.19
89649,0.505
89650,0.3633333333333333
89651,0.25
89652,0.1716666666666667
89653,0.675
89654,0.7516666666666667
89655,0.295
89656,0.7466666666666667
89657,0.44166666666666665
89658,0.51
89659,0.505
89660,0.44333333333333336
89661,0.15333333333333335
89662,0.07166666666666667
89663,0.5916666666666667
89664,0.09333333333333334
89665,0.1383333333333333
89666,0.03333333333333333
89667,0.5333333333333333
89668,0.405
89669,0.45
89670,0.9933333333333334
89671,0.3616666666666667
89672,0.3233333333333333
89673,0.5766666666666667
89674,0.2366666666666667
89675,0.5383333333333333
89676,0.4083333333333333
89677,0.021666666666666667
89678,0.09
89679,0.7816666666666667
89680,0.17
89681,0.8766666666666667
89682,0.09333333333333334
89683,0.3633333333333333
89684,0.42000000000000004
89685,0.29666666666666663
89686,0.6716666666666667
89687,0.3766666666666667
89688,0.7466666666666667
89689,0.16166666666666665
89690,0.14666666666666667
89691,0.9433333333333332
89692,0.3716666666666667
89693,0.26666666666666666
89694,0.3066666666666667
89695,0.31166666666666665
89696,0.585
89697,0.5216666666666666
89698,0.345
89699,0.16999999999999998
89700,0.20500000000000002
89701,0.043333333333333335
89702,0.2833333333333333
89703,0.6966666666666667
89704,0.655
89705,0.4666666666666667
89706,0.14166666666666666
89707,0.6933333333333334
89708,0.30333333333333334
89709,0.35333333333333333
89710,0.25833333333333336
89711,0.375
89712,0.6616666666666666
89713,0.05
89714,0.2316666666666667
89715,0.07166666666666667
89716,0.6283333333333333
89717,0.27
89718,0.15666666666666668
89719,0.9683333333333333
89720,0.3966666666666667
89721,0.27666666666666667
89722,0.3533333333333333
89723,0.5833333333333334
89724,0.016666666666666666
89725,0.145
89726,0.31
89727,0.44000000000000006
89728,0.5983333333333333
89729,0.11166666666666666
89730,0.34833333333333333
89731,0.96
89732,0.4683333333333333
89733,0.37
89734,0.30500000000000005
89735,0.325
89736,0.37666666666666665
89737,0.71
89738,0.3566666666666667
89739,0.29333333333333333
89740,0.7450000000000001
89741,0.5433333333333333
89742,0.3816666666666667
89743,0.5316666666666667
89744,0.6616666666666667
89745,0.9016666666666666
89746,0.3466666666666667
89747,0.03
89748,0.465
89749,0.305
89750,0.11
89751,0.16333333333333333
89752,0.31
89753,0.2366666666666667
89754,0.98
89755,0.515
89756,0.37333333333333335
89757,0.33666666666666667
89758,0.3716666666666667
89759,0.25166666666666665
89760,0.16499999999999998
89761,0.345
89762,0.14666666666666667
89763,0.31
89764,0.25
89765,0.7166666666666667
89766,0.3516666666666667
89767,0.3466666666666667
89768,0.4716666666666667
89769,0.12833333333333333
89770,0.2583333333333333
89771,0.42833333333333334
89772,0.94
89773,0.4666666666666667
89774,0.06666666666666667
89775,0.855
89776,0.715
89777,0.9283333333333332
89778,0.3516666666666667
89779,0.6533333333333333
89780,0.385
89781,0.7933333333333333
89782,0.5683333333333332
89783,0.29500000000000004
89784,0.6483333333333333
89785,0.19333333333333333
89786,0.18166666666666667
89787,0.27999999999999997
89788,0.028333333333333335
89789,0.12833333333333333
89790,0.08166666666666667
89791,0.41500000000000004
89792,0.045
89793,0.225
89794,0.13166666666666668
89795,0.24666666666666665
89796,0.265
89797,0.22166666666666668
89798,0.205
89799,0.05333333333333333
89800,0.345
89801,0.23833333333333334
89802,0.765
89803,0.11499999999999999
89804,0.9299999999999999
89805,0.37
89806,0.8150000000000001
89807,0.6783333333333333
89808,0.2683333333333333
89809,0.23
89810,0.9666666666666666
89811,0.2683333333333333
89812,0.21166666666666667
89813,0.6616666666666667
89814,0.4066666666666667
89815,0.8583333333333334
89816,0.5183333333333333
89817,0.175
89818,0.9483333333333335
89819,0.42666666666666664
89820,0.37666666666666665
89821,0.26
89822,0.3616666666666667
89823,0.021666666666666667
89824,0.41000000000000003
89825,0.19166666666666668
89826,0.025
89827,0.135
89828,0.97
89829,0.5166666666666666
89830,0.43833333333333335
89831,0.9483333333333333
89832,0.25666666666666665
89833,0.11833333333333333
89834,0.04166666666666667
89835,0.05
89836,0.195
89837,0.039999999999999994
89838,0.31833333333333336
89839,0.16333333333333336
89840,0.815
89841,0.3516666666666667
89842,0.3616666666666667
89843,0.8500000000000001
89844,0.33666666666666667
89845,0.36
89846,0.021666666666666667
89847,0.11166666666666666
89848,0.7083333333333334
89849,0.38166666666666665
89850,0.7483333333333334
89851,0.35
89852,0.34833333333333333
89853,0.6016666666666667
89854,0.035
89855,0.2366666666666667
89856,0.26
89857,0.7349999999999999
89858,0.4816666666666667
89859,0.058333333333333334
89860,0.125
89861,0.42499999999999993
89862,0.14500000000000002
89863,0.2433333333333333
89864,0.3616666666666667
89865,0.7066666666666667
89866,0.13999999999999999
89867,0.6783333333333333
89868,0.09833333333333333
89869,0.016666666666666666
89870,0.36333333333333334
89871,0.3383333333333333
89872,0.35
89873,0.555
89874,0.3816666666666667
89875,0.14166666666666666
89876,0.10166666666666667
89877,0.875
89878,0.9466666666666668
89879,0.21166666666666667
89880,0.22333333333333333
89881,0.37
89882,0.7649999999999999
89883,0.7933333333333333
89884,0.355
89885,0.9916666666666667
89886,0.40166666666666667
89887,0.3833333333333333
89888,0.6616666666666667
89889,0.4016666666666666
89890,0.44666666666666666
89891,0.3683333333333333
89892,0.18166666666666664
89893,0.2883333333333333
89894,0.26
89895,0.3733333333333333
89896,0.255
89897,0.29000000000000004
89898,0.53
89899,0.5833333333333334
89900,0.29166666666666663
89901,0.5033333333333333
89902,0.11166666666666666
89903,0.28
89904,0.18166666666666664
89905,0.8483333333333334
89906,0.10333333333333333
89907,0.8133333333333334
89908,0.325
89909,0.33499999999999996
89910,0.7633333333333334
89911,0.17833333333333334
89912,0.6283333333333333
89913,0.4816666666666667
89914,0.43166666666666664
89915,0.6766666666666666
89916,0.475
89917,0.2583333333333333
89918,0.7116666666666667
89919,0.5233333333333333
89920,0.6933333333333332
89921,0.78
89922,0.018333333333333333
89923,0.2816666666666667
89924,0.32166666666666666
89925,0.28833333333333333
89926,0.255
89927,0.9633333333333333
89928,0.14166666666666666
89929,0.315
89930,0.10166666666666668
89931,0.011666666666666667
89932,0.7849999999999999
89933,0.5566666666666668
89934,0.12333333333333334
89935,0.6733333333333333
89936,0.885
89937,0.42
89938,0.2816666666666667
89939,0.21500000000000002
89940,0.385
89941,0.17833333333333334
89942,0.14
89943,0.685
89944,0.355
89945,0.9516666666666667
89946,0.025
89947,0.7216666666666667
89948,0.10666666666666667
89949,0.3916666666666667
89950,0.5549999999999999
89951,0.44333333333333336
89952,0.1983333333333333
89953,0.32166666666666666
89954,0.41666666666666674
89955,0.16833333333333333
89956,0.08666666666666667
89957,0.245
89958,0.7616666666666667
89959,0.15666666666666668
89960,0.45833333333333337
89961,0.3383333333333334
89962,0.06666666666666667
89963,0.3533333333333333
89964,0.03666666666666667
89965,0.42666666666666664
89966,0.10833333333333334
89967,0.025
89968,0.135
89969,0.6549999999999999
89970,0.7033333333333334
89971,0.2816666666666667
89972,0.4600000000000001
89973,0.06833333333333333
89974,0.36833333333333335
89975,0.2
89976,0.24
89977,0.2816666666666667
89978,0.21166666666666667
89979,0.8799999999999999
89980,0.7366666666666667
89981,0.38333333333333336
89982,0.4166666666666667
89983,0.33666666666666667
89984,0.405
89985,0.94
89986,0.29000000000000004
89987,0.22666666666666668
89988,0.32
89989,0.026666666666666665
89990,0.35
89991,0.3433333333333333
89992,0.185
89993,0.5366666666666667
89994,0.365
89995,0.10166666666666666
89996,0.385
89997,0.7983333333333333
89998,0.15
89999,0.22999999999999998
90000,0.035
90001,0.043333333333333335
90002,0.04833333333333333
90003,0.255
90004,0.4716666666666667
90005,0.215
90006,0.7766666666666667
90007,0.20833333333333331
90008,0.3816666666666666
90009,0.4033333333333333
90010,0.7083333333333334
90011,0.15833333333333333
90012,0.1466666666666667
90013,0.07
90014,0.2033333333333333
90015,0.2816666666666667
90016,0.33499999999999996
90017,0.29666666666666663
90018,0.29166666666666663
90019,0.18000000000000002
90020,0.22666666666666663
90021,0.15333333333333332
90022,0.46833333333333327
90023,0.5616666666666668
90024,0.34833333333333333
90025,0.9450000000000001
90026,0.565
90027,0.22499999999999998
90028,0.20166666666666666
90029,0.49
90030,0.021666666666666667
90031,0.6183333333333333
90032,0.16333333333333336
90033,0.41166666666666674
90034,0.5333333333333333
90035,0.3483333333333334
90036,0.185
90037,0.6633333333333333
90038,0.11833333333333335
90039,0.3466666666666667
90040,0.02333333333333333
90041,0.29666666666666663
90042,0.21000000000000002
90043,0.23833333333333329
90044,0.36166666666666664
90045,0.17666666666666667
90046,0.33666666666666667
90047,0.14833333333333332
90048,0.37166666666666665
90049,0.47833333333333333
90050,0.39166666666666666
90051,0.26
90052,0.09333333333333334
90053,0.4033333333333333
90054,0.025
90055,0.9683333333333333
90056,0.2316666666666667
90057,0.6866666666666666
90058,0.23833333333333334
90059,0.565
90060,0.4766666666666667
90061,0.5
90062,0.45166666666666666
90063,0.041666666666666664
90064,0.15666666666666668
90065,0.7250000000000001
90066,0.6950000000000001
90067,0.6833333333333333
90068,0.135
90069,0.9450000000000001
90070,0.3083333333333333
90071,0.37833333333333335
90072,0.5800000000000001
90073,0.15333333333333332
90074,0.13
90075,0.12166666666666665
90076,0.19
90077,0.9099999999999999
90078,0.8133333333333335
90079,0.475
90080,0.17833333333333334
90081,0.185
90082,0.3683333333333333
90083,0.235
90084,0.5866666666666667
90085,0.7866666666666666
90086,0.63
90087,0.065
90088,0.3216666666666667
90089,0.12333333333333334
90090,0.7683333333333334
90091,0.02
90092,0.19666666666666666
90093,0.32333333333333336
90094,0.30833333333333335
90095,0.525
90096,0.21333333333333332
90097,0.10166666666666667
90098,0.13833333333333334
90099,0.31
90100,0.46
90101,0.265
90102,0.5983333333333333
90103,0.9750000000000001
90104,0.065
90105,0.055
90106,0.6816666666666666
90107,0.3483333333333334
90108,0.42833333333333334
90109,0.09166666666666667
90110,0.07166666666666667
90111,0.4883333333333334
90112,0.9283333333333332
90113,0.9233333333333333
90114,0.4
90115,0.7
90116,0.3383333333333334
90117,0.03166666666666667
90118,0.7116666666666667
90119,0.725
90120,0.023333333333333334
90121,0.505
90122,0.685
90123,0.9416666666666667
90124,0.058333333333333334
90125,0.175
90126,0.4033333333333333
90127,0.008333333333333333
90128,0.8266666666666667
90129,0.9033333333333333
90130,0.6816666666666666
90131,0.405
90132,0.21666666666666667
90133,0.11833333333333332
90134,0.04666666666666667
90135,0.13833333333333334
90136,0.16833333333333333
90137,0.4
90138,0.45166666666666666
90139,0.62
90140,0.07166666666666667
90141,0.5566666666666666
90142,0.4066666666666666
90143,0.3666666666666667
90144,0.19333333333333336
90145,0.24666666666666667
90146,0.4133333333333334
90147,0.655
90148,0.2766666666666666
90149,0.22666666666666668
90150,0.17666666666666664
90151,0.30333333333333334
90152,0.21
90153,0.18666666666666668
90154,0.45333333333333337
90155,0.7533333333333334
90156,0.19833333333333336
90157,0.8566666666666667
90158,0.8783333333333332
90159,0.5733333333333334
90160,0.30833333333333335
90161,0.15666666666666668
90162,0.39166666666666666
90163,0.6083333333333334
90164,0.415
90165,0.4066666666666666
90166,0.1733333333333333
90167,0.2783333333333333
90168,0.11166666666666666
90169,0.07666666666666666
90170,0.3983333333333333
90171,0.21333333333333335
90172,0.105
90173,0.9333333333333333
90174,0.09666666666666666
90175,0.7133333333333333
90176,0.045
90177,0.38999999999999996
90178,0.2583333333333333
90179,0.5933333333333334
90180,0.19166666666666665
90181,0.9449999999999998
90182,0.8783333333333334
90183,0.8683333333333334
90184,0.05333333333333334
90185,0.3483333333333334
90186,0.5116666666666667
90187,0.19
90188,0.8416666666666666
90189,0.2783333333333334
90190,0.32
90191,0.2683333333333333
90192,0.02333333333333333
90193,0.26666666666666666
90194,0.01
90195,0.295
90196,0.3733333333333333
90197,0.19999999999999998
90198,0.2833333333333333
90199,0.035
90200,0.6466666666666667
90201,0.33166666666666667
90202,0.06666666666666667
90203,0.021666666666666667
90204,0.13333333333333333
90205,0.14833333333333332
90206,0.2316666666666667
90207,0.9316666666666666
90208,0.6383333333333333
90209,0.7933333333333333
90210,0.26666666666666666
90211,0.04833333333333334
90212,0.3416666666666667
90213,0.13833333333333334
90214,0.45166666666666666
90215,0.73
90216,0.6183333333333333
90217,0.3933333333333333
90218,0.935
90219,0.6366666666666666
90220,0.43
90221,0.34
90222,0.42333333333333334
90223,0.02
90224,0.17166666666666666
90225,0.2633333333333333
90226,0.165
90227,0.32666666666666666
90228,0.4766666666666667
90229,0.06333333333333332
90230,0.5833333333333334
90231,0.008333333333333333
90232,0.24
90233,0.23333333333333334
90234,0.13833333333333334
90235,0.25833333333333336
90236,0.36
90237,0.27166666666666667
90238,0.68
90239,0.4966666666666667
90240,0.9333333333333333
90241,0.07666666666666666
90242,0.3983333333333333
90243,0.295
90244,0.20166666666666666
90245,0.45166666666666666
90246,0.6333333333333333
90247,0.5183333333333333
90248,0.26166666666666666
90249,0.45166666666666666
90250,0.44666666666666666
90251,0.2733333333333334
90252,0.05333333333333333
90253,0.225
90254,0.93
90255,0.7916666666666666
90256,0.018333333333333333
90257,0.2683333333333333
90258,0.07
90259,0.05500000000000001
90260,0.021666666666666667
90261,0.34
90262,0.03
90263,0.03833333333333333
90264,0.08166666666666667
90265,0.885
90266,0.29833333333333334
90267,0.2
90268,0.19333333333333336
90269,0.6816666666666666
90270,0.10666666666666667
90271,0.40166666666666667
90272,0.5266666666666667
90273,0.21166666666666667
90274,0.295
90275,0.395
90276,0.7216666666666667
90277,0.028333333333333335
90278,0.05
90279,0.9483333333333333
90280,0.8816666666666666
90281,0.051666666666666666
90282,0.5
90283,0.3716666666666667
90284,0.08833333333333333
90285,0.39666666666666667
90286,0.28833333333333333
90287,0.4916666666666666
90288,0.7233333333333334
90289,0.7749999999999999
90290,0.013333333333333332
90291,0.735
90292,0.8916666666666666
90293,0.7016666666666667
90294,0.9966666666666666
90295,0.25666666666666665
90296,0.22833333333333333
90297,0.32666666666666666
90298,0.44833333333333336
90299,0.15666666666666668
90300,0.44833333333333336
90301,0.018333333333333333
90302,0.05333333333333333
90303,0.315
90304,0.08666666666666667
90305,0.6333333333333334
90306,0.4966666666666667
90307,0.25
90308,0.008333333333333333
90309,0.22833333333333333
90310,0.08499999999999999
90311,0.21666666666666667
90312,0.6966666666666667
90313,0.08166666666666667
90314,0.69
90315,0.13666666666666666
90316,0.14833333333333334
90317,0.1433333333333333
90318,0.235
90319,0.575
90320,0.15166666666666667
90321,0.355
90322,0.29000000000000004
90323,0.27999999999999997
90324,0.125
90325,0.8166666666666667
90326,0.27166666666666667
90327,0.95
90328,0.26
90329,0.2683333333333333
90330,0.75
90331,0.29
90332,0.9883333333333333
90333,0.9516666666666667
90334,0.6683333333333333
90335,0.4016666666666666
90336,0.30166666666666664
90337,0.16333333333333333
90338,0.9366666666666668
90339,0.7966666666666666
90340,0.5733333333333334
90341,0.11666666666666667
90342,0.22999999999999998
90343,0.64
90344,0.9400000000000001
90345,0.35500000000000004
90346,0.9883333333333333
90347,0.365
90348,0.15
90349,0.24166666666666664
90350,0.6016666666666667
90351,0.2866666666666667
90352,0.9866666666666666
90353,0.3416666666666667
90354,0.37333333333333335
90355,0.9316666666666666
90356,0.155
90357,0.645
90358,0.21833333333333332
90359,0.3233333333333333
90360,0.4783333333333334
90361,0.24500000000000002
90362,0.2316666666666667
90363,0.31
90364,0.08
90365,0.0016666666666666668
90366,0.3933333333333333
90367,0.165
90368,0.23500000000000001
90369,0.2333333333333333
90370,0.96
90371,0.24833333333333335
90372,0.7733333333333333
90373,0.3516666666666667
90374,0.09833333333333334
90375,0.645
90376,0.38833333333333336
90377,0.9583333333333333
90378,0.07166666666666667
90379,0.19666666666666668
90380,0.3766666666666667
90381,0.05666666666666667
90382,0.7000000000000001
90383,0.24666666666666667
90384,0.21000000000000002
90385,0.355
90386,0.29
90387,0.9616666666666667
90388,0.69
90389,0.04833333333333334
90390,0.21833333333333332
90391,0.028333333333333335
90392,0.065
90393,0.22833333333333333
90394,0.29833333333333334
90395,0.6299999999999999
90396,0.44666666666666666
90397,0.035
90398,0.38166666666666665
90399,0.35500000000000004
90400,0.5633333333333334
90401,0.24499999999999997
90402,0.9966666666666666
90403,0.33
90404,0.12
90405,0.18
90406,0.045000000000000005
90407,0.016666666666666666
90408,0.2783333333333333
90409,0.225
90410,0.3533333333333333
90411,0.15666666666666668
90412,0.37833333333333335
90413,0.43000000000000005
90414,0.5750000000000001
90415,0.635
90416,0.04666666666666666
90417,0.15
90418,0.02666666666666667
90419,0.6816666666666666
90420,0.31
90421,0.12666666666666665
90422,0.63
90423,0.16
90424,0.675
90425,0.24
90426,0.20833333333333334
90427,0.6016666666666667
90428,0.15833333333333335
90429,0.30666666666666664
90430,0.25
90431,0.22
90432,0.17166666666666666
90433,0.545
90434,0.605
90435,0.355
90436,0.605
90437,0.07166666666666667
90438,0.3283333333333333
90439,0.5483333333333333
90440,0.7983333333333333
90441,0.14333333333333334
90442,0.10500000000000001
90443,0.22166666666666668
90444,0.3316666666666666
90445,0.060000000000000005
90446,0.7033333333333333
90447,0.205
90448,0.15
90449,0.315
90450,0.21333333333333332
90451,0.43166666666666664
90452,0.6333333333333333
90453,0.17166666666666666
90454,0.19333333333333333
90455,0.46166666666666667
90456,0.065
90457,0.6883333333333334
90458,0.31833333333333336
90459,0.24333333333333335
90460,0.013333333333333334
90461,0.6383333333333333
90462,0.03833333333333333
90463,0.21666666666666667
90464,0.07166666666666667
90465,0.22166666666666665
90466,0.22666666666666668
90467,0.8616666666666666
90468,0.40166666666666667
90469,0.4016666666666666
90470,0.3783333333333333
90471,0.5900000000000001
90472,0.3716666666666667
90473,0.19999999999999998
90474,0.5783333333333334
90475,0.9566666666666666
90476,0.17833333333333334
90477,0.6433333333333333
90478,0.22333333333333333
90479,0.5033333333333333
90480,0.45833333333333337
90481,0.675
90482,0.3716666666666667
90483,0.1
90484,0.38666666666666666
90485,0.2366666666666667
90486,0.53
90487,0.02
90488,0.25666666666666665
90489,0.28
90490,0.7849999999999999
90491,0.055
90492,0.33499999999999996
90493,0.605
90494,0.29666666666666663
90495,0.5666666666666667
90496,0.15
90497,0.4833333333333334
90498,0.63
90499,0.23833333333333334
90500,0.67
90501,0.08166666666666667
90502,0.275
90503,0.5566666666666666
90504,0.32666666666666666
90505,0.5166666666666667
90506,0.6516666666666666
90507,0.48
90508,0.4883333333333333
90509,0.665
90510,0.5800000000000001
90511,0.02666666666666667
90512,0.8433333333333333
90513,0.9316666666666666
90514,0.22333333333333333
90515,0.39166666666666666
90516,0.6616666666666666
90517,0.24666666666666665
90518,0.20833333333333334
90519,0.7183333333333333
90520,0.275
90521,0.7516666666666667
90522,0.42999999999999994
90523,0.8233333333333334
90524,0.8033333333333332
90525,0.6283333333333333
90526,0.6766666666666666
90527,0.7216666666666667
90528,0.05
90529,0.4116666666666666
90530,0.5133333333333334
90531,0.05499999999999999
90532,0.3733333333333333
90533,0.42000000000000004
90534,0.19666666666666666
90535,0.695
90536,0.03833333333333333
90537,0.5716666666666667
90538,0.31833333333333336
90539,0.75
90540,0.515
90541,0.26333333333333336
90542,0.5533333333333333
90543,0.07
90544,0.05666666666666667
90545,0.26666666666666666
90546,0.14666666666666667
90547,0.0033333333333333335
90548,0.7116666666666667
90549,0.5033333333333333
90550,0.35333333333333333
90551,0.39666666666666667
90552,0.6799999999999999
90553,0.09666666666666668
90554,0.7266666666666666
90555,0.4016666666666666
90556,0.33499999999999996
90557,0.2916666666666667
90558,0.9216666666666666
90559,0.44
90560,0.39166666666666666
90561,0.07833333333333332
90562,0.5783333333333334
90563,0.43
90564,0.5116666666666667
90565,0.09666666666666668
90566,0.6533333333333333
90567,0.25499999999999995
90568,0.16833333333333333
90569,0.71
90570,0.22333333333333333
90571,0.11500000000000002
90572,0.25666666666666665
90573,0.29833333333333334
90574,0.6283333333333333
90575,0.20166666666666666
90576,0.43999999999999995
90577,0.5716666666666667
90578,0.5233333333333333
90579,0.4166666666666667
90580,0.19666666666666668
90581,0.7100000000000001
90582,0.25
90583,0.4916666666666667
90584,0.6633333333333333
90585,0.6233333333333334
90586,0.023333333333333334
90587,0.43999999999999995
90588,0.51
90589,0.20500000000000002
90590,0.018333333333333333
90591,0.9550000000000001
90592,0.058333333333333334
90593,0.6316666666666667
90594,0.27166666666666667
90595,0.18333333333333335
90596,0.3633333333333333
90597,0.24333333333333335
90598,0.7466666666666667
90599,0.22499999999999998
90600,0.09166666666666667
90601,0.175
90602,0.20666666666666667
90603,0.33166666666666667
90604,0.6183333333333333
90605,0.7166666666666667
90606,0.9750000000000001
90607,0.6016666666666667
90608,0.625
90609,0.3183333333333333
90610,0.125
90611,0.27
90612,0.44333333333333325
90613,0.18
90614,0.07166666666666667
90615,0.18666666666666665
90616,0.04166666666666667
90617,0.5499999999999999
90618,0.7083333333333333
90619,0.17166666666666666
90620,0.18833333333333332
90621,0.8966666666666667
90622,0.13
90623,0.06166666666666667
90624,0.6666666666666666
90625,0.03333333333333333
90626,0.08166666666666667
90627,0.28500000000000003
90628,0.16
90629,0.35833333333333334
90630,0.07999999999999999
90631,0.6683333333333333
90632,0.42666666666666664
90633,0.9266666666666666
90634,0.18666666666666665
90635,0.27666666666666667
90636,0.4016666666666667
90637,0.3233333333333333
90638,0.42333333333333334
90639,0.37166666666666665
90640,0.205
90641,0.865
90642,0.37166666666666665
90643,0.4933333333333333
90644,0.6716666666666666
90645,0.9333333333333333
90646,0.6749999999999999
90647,0.1433333333333333
90648,0.24166666666666664
90649,0.37333333333333335
90650,0.94
90651,0.075
90652,0.38833333333333336
90653,0.9333333333333333
90654,0.3433333333333333
90655,0.5466666666666666
90656,0.22333333333333336
90657,0.13
90658,0.65
90659,0.645
90660,0.09166666666666667
90661,0.25666666666666665
90662,0.14666666666666667
90663,0.19
90664,0.18333333333333335
90665,0.9083333333333334
90666,0.14333333333333334
90667,0.6183333333333333
90668,0.6416666666666666
90669,0.10333333333333335
90670,0.6116666666666667
90671,0.07
90672,0.7216666666666667
90673,0.0033333333333333335
90674,0.185
90675,0.13166666666666665
90676,0.595
90677,0.056666666666666664
90678,0.8983333333333333
90679,0.4066666666666666
90680,0.10500000000000001
90681,0.6716666666666667
90682,0.5833333333333334
90683,0.03666666666666667
90684,0.11000000000000001
90685,0.14
90686,0.04833333333333334
90687,0.7583333333333334
90688,0.42333333333333334
90689,0.9583333333333333
90690,0.15999999999999998
90691,0.7083333333333334
90692,0.9033333333333333
90693,0.21166666666666667
90694,0.10999999999999999
90695,0.10499999999999998
90696,0.16166666666666668
90697,0.9633333333333332
90698,0.6383333333333333
90699,0.135
90700,0.5283333333333333
90701,0.33666666666666667
90702,0.26666666666666666
90703,0.06166666666666666
90704,0.37833333333333335
90705,0.14833333333333334
90706,0.9333333333333333
90707,0.2366666666666667
90708,0.6399999999999999
90709,0.5783333333333334
90710,0.77
90711,0.07666666666666667
90712,0.25
90713,0.315
90714,0.27999999999999997
90715,0.38500000000000006
90716,0.26166666666666666
90717,0.35666666666666663
90718,0.3
90719,0.8166666666666667
90720,0.915
90721,0.03666666666666667
90722,0.6033333333333334
90723,0.43000000000000005
90724,0.06666666666666667
90725,0.41
90726,0.3816666666666667
90727,0.2
90728,0.5933333333333334
90729,0.9916666666666667
90730,0.8916666666666666
90731,0.21833333333333335
90732,0.3433333333333333
90733,0.17833333333333334
90734,0.10500000000000001
90735,0.5516666666666666
90736,0.23333333333333334
90737,0.905
90738,0.025
90739,0.47
90740,0.195
90741,0.18666666666666668
90742,0.5916666666666666
90743,0.006666666666666667
90744,0.51
90745,0.7283333333333333
90746,0.31000000000000005
90747,0.27166666666666667
90748,0.8333333333333333
90749,0.11666666666666667
90750,0.3
90751,0.3233333333333333
90752,0.14500000000000002
90753,0.255
90754,0.5683333333333334
90755,0.24333333333333335
90756,0.265
90757,0.23333333333333334
90758,0.28833333333333333
90759,0.21666666666666665
90760,0.29500000000000004
90761,0.034999999999999996
90762,0.05500000000000001
90763,0.006666666666666667
90764,0.5033333333333334
90765,0.26
90766,0.9866666666666666
90767,0.7333333333333333
90768,0.8733333333333333
90769,0.7033333333333334
90770,0.3383333333333333
90771,0.6133333333333333
90772,0.745
90773,0.6433333333333333
90774,0.2783333333333333
90775,0.24000000000000002
90776,0.3066666666666667
90777,0.3583333333333334
90778,0.26666666666666666
90779,0.42000000000000004
90780,0.3066666666666667
90781,0.3616666666666667
90782,0.44
90783,0.24333333333333335
90784,0.31166666666666665
90785,0.9099999999999999
90786,0.13166666666666665
90787,0.9583333333333333
90788,0.7100000000000001
90789,0.6133333333333333
90790,0.9633333333333333
90791,0.32666666666666666
90792,0.023333333333333334
90793,0.28833333333333333
90794,0.885
90795,0.515
90796,0.5616666666666666
90797,0.6083333333333333
90798,0.4033333333333333
90799,0.27
90800,0.935
90801,0.34
90802,0.28
90803,0.6966666666666667
90804,0.6066666666666667
90805,0.6616666666666667
90806,0.13
90807,0.2233333333333333
90808,0.16999999999999998
90809,0.026666666666666665
90810,0.335
90811,0.29833333333333334
90812,0.31833333333333336
90813,0.44666666666666666
90814,0.815
90815,0.9866666666666666
90816,0.5766666666666667
90817,0.33166666666666667
90818,0.645
90819,0.5716666666666667
90820,0.15833333333333333
90821,0.013333333333333334
90822,0.3416666666666667
90823,0.265
90824,0.08499999999999999
90825,0.17166666666666666
90826,0.395
90827,0.9633333333333334
90828,0.6116666666666667
90829,0.25999999999999995
90830,0.33666666666666667
90831,0.7066666666666667
90832,0.17666666666666667
90833,0.30833333333333335
90834,0.3516666666666667
90835,0.09999999999999999
90836,0.8366666666666667
90837,0.30000000000000004
90838,0.2683333333333333
90839,0.20833333333333331
90840,0.20500000000000002
90841,0.43833333333333335
90842,0.2833333333333333
90843,0.12166666666666667
90844,0.475
90845,0.07
90846,0.2633333333333333
90847,0.7133333333333333
90848,0.3516666666666666
90849,0.235
90850,0.6366666666666667
90851,0.265
90852,0.315
90853,0.33666666666666667
90854,0.14666666666666667
90855,0.6666666666666666
90856,0.16499999999999998
90857,0.13833333333333334
90858,0.4933333333333334
90859,0.09000000000000001
90860,0.22833333333333333
90861,0.8
90862,0.6966666666666667
90863,0.46333333333333326
90864,0.03
90865,0.6483333333333333
90866,0.8699999999999999
90867,0.43500000000000005
90868,0.6233333333333333
90869,0.22333333333333333
90870,0.125
90871,0.27666666666666667
90872,0.67
90873,0.6366666666666666
90874,0.67
90875,0.30333333333333334
90876,0.6316666666666667
90877,0.6383333333333333
90878,0.36833333333333335
90879,0.16833333333333333
90880,0.255
90881,0.005
90882,0.08666666666666667
90883,0.7916666666666667
90884,0.4283333333333333
90885,0.10833333333333334
90886,0.21666666666666667
90887,0.29666666666666663
90888,0.10500000000000001
90889,0.14833333333333334
90890,0.17666666666666667
90891,0.8183333333333334
90892,0.16833333333333333
90893,0.7033333333333334
90894,0.39499999999999996
90895,0.37999999999999995
90896,0.19666666666666668
90897,0.37
90898,0.5866666666666667
90899,0.2783333333333333
90900,0.0033333333333333335
90901,0.25666666666666665
90902,0.08833333333333333
90903,0.15
90904,0.7749999999999999
90905,0.705
90906,0.6
90907,0.19166666666666665
90908,0.4883333333333333
90909,0.3216666666666667
90910,0.3616666666666667
90911,0.8483333333333334
90912,0.8933333333333334
90913,0.10833333333333334
90914,0.43666666666666665
90915,0.11499999999999999
90916,0.4866666666666667
90917,0.19166666666666665
90918,0.34500000000000003
90919,0.57
90920,0.2016666666666667
90921,0.125
90922,0.35833333333333334
90923,0.23833333333333334
90924,0.30666666666666664
90925,0.2466666666666667
90926,0.3333333333333333
90927,0.7083333333333334
90928,0.40666666666666673
90929,0.7333333333333333
90930,0.55
90931,0.6066666666666667
90932,0.3333333333333333
90933,0.095
90934,0.2
90935,0.2716666666666666
90936,0.9683333333333333
90937,0.3566666666666667
90938,0.8866666666666667
90939,0.6583333333333333
90940,0.28833333333333333
90941,0.9383333333333335
90942,0.18333333333333335
90943,0.6266666666666667
90944,0.34833333333333333
90945,0.41333333333333333
90946,0.028333333333333335
90947,0.15333333333333332
90948,0.33499999999999996
90949,0.21666666666666667
90950,0.7616666666666667
90951,0.7316666666666667
90952,0.028333333333333335
90953,0.29333333333333333
90954,0.135
90955,0.2966666666666667
90956,0.33333333333333337
90957,0.8033333333333332
90958,0.14333333333333334
90959,0.235
90960,0.02
90961,0.016666666666666666
90962,0.89
90963,0.28500000000000003
90964,0.4416666666666667
90965,0.36
90966,0.03333333333333333
90967,0.6283333333333334
90968,0.23333333333333334
90969,0.8500000000000001
90970,0.16
90971,0.04
90972,0.6183333333333333
90973,0.09666666666666666
90974,0.8616666666666668
90975,0.045
90976,0.37333333333333335
90977,0.655
90978,0.11
90979,0.051666666666666666
90980,0.03166666666666667
90981,0.08
90982,0.6233333333333334
90983,0.05499999999999999
90984,0.355
90985,0.9466666666666667
90986,0.38999999999999996
90987,0.17333333333333334
90988,0.6866666666666666
90989,0.18833333333333335
90990,0.24
90991,0.5766666666666667
90992,0.5033333333333333
90993,0.09833333333333333
90994,0.3683333333333333
90995,0.09833333333333333
90996,0.18
90997,0.22666666666666668
90998,0.27666666666666667
90999,0.16166666666666668
91000,0.365
91001,0.013333333333333332
91002,0.07166666666666667
91003,0.42833333333333334
91004,0.018333333333333333
91005,0.475
91006,0.07
91007,0.7166666666666667
91008,0.28500000000000003
91009,0.40333333333333327
91010,0.135
91011,0.7333333333333334
91012,0.41666666666666663
91013,0.5433333333333333
91014,0.19166666666666665
91015,0.6366666666666666
91016,0.025
91017,0.10166666666666667
91018,0.17166666666666666
91019,0.2716666666666667
91020,0.37
91021,0.006666666666666667
91022,0.30833333333333335
91023,0.51
91024,0.205
91025,0.5766666666666667
91026,0.36333333333333334
91027,0.2733333333333333
91028,0.31166666666666665
91029,0.51
91030,0.15666666666666668
91031,0.12166666666666667
91032,0.6716666666666666
91033,0.03
91034,0.59
91035,0.30666666666666664
91036,0.08666666666666667
91037,0.175
91038,0.4766666666666666
91039,0.09500000000000001
91040,0.46499999999999997
91041,0.21999999999999997
91042,0.635
91043,0.6616666666666666
91044,0.6583333333333333
91045,0.395
91046,0.07666666666666666
91047,0.45499999999999996
91048,0.45499999999999996
91049,0.6566666666666667
91050,0.47833333333333333
91051,0.8966666666666666
91052,0.11000000000000001
91053,0.5983333333333333
91054,0.4866666666666667
91055,0.2866666666666667
91056,0.3416666666666667
91057,0.7433333333333333
91058,0.44999999999999996
91059,0.7366666666666667
91060,0.3383333333333333
91061,0.6766666666666667
91062,0.605
91063,0.15833333333333333
91064,0.5683333333333334
91065,0.6583333333333333
91066,0.38833333333333336
91067,0.04166666666666667
91068,0.39
91069,0.16
91070,0.08833333333333335
91071,0.15333333333333332
91072,0.08333333333333333
91073,0.325
91074,0.3816666666666666
91075,0.8433333333333333
91076,0.43000000000000005
91077,0.19499999999999998
91078,0.4116666666666667
91079,0.5866666666666667
91080,0.6466666666666667
91081,0.43166666666666664
91082,0.9616666666666667
91083,0.4766666666666667
91084,0.65
91085,0.9383333333333335
91086,0.58
91087,0.495
91088,0.39166666666666666
91089,0.7733333333333333
91090,0.17333333333333334
91091,0.18333333333333332
91092,0.16
91093,0.085
91094,0.6383333333333333
91095,0.42499999999999993
91096,0.35333333333333333
91097,0.04833333333333333
91098,0.6833333333333333
91099,0.9533333333333334
91100,0.18666666666666668
91101,0.295
91102,0.44000000000000006
91103,0.07666666666666667
91104,0.9983333333333333
91105,0.5016666666666667
91106,0.04166666666666667
91107,0.6966666666666667
91108,0.19999999999999998
91109,0.3866666666666667
91110,0.9383333333333334
91111,0.5533333333333333
91112,0.165
91113,0.9733333333333333
91114,0.5666666666666667
91115,0.5816666666666667
91116,0.6266666666666667
91117,0.665
91118,0.08333333333333334
91119,0.6799999999999999
91120,0.09666666666666668
91121,0.2783333333333334
91122,0.36833333333333335
91123,0.6566666666666666
91124,0.17333333333333334
91125,0.9383333333333332
91126,0.3416666666666667
91127,0.8216666666666668
91128,0.44999999999999996
91129,0.6583333333333333
91130,0.9466666666666665
91131,0.22333333333333333
91132,0.9833333333333333
91133,0.25833333333333336
91134,0.92
91135,0.2966666666666667
91136,0.42333333333333334
91137,0.31333333333333335
91138,0.008333333333333333
91139,0.825
91140,0.135
91141,0.6766666666666666
91142,0.36166666666666664
91143,0.315
91144,0.74
91145,0.025
91146,0.5383333333333333
91147,0.40166666666666667
91148,0.29833333333333334
91149,0.8033333333333332
91150,0.025
91151,0.25666666666666665
91152,0.13
91153,0.36
91154,0.03666666666666667
91155,0.3616666666666667
91156,0.6366666666666667
91157,0.3983333333333333
91158,0.8466666666666667
91159,0.7100000000000001
91160,0.09166666666666667
91161,0.6983333333333334
91162,0.021666666666666667
91163,0.7133333333333333
91164,0.095
91165,0.9133333333333333
91166,0.26166666666666666
91167,0.30166666666666664
91168,0.015000000000000001
91169,0.7133333333333334
91170,0.035
91171,0.235
91172,0.026666666666666665
91173,0.023333333333333334
91174,0.6683333333333333
91175,0.81
91176,0.016666666666666666
91177,0.30166666666666664
91178,0.22666666666666668
91179,0.03166666666666667
91180,0.3016666666666667
91181,0.6966666666666668
91182,0.6433333333333334
91183,0.405
91184,0.03166666666666667
91185,0.021666666666666667
91186,0.22833333333333333
91187,0.4866666666666667
91188,0.5066666666666667
91189,0.7133333333333334
91190,0.365
91191,0.40499999999999997
91192,0.43
91193,0.3383333333333334
91194,0.10333333333333333
91195,0.2416666666666667
91196,0.4933333333333334
91197,0.175
91198,0.22333333333333333
91199,0.30666666666666664
91200,0.735
91201,0.115
91202,0.19166666666666668
91203,0.2833333333333333
91204,0.57
91205,0.26
91206,0.9933333333333334
91207,0.43666666666666665
91208,0.6916666666666667
91209,0.31166666666666665
91210,0.011666666666666667
91211,0.6733333333333333
91212,0.8583333333333332
91213,0.485
91214,0.21500000000000002
91215,0.58
91216,0.755
91217,0.6133333333333334
91218,0.6683333333333333
91219,0.39166666666666666
91220,0.09166666666666667
91221,0.5116666666666666
91222,0.7416666666666667
91223,0.41666666666666663
91224,0.041666666666666664
91225,0.74
91226,0.026666666666666665
91227,0.9516666666666667
91228,0.285
91229,0.37
91230,0.8083333333333333
91231,0.08333333333333334
91232,0.45000000000000007
91233,0.11166666666666668
91234,0.22500000000000003
91235,0.21333333333333332
91236,0.9233333333333333
91237,0.12
91238,0.375
91239,0.32833333333333337
91240,0.61
91241,0.19833333333333333
91242,0.5966666666666667
91243,0.42
91244,0.19000000000000003
91245,0.7949999999999999
91246,0.9083333333333332
91247,0.8250000000000001
91248,0.08
91249,0.31666666666666665
91250,0.9333333333333333
91251,0.42499999999999993
91252,0.25666666666666665
91253,0.30333333333333334
91254,0.03833333333333333
91255,0.175
91256,0.14666666666666667
91257,0.12333333333333332
91258,0.05500000000000001
91259,0.375
91260,0.32666666666666666
91261,0.27166666666666667
91262,0.3616666666666667
91263,0.03833333333333334
91264,0.585
91265,0.14166666666666666
91266,0.02
91267,0.6599999999999999
91268,0.005
91269,0.19333333333333333
91270,0.3733333333333333
91271,0.9966666666666667
91272,0.16
91273,0.5266666666666666
91274,0.03333333333333333
91275,0.5883333333333333
91276,0.12333333333333332
91277,0.66
91278,0.315
91279,0.335
91280,0.9233333333333333
91281,0.14666666666666667
91282,0.3416666666666667
91283,0.38333333333333336
91284,0.005
91285,0.2783333333333333
91286,0.9283333333333335
91287,0.3383333333333333
91288,0.025
91289,0.5516666666666666
91290,0.9366666666666668
91291,0.16499999999999998
91292,0.45833333333333337
91293,0.35000000000000003
91294,0.98
91295,0.34500000000000003
91296,0.030000000000000002
91297,0.6566666666666667
91298,0.6216666666666666
91299,0.043333333333333335
91300,0.31000000000000005
91301,0.7350000000000001
91302,0.3883333333333333
91303,0.6083333333333333
91304,0.13999999999999999
91305,0.19833333333333336
91306,0.42500000000000004
91307,0.29833333333333334
91308,0.3566666666666667
91309,0.47000000000000003
91310,0.01
91311,0.37833333333333335
91312,0.041666666666666664
91313,0.5816666666666668
91314,0.10333333333333333
91315,0.22666666666666668
91316,0.6366666666666667
91317,0.315
91318,0.15333333333333332
91319,0.9683333333333333
91320,0.36
91321,0.3766666666666667
91322,0.9433333333333334
91323,0.6
91324,0.3833333333333333
91325,0.01
91326,0.08833333333333333
91327,0.44000000000000006
91328,0.26833333333333337
91329,0.14500000000000002
91330,0.3416666666666667
91331,0.025
91332,0.36
91333,0.6316666666666666
91334,0.11666666666666667
91335,0.4
91336,0.32166666666666666
91337,0.7083333333333333
91338,0.16833333333333333
91339,0.28
91340,0.2783333333333333
91341,0.6416666666666667
91342,0.7783333333333333
91343,0.745
91344,0.38166666666666665
91345,0.06
91346,0.2316666666666667
91347,0.785
91348,0.36333333333333334
91349,0.895
91350,0.235
91351,0.165
91352,0.03833333333333333
91353,0.15333333333333332
91354,0.27166666666666667
91355,0.006666666666666667
91356,0.4866666666666667
91357,0.8516666666666668
91358,0.3283333333333333
91359,0.26
91360,0.16333333333333333
91361,0.4383333333333333
91362,0.025
91363,0.04833333333333333
91364,0.32666666666666666
91365,0.13666666666666666
91366,0.35333333333333333
91367,0.19666666666666666
91368,0.505
91369,0.75
91370,0.45000000000000007
91371,0.3516666666666667
91372,0.11666666666666667
91373,0.40166666666666667
91374,0.285
91375,0.33333333333333337
91376,0.3883333333333333
91377,0.9566666666666666
91378,0.2033333333333333
91379,0.22499999999999998
91380,0.05333333333333334
91381,0.16166666666666668
91382,0.8283333333333334
91383,0.38
91384,0.14500000000000002
91385,0.08
91386,0.018333333333333333
91387,0.73
91388,0.42000000000000004
91389,0.32833333333333337
91390,0.20499999999999996
91391,0.25
91392,0.155
91393,0.055
91394,0.4083333333333333
91395,0.6916666666666667
91396,0.35
91397,0.12166666666666667
91398,0.051666666666666666
91399,0.26166666666666666
91400,0.22333333333333333
91401,0.525
91402,0.8099999999999999
91403,0.08333333333333333
91404,0.043333333333333335
91405,0.09166666666666667
91406,0.37333333333333335
91407,0.2583333333333333
91408,0.7483333333333334
91409,0.21166666666666667
91410,0.6516666666666666
91411,0.34833333333333333
91412,0.8733333333333333
91413,0.245
91414,0.565
91415,0.3716666666666667
91416,0.006666666666666667
91417,0.7916666666666667
91418,0.32166666666666666
91419,0.8883333333333333
91420,0.225
91421,0.17
91422,0.06833333333333333
91423,0.035
91424,0.4866666666666667
91425,0.5383333333333333
91426,0.675
91427,0.7216666666666667
91428,0.7083333333333334
91429,0.585
91430,0.545
91431,0.98
91432,0.11833333333333332
91433,0.4183333333333334
91434,0.2833333333333333
91435,0.435
91436,0.7633333333333334
91437,0.25
91438,0.24833333333333335
91439,0.005
91440,0.95
91441,0.10666666666666667
91442,0.38
91443,0.18
91444,0.3066666666666667
91445,0.4933333333333334
91446,0.27166666666666667
91447,0.255
91448,0.165
91449,0.19833333333333333
91450,0.13999999999999999
91451,0.28833333333333333
91452,0.28500000000000003
91453,0.7766666666666667
91454,0.9966666666666666
91455,0.29666666666666663
91456,0.155
91457,0.2783333333333333
91458,0.6516666666666666
91459,0.45333333333333337
91460,0.9016666666666666
91461,0.05333333333333333
91462,0.30333333333333334
91463,0.39166666666666666
91464,0.3083333333333333
91465,0.20833333333333334
91466,0.3383333333333333
91467,0.6066666666666667
91468,0.7066666666666668
91469,0.305
91470,0.22166666666666668
91471,0.9083333333333332
91472,0.02666666666666667
91473,0.6950000000000001
91474,0.6216666666666667
91475,0.6066666666666667
91476,0.42999999999999994
91477,0.016666666666666666
91478,0.135
91479,0.7016666666666667
91480,0.18
91481,0.17833333333333334
91482,0.25333333333333335
91483,0.08666666666666667
91484,0.41500000000000004
91485,0.6983333333333334
91486,0.4916666666666667
91487,0.22666666666666668
91488,0.15833333333333333
91489,0.6216666666666666
91490,0.78
91491,0.9566666666666666
91492,0.65
91493,0.8516666666666667
91494,0.11833333333333335
91495,0.7283333333333334
91496,0.5366666666666667
91497,0.9316666666666666
91498,0.12166666666666667
91499,0.29833333333333334
91500,0.11000000000000001
91501,0.19666666666666668
91502,0.22333333333333333
91503,0.955
91504,0.3566666666666667
91505,0.9566666666666666
91506,0.1
91507,0.6733333333333333
91508,0.6116666666666667
91509,0.435
91510,0.20166666666666666
91511,0.8983333333333334
91512,0.21000000000000002
91513,0.37
91514,0.63
91515,0.26666666666666666
91516,0.31833333333333336
91517,0.68
91518,0.8633333333333333
91519,0.32333333333333336
91520,0.73
91521,0.20500000000000002
91522,0.075
91523,0.42666666666666664
91524,0.25666666666666665
91525,0.20666666666666667
91526,0.36
91527,0.6766666666666667
91528,0.6866666666666666
91529,0.38666666666666666
91530,0.2316666666666667
91531,0.30833333333333335
91532,0.3183333333333333
91533,0.6816666666666666
91534,0.935
91535,0.21666666666666667
91536,0.17833333333333334
91537,0.31
91538,0.435
91539,0.5449999999999999
91540,0.25833333333333336
91541,0.11000000000000001
91542,0.21000000000000002
91543,0.3566666666666667
91544,0.39166666666666666
91545,0.305
91546,0.26999999999999996
91547,0.5533333333333333
91548,0.33499999999999996
91549,0.32499999999999996
91550,0.435
91551,0.12666666666666665
91552,0.2516666666666667
91553,0.3766666666666667
91554,0.6566666666666667
91555,0.04666666666666667
91556,0.07333333333333333
91557,0.6416666666666667
91558,0.73
91559,0.94
91560,0.3883333333333333
91561,0.2683333333333333
91562,0.21166666666666667
91563,0.22333333333333333
91564,0.6083333333333334
91565,0.6633333333333333
91566,0.8266666666666667
91567,0.7183333333333333
91568,0.185
91569,0.058333333333333334
91570,0.7100000000000001
91571,0.6633333333333333
91572,0.03666666666666667
91573,0.305
91574,0.21833333333333332
91575,0.835
91576,0.2466666666666667
91577,0.29166666666666663
91578,0.38333333333333336
91579,0.63
91580,0.49833333333333335
91581,0.54
91582,0.7283333333333334
91583,0.32
91584,0.43833333333333335
91585,0.18666666666666665
91586,0.5349999999999999
91587,0.25166666666666665
91588,0.5766666666666667
91589,0.005
91590,0.24333333333333335
91591,0.12166666666666667
91592,0.17833333333333334
91593,0.15833333333333333
91594,0.2866666666666666
91595,0.6833333333333333
91596,0.08333333333333333
91597,0.6683333333333333
91598,0.975
91599,0.36
91600,0.21166666666666667
91601,0.18666666666666668
91602,0.7216666666666667
91603,0.33166666666666667
91604,0.035
91605,0.3866666666666667
91606,0.765
91607,0.028333333333333335
91608,0.2616666666666667
91609,0.6883333333333334
91610,0.5650000000000001
91611,0.5383333333333333
91612,0.3183333333333333
91613,0.051666666666666666
91614,0.026666666666666665
91615,0.5933333333333333
91616,0.55
91617,0.30333333333333334
91618,0.31833333333333336
91619,0.58
91620,0.575
91621,0.31166666666666665
91622,0.41500000000000004
91623,0.09
91624,0.6950000000000001
91625,0.5716666666666667
91626,0.95
91627,0.43166666666666664
91628,0.25
91629,0.33666666666666667
91630,0.315
91631,0.24166666666666664
91632,0.39166666666666666
91633,0.5766666666666667
91634,0.325
91635,0.3133333333333333
91636,0.03
91637,0.27166666666666667
91638,0.32833333333333337
91639,0.095
91640,0.37166666666666665
91641,0.4016666666666666
91642,0.02
91643,0.24000000000000002
91644,0.23666666666666666
91645,0.8
91646,0.7916666666666667
91647,0.018333333333333333
91648,0.30000000000000004
91649,0.016666666666666666
91650,0.29500000000000004
91651,0.155
91652,0.7583333333333333
91653,0.38166666666666665
91654,0.09333333333333334
91655,0.3583333333333334
91656,0.6900000000000001
91657,0.28833333333333333
91658,0.95
91659,0.3433333333333333
91660,0.3233333333333333
91661,0.18166666666666667
91662,0.3366666666666666
91663,0.2033333333333333
91664,0.5533333333333333
91665,0.011666666666666667
91666,0.18666666666666665
91667,0.8783333333333334
91668,0.26833333333333337
91669,0.043333333333333335
91670,0.11000000000000001
91671,0.29333333333333333
91672,0.24333333333333332
91673,0.9283333333333335
91674,0.6216666666666667
91675,0.7883333333333333
91676,0.3983333333333333
91677,0.25666666666666665
91678,0.22333333333333333
91679,0.3466666666666667
91680,0.44666666666666666
91681,0.2916666666666667
91682,0.23
91683,0.30333333333333334
91684,0.58
91685,0.5416666666666667
91686,0.20833333333333331
91687,0.026666666666666665
91688,0.3566666666666667
91689,0.015000000000000001
91690,0.39499999999999996
91691,0.12
91692,0.025
91693,0.19333333333333336
91694,0.33
91695,0.028333333333333335
91696,0.2
91697,0.23666666666666664
91698,0.18666666666666668
91699,0.8816666666666666
91700,0.6733333333333333
91701,0.015000000000000001
91702,0.22333333333333333
91703,0.605
91704,0.5366666666666666
91705,0.525
91706,0.5066666666666666
91707,0.24333333333333335
91708,0.9566666666666668
91709,0.69
91710,0.265
91711,0.7983333333333333
91712,0.6699999999999999
91713,0.7233333333333333
91714,0.31666666666666665
91715,0.9916666666666667
91716,0.06333333333333334
91717,0.2783333333333333
91718,0.25333333333333335
91719,0.07666666666666666
91720,0.7716666666666667
91721,0.2583333333333333
91722,0.12333333333333332
91723,0.09
91724,0.9916666666666667
91725,0.42833333333333334
91726,0.11333333333333334
91727,0.88
91728,0.5683333333333334
91729,0.0033333333333333335
91730,0.48
91731,0.06166666666666667
91732,0.13666666666666666
91733,0.78
91734,0.17833333333333334
91735,0.34500000000000003
91736,0.29666666666666663
91737,0.18333333333333332
91738,0.44000000000000006
91739,0.7966666666666666
91740,0.2783333333333333
91741,0.9233333333333333
91742,0.7683333333333333
91743,0.34
91744,0.15333333333333335
91745,0.14333333333333334
91746,0.04
91747,0.7466666666666666
91748,0.16166666666666668
91749,0.7599999999999999
91750,0.008333333333333333
91751,0.37
91752,0.7216666666666667
91753,0.08666666666666667
91754,0.52
91755,0.12166666666666667
91756,0.21
91757,0.5466666666666666
91758,0.725
91759,0.51
91760,0.3666666666666667
91761,0.5416666666666667
91762,0.6433333333333333
91763,0.5766666666666667
91764,0.37
91765,0.6799999999999999
91766,0.9616666666666667
91767,0.021666666666666667
91768,0.3683333333333333
91769,0.2366666666666667
91770,0.20500000000000002
91771,0.043333333333333335
91772,0.3383333333333333
91773,0.24333333333333335
91774,0.585
91775,0.755
91776,0.12000000000000001
91777,0.5883333333333333
91778,0.3933333333333333
91779,0.38833333333333336
91780,0.14666666666666667
91781,0.7383333333333334
91782,0.20500000000000002
91783,0.3383333333333333
91784,0.2733333333333333
91785,0.9166666666666667
91786,0.99
91787,0.43499999999999994
91788,0.2783333333333333
91789,0.34833333333333333
91790,0.46833333333333327
91791,0.17166666666666666
91792,0.11499999999999999
91793,0.2866666666666667
91794,0.25833333333333336
91795,0.24333333333333335
91796,0.555
91797,0.15666666666666668
91798,0.32666666666666666
91799,0.20500000000000002
91800,0.3466666666666667
91801,0.6649999999999999
91802,0.31333333333333335
91803,0.7016666666666667
91804,0.6499999999999999
91805,0.12166666666666667
91806,0.24666666666666667
91807,0.7183333333333333
91808,0.26
91809,0.5116666666666667
91810,0.8066666666666666
91811,0.695
91812,0.14
91813,0.9950000000000001
91814,0.22999999999999998
91815,0.19833333333333333
91816,0.03333333333333333
91817,0.2783333333333333
91818,0.515
91819,0.6316666666666666
91820,0.875
91821,0.04833333333333334
91822,0.32999999999999996
91823,0.011666666666666667
91824,0.015
91825,0.47666666666666657
91826,0.016666666666666666
91827,0.25
91828,0.9816666666666667
91829,0.9033333333333333
91830,0.17
91831,0.7616666666666667
91832,0.2633333333333333
91833,0.375
91834,0.28500000000000003
91835,0.23333333333333334
91836,0.3383333333333333
91837,0.56
91838,0.24333333333333335
91839,0.225
91840,0.25333333333333335
91841,0.435
91842,0.6016666666666667
91843,0.19333333333333336
91844,0.9816666666666667
91845,0.695
91846,0.5566666666666666
91847,0.27666666666666667
91848,0.08
91849,0.16
91850,0.023333333333333334
91851,0.175
91852,0.39999999999999997
91853,0.18
91854,0.21333333333333332
91855,0.8316666666666667
91856,0.3733333333333333
91857,0.22500000000000003
91858,0.4633333333333334
91859,0.058333333333333334
91860,0.31999999999999995
91861,0.11500000000000002
91862,0.71
91863,0.24666666666666665
91864,0.25166666666666665
91865,0.02
91866,0.9183333333333334
91867,0.18333333333333332
91868,0.42000000000000004
91869,0.1
91870,0.6383333333333334
91871,0.2583333333333333
91872,0.205
91873,0.75
91874,0.5816666666666667
91875,0.7733333333333333
91876,0.06333333333333332
91877,0.16999999999999998
91878,0.12166666666666667
91879,0.3583333333333333
91880,0.5333333333333333
91881,0.155
91882,0.011666666666666667
91883,0.64
91884,0.13
91885,0.12166666666666667
91886,0.03166666666666667
91887,0.24333333333333332
91888,0.26666666666666666
91889,0.8816666666666667
91890,0.049999999999999996
91891,0.7533333333333333
91892,0.11666666666666667
91893,0.2866666666666667
91894,0.8883333333333332
91895,0.6433333333333334
91896,0.5066666666666667
91897,0.5916666666666667
91898,0.2816666666666667
91899,0.865
91900,0.505
91901,0.19166666666666665
91902,0.16833333333333333
91903,0.235
91904,0.895
91905,0.8966666666666667
91906,0.13666666666666666
91907,0.8266666666666665
91908,0.16666666666666669
91909,0.2733333333333333
91910,0.645
91911,0.8166666666666667
91912,0.21833333333333332
91913,0.88
91914,0.03166666666666667
91915,0.21000000000000002
91916,0.08
91917,0.66
91918,0.44
91919,0.3383333333333333
91920,0.25666666666666665
91921,0.22833333333333333
91922,0.505
91923,0.6399999999999999
91924,0.19999999999999998
91925,0.31166666666666665
91926,0.19999999999999998
91927,0.21166666666666667
91928,0.7616666666666668
91929,0.4966666666666667
91930,0.35333333333333333
91931,0.21166666666666667
91932,0.34
91933,0.29833333333333334
91934,0.14166666666666666
91935,0.43500000000000005
91936,0.20333333333333334
91937,0.6766666666666667
91938,0.45499999999999996
91939,0.3683333333333333
91940,0.14166666666666666
91941,0.7000000000000001
91942,0.605
91943,0.24333333333333332
91944,0.655
91945,0.8216666666666667
91946,0.22833333333333333
91947,0.44333333333333336
91948,0.265
91949,0.5683333333333332
91950,0.6616666666666666
91951,0.315
91952,0.6716666666666667
91953,0.37333333333333335
91954,0.605
91955,0.6233333333333334
91956,0.8183333333333334
91957,0.51
91958,0.4383333333333333
91959,0.3683333333333333
91960,0.19833333333333333
91961,0.07166666666666667
91962,0.8466666666666667
91963,0.155
91964,0.6083333333333333
91965,0.01
91966,0.6483333333333333
91967,0.28833333333333333
91968,0.06166666666666666
91969,0.03166666666666667
91970,0.295
91971,0.08833333333333333
91972,0.9566666666666666
91973,0.6683333333333333
91974,0.12833333333333335
91975,0.9666666666666666
91976,0.16499999999999998
91977,0.18166666666666667
91978,0.17333333333333334
91979,0.35333333333333333
91980,0.4833333333333333
91981,0.7083333333333334
91982,0.03666666666666667
91983,0.10333333333333333
91984,0.7966666666666666
91985,0.32
91986,0.505
91987,0.18333333333333335
91988,0.175
91989,0.3933333333333333
91990,0.3283333333333333
91991,0.023333333333333334
91992,0.8266666666666667
91993,0.16833333333333333
91994,0.21333333333333332
91995,0.3866666666666666
91996,0.24
91997,0.6683333333333333
91998,0.7333333333333334
91999,0.365
92000,0.22999999999999998
92001,0.6133333333333333
92002,0.6616666666666667
92003,0.051666666666666666
92004,0.8999999999999999
92005,0.545
92006,0.22999999999999998
92007,0.12166666666666667
92008,0.9916666666666667
92009,0.18833333333333335
92010,0.9566666666666666
92011,0.6883333333333332
92012,0.7866666666666666
92013,0.7383333333333333
92014,0.195
92015,0.3633333333333334
92016,0.315
92017,0.05666666666666667
92018,0.195
92019,0.39
92020,0.3016666666666667
92021,0.16
92022,0.6666666666666667
92023,0.4666666666666667
92024,0.5383333333333333
92025,0.018333333333333333
92026,0.4816666666666667
92027,0.29833333333333334
92028,0.6016666666666667
92029,0.6916666666666667
92030,0.25333333333333335
92031,0.19166666666666668
92032,0.013333333333333332
92033,0.6333333333333334
92034,0.29666666666666663
92035,0.44333333333333336
92036,0.9299999999999999
92037,0.245
92038,0.78
92039,0.7266666666666667
92040,0.43333333333333335
92041,0.6616666666666667
92042,0.7983333333333333
92043,0.395
92044,0.055
92045,0.7449999999999999
92046,0.69
92047,0.36833333333333335
92048,0.25666666666666665
92049,0.09
92050,0.37666666666666665
92051,0.12333333333333334
92052,0.28
92053,0.16166666666666668
92054,0.29500000000000004
92055,0.06666666666666667
92056,0.2683333333333333
92057,0.6283333333333333
92058,0.2566666666666667
92059,0.6283333333333333
92060,0.015
92061,0.9116666666666666
92062,0.27166666666666667
92063,0.43666666666666665
92064,0.21333333333333332
92065,0.7616666666666667
92066,0.38666666666666666
92067,0.38333333333333336
92068,0.22833333333333336
92069,0.19833333333333333
92070,0.32833333333333337
92071,0.7550000000000001
92072,0.7066666666666666
92073,0.7583333333333333
92074,0.23166666666666666
92075,0.22833333333333333
92076,0.4266666666666667
92077,0.67
92078,0.3933333333333333
92079,0.29666666666666663
92080,0.5
92081,0.08166666666666667
92082,0.21999999999999997
92083,0.43333333333333335
92084,0.5549999999999999
92085,0.21999999999999997
92086,0.095
92087,0.665
92088,0.36
92089,0.3433333333333333
92090,0.30000000000000004
92091,0.17500000000000002
92092,0.335
92093,0.16166666666666668
92094,0.33999999999999997
92095,0.9283333333333332
92096,0.77
92097,0.07333333333333332
92098,0.20666666666666667
92099,0.595
92100,0.12000000000000001
92101,0.66
92102,0.185
92103,0.9383333333333332
92104,0.6
92105,0.08333333333333334
92106,0.33666666666666667
92107,0.11166666666666666
92108,0.028333333333333332
92109,0.23166666666666663
92110,0.5216666666666667
92111,0.45666666666666667
92112,0.10166666666666666
92113,0.23333333333333336
92114,0.7066666666666667
92115,0.37666666666666665
92116,0.08166666666666667
92117,0.38
92118,0.06333333333333334
92119,0.30333333333333334
92120,0.14666666666666667
92121,0.8466666666666667
92122,0.255
92123,0.9283333333333332
92124,1.0
92125,0.045000000000000005
92126,0.5900000000000001
92127,0.02
92128,0.235
92129,0.6866666666666666
92130,0.7016666666666667
92131,0.3466666666666667
92132,0.6166666666666667
92133,0.19666666666666668
92134,0.75
92135,0.02333333333333333
92136,0.041666666666666664
92137,0.09666666666666668
92138,0.7966666666666666
92139,0.31833333333333336
92140,0.3433333333333334
92141,0.05
92142,0.06999999999999999
92143,0.14166666666666666
92144,0.24333333333333335
92145,0.3466666666666667
92146,0.785
92147,0.37499999999999994
92148,0.3733333333333333
92149,0.9283333333333332
92150,0.8200000000000001
92151,0.6666666666666667
92152,0.27
92153,0.7483333333333334
92154,0.21
92155,0.31833333333333336
92156,0.305
92157,0.30666666666666664
92158,0.705
92159,0.02666666666666667
92160,0.2366666666666667
92161,0.38666666666666666
92162,0.22333333333333333
92163,0.5766666666666667
92164,0.23833333333333334
92165,0.11166666666666666
92166,0.395
92167,0.2783333333333333
92168,0.6766666666666666
92169,0.57
92170,0.11000000000000001
92171,0.3883333333333333
92172,0.6283333333333333
92173,0.725
92174,0.39
92175,0.5833333333333334
92176,0.33666666666666667
92177,0.45666666666666667
92178,0.09333333333333334
92179,0.36833333333333335
92180,0.3416666666666667
92181,0.12666666666666668
92182,0.195
92183,0.21333333333333332
92184,0.8683333333333334
92185,0.02
92186,0.155
92187,0.085
92188,0.11833333333333333
92189,0.04666666666666666
92190,0.5033333333333333
92191,0.495
92192,0.4016666666666666
92193,0.6133333333333333
92194,0.61
92195,0.7583333333333334
92196,0.925
92197,0.22333333333333333
92198,0.13333333333333333
92199,0.09833333333333333
92200,0.5266666666666666
92201,0.49499999999999994
92202,0.17166666666666666
92203,0.36833333333333335
92204,0.8216666666666667
92205,0.15000000000000002
92206,0.11166666666666666
92207,0.16166666666666665
92208,0.23833333333333334
92209,0.2633333333333333
92210,0.27
92211,0.46166666666666667
92212,0.33166666666666667
92213,0.3416666666666667
92214,0.45833333333333326
92215,0.21500000000000002
92216,0.19
92217,0.725
92218,0.22833333333333333
92219,0.3233333333333333
92220,0.10999999999999999
92221,0.07500000000000001
92222,0.13999999999999999
92223,0.03833333333333333
92224,0.265
92225,0.27
92226,0.6849999999999999
92227,0.6633333333333333
92228,0.7116666666666667
92229,0.33666666666666667
92230,0.635
92231,0.6033333333333333
92232,0.03833333333333333
92233,0.295
92234,0.5333333333333333
92235,0.27166666666666667
92236,0.22833333333333333
92237,0.23333333333333334
92238,0.051666666666666666
92239,0.2816666666666667
92240,0.02
92241,0.9766666666666666
92242,0.028333333333333335
92243,0.62
92244,0.2866666666666667
92245,0.3566666666666667
92246,0.006666666666666667
92247,0.023333333333333334
92248,0.23833333333333334
92249,0.19333333333333333
92250,0.3416666666666667
92251,0.36
92252,0.375
92253,0.6283333333333333
92254,0.2
92255,0.8416666666666667
92256,0.5533333333333333
92257,0.12666666666666668
92258,0.30500000000000005
92259,0.016666666666666666
92260,0.08666666666666667
92261,0.645
92262,0.32499999999999996
92263,0.3666666666666667
92264,0.9199999999999999
92265,0.10333333333333333
92266,0.03166666666666666
92267,0.17333333333333334
92268,0.8866666666666667
92269,0.9166666666666665
92270,0.2533333333333333
92271,0.635
92272,0.17333333333333334
92273,0.32
92274,0.25333333333333335
92275,0.6833333333333333
92276,0.7083333333333334
92277,0.12
92278,0.9416666666666667
92279,0.29333333333333333
92280,0.5900000000000001
92281,0.315
92282,0.4883333333333333
92283,0.455
92284,0.7166666666666667
92285,0.3983333333333333
92286,0.185
92287,0.051666666666666666
92288,0.44000000000000006
92289,0.07333333333333333
92290,0.04166666666666667
92291,0.9333333333333333
92292,0.43
92293,0.021666666666666667
92294,0.24
92295,0.04
92296,0.3883333333333334
92297,0.28500000000000003
92298,0.5766666666666667
92299,0.76
92300,0.6666666666666667
92301,0.25666666666666665
92302,0.21666666666666667
92303,0.21666666666666665
92304,0.5916666666666667
92305,0.15000000000000002
92306,0.25
92307,0.5016666666666667
92308,0.27666666666666667
92309,0.09833333333333334
92310,0.07166666666666667
92311,0.43166666666666664
92312,0.2583333333333333
92313,0.39333333333333337
92314,0.13333333333333333
92315,0.10666666666666666
92316,0.635
92317,0.6616666666666666
92318,0.7483333333333334
92319,0.06333333333333332
92320,0.29333333333333333
92321,0.12000000000000001
92322,0.041666666666666664
92323,0.04166666666666667
92324,0.6316666666666667
92325,0.175
92326,0.48166666666666663
92327,0.4783333333333333
92328,0.385
92329,0.18
92330,0.275
92331,0.14500000000000002
92332,0.2833333333333333
92333,0.2016666666666667
92334,0.8
92335,0.023333333333333334
92336,0.47833333333333333
92337,0.42500000000000004
92338,0.15
92339,0.15166666666666664
92340,0.061666666666666675
92341,0.295
92342,0.15166666666666667
92343,0.08333333333333333
92344,0.18833333333333332
92345,0.5766666666666667
92346,0.20833333333333331
92347,0.03
92348,0.04
92349,0.34500000000000003
92350,0.315
92351,0.2833333333333333
92352,0.065
92353,0.2833333333333333
92354,0.09333333333333334
92355,0.245
92356,0.19833333333333333
92357,0.1716666666666667
92358,0.21000000000000002
92359,0.22166666666666668
92360,0.37
92361,0.9299999999999999
92362,0.6333333333333333
92363,0.16666666666666666
92364,0.14333333333333334
92365,0.3983333333333334
92366,0.22166666666666668
92367,0.13
92368,0.5816666666666667
92369,0.525
92370,0.11499999999999999
92371,0.44166666666666665
92372,0.65
92373,0.02
92374,0.6799999999999999
92375,0.41500000000000004
92376,0.20833333333333334
92377,0.32666666666666666
92378,0.7116666666666667
92379,0.07
92380,0.6416666666666667
92381,0.3183333333333333
92382,0.145
92383,0.026666666666666665
92384,0.29833333333333334
92385,0.028333333333333335
92386,0.605
92387,0.25333333333333335
92388,0.7533333333333333
92389,0.9099999999999999
92390,0.525
92391,0.22666666666666668
92392,0.4083333333333333
92393,0.5116666666666667
92394,0.43000000000000005
92395,0.15166666666666667
92396,0.023333333333333334
92397,0.9450000000000001
92398,0.9616666666666667
92399,0.41000000000000003
92400,0.20166666666666666
92401,0.31833333333333336
92402,0.09833333333333333
92403,0.9666666666666666
92404,0.10666666666666669
92405,0.56
92406,0.33166666666666667
92407,0.5283333333333333
92408,0.30833333333333335
92409,0.665
92410,0.6716666666666666
92411,0.245
92412,0.3
92413,0.4033333333333333
92414,0.38
92415,0.9516666666666667
92416,0.21333333333333332
92417,0.016666666666666666
92418,0.44999999999999996
92419,0.26
92420,0.19333333333333333
92421,0.22000000000000003
92422,0.021666666666666667
92423,0.285
92424,0.7549999999999999
92425,0.24666666666666665
92426,0.9616666666666667
92427,0.7666666666666666
92428,0.64
92429,0.34833333333333333
92430,0.29833333333333334
92431,0.41166666666666674
92432,0.6183333333333333
92433,0.7516666666666667
92434,0.11666666666666667
92435,0.43333333333333335
92436,0.27666666666666667
92437,0.11333333333333333
92438,0.34833333333333333
92439,0.18333333333333332
92440,0.325
92441,0.41333333333333333
92442,0.24333333333333335
92443,0.31666666666666665
92444,0.2733333333333333
92445,0.3483333333333334
92446,0.9483333333333333
92447,0.25
92448,0.7566666666666667
92449,0.32
92450,0.16
92451,0.24
92452,0.29
92453,0.23333333333333336
92454,0.09666666666666666
92455,0.415
92456,0.5216666666666667
92457,0.9583333333333333
92458,0.6733333333333333
92459,0.5549999999999999
92460,0.25166666666666665
92461,0.20333333333333334
92462,0.6266666666666666
92463,0.25
92464,0.56
92465,0.175
92466,0.355
92467,0.7383333333333333
92468,0.023333333333333334
92469,0.4883333333333333
92470,0.3516666666666667
92471,0.355
92472,0.23833333333333334
92473,0.8616666666666666
92474,0.3516666666666666
92475,0.6233333333333333
92476,0.19833333333333336
92477,0.7116666666666667
92478,0.17500000000000002
92479,0.115
92480,0.19
92481,0.7316666666666668
92482,0.66
92483,0.30333333333333334
92484,0.315
92485,0.59
92486,0.15166666666666667
92487,0.051666666666666666
92488,0.18666666666666668
92489,0.31333333333333335
92490,0.15833333333333333
92491,0.2
92492,0.5233333333333333
92493,0.6216666666666667
92494,0.325
92495,0.4683333333333334
92496,0.21666666666666665
92497,0.025
92498,0.17833333333333334
92499,0.7483333333333333
92500,0.9183333333333334
92501,0.615
92502,0.07999999999999999
92503,0.22666666666666668
92504,0.30666666666666664
92505,0.013333333333333334
92506,0.9416666666666667
92507,0.7283333333333334
92508,0.6983333333333334
92509,0.15166666666666667
92510,0.8616666666666666
92511,0.4816666666666667
92512,0.6599999999999999
92513,0.28
92514,0.06333333333333334
92515,0.07166666666666666
92516,0.585
92517,0.05833333333333333
92518,0.11
92519,0.5866666666666667
92520,0.17500000000000002
92521,0.5383333333333333
92522,0.6666666666666666
92523,0.21000000000000002
92524,0.20833333333333331
92525,0.30500000000000005
92526,0.45499999999999996
92527,0.16833333333333336
92528,0.05
92529,0.2
92530,0.6233333333333333
92531,0.255
92532,0.04666666666666666
92533,0.21333333333333335
92534,0.38
92535,0.09666666666666668
92536,0.021666666666666667
92537,0.19166666666666668
92538,0.3683333333333333
92539,0.12166666666666667
92540,0.4883333333333334
92541,0.33666666666666667
92542,0.225
92543,0.41000000000000003
92544,0.4866666666666667
92545,0.5416666666666667
92546,0.395
92547,0.365
92548,0.16
92549,0.8516666666666666
92550,0.18666666666666668
92551,0.2833333333333333
92552,0.535
92553,0.5700000000000001
92554,0.21500000000000002
92555,0.5966666666666667
92556,0.49
92557,0.18833333333333335
92558,0.4016666666666666
92559,0.3633333333333333
92560,0.185
92561,0.165
92562,0.45166666666666666
92563,0.095
92564,0.2833333333333333
92565,0.79
92566,0.013333333333333334
92567,0.7966666666666666
92568,0.185
92569,0.26333333333333336
92570,0.265
92571,0.29333333333333333
92572,0.02
92573,0.5566666666666666
92574,0.11333333333333334
92575,0.575
92576,0.6466666666666666
92577,0.26999999999999996
92578,0.78
92579,0.9299999999999999
92580,0.265
92581,0.7550000000000001
92582,0.06666666666666667
92583,0.185
92584,0.6666666666666667
92585,0.8833333333333333
92586,0.3383333333333333
92587,0.2
92588,0.2466666666666667
92589,0.5700000000000001
92590,0.8683333333333332
92591,0.22499999999999998
92592,0.5216666666666667
92593,0.02333333333333333
92594,0.31
92595,0.3466666666666667
92596,0.04
92597,0.013333333333333334
92598,0.043333333333333335
92599,0.38166666666666665
92600,0.215
92601,0.15833333333333333
92602,0.135
92603,0.5866666666666667
92604,0.3616666666666667
92605,0.39666666666666667
92606,0.09833333333333333
92607,0.32333333333333336
92608,0.735
92609,0.2316666666666667
92610,0.66
92611,0.6216666666666667
92612,0.97
92613,0.33499999999999996
92614,0.5599999999999999
92615,0.4033333333333334
92616,0.018333333333333333
92617,0.23833333333333334
92618,0.013333333333333332
92619,0.2416666666666667
92620,0.20166666666666666
92621,0.013333333333333334
92622,0.19833333333333333
92623,0.5733333333333334
92624,0.9683333333333333
92625,0.14166666666666666
92626,0.016666666666666666
92627,0.32333333333333336
92628,0.2116666666666667
92629,0.625
92630,0.59
92631,0.18333333333333335
92632,0.08833333333333333
92633,0.98
92634,0.6966666666666667
92635,0.24666666666666665
92636,0.9466666666666668
92637,0.04166666666666667
92638,0.7883333333333333
92639,0.20166666666666666
92640,0.11166666666666668
92641,0.7016666666666667
92642,0.19166666666666668
92643,0.23333333333333334
92644,0.44
92645,0.08499999999999999
92646,0.2366666666666667
92647,0.8333333333333333
92648,0.02333333333333333
92649,0.5716666666666667
92650,0.175
92651,0.215
92652,0.17666666666666667
92653,0.04833333333333333
92654,0.22166666666666668
92655,0.26
92656,0.19
92657,0.1933333333333333
92658,0.9816666666666667
92659,0.06833333333333333
92660,0.5583333333333332
92661,0.20833333333333334
92662,0.07833333333333334
92663,0.145
92664,0.013333333333333334
92665,0.21999999999999997
92666,0.21166666666666667
92667,0.9383333333333334
92668,0.17666666666666667
92669,0.6916666666666667
92670,0.43999999999999995
92671,0.335
92672,0.17500000000000002
92673,0.02
92674,0.6116666666666667
92675,0.74
92676,0.44166666666666665
92677,0.15166666666666667
92678,0.18166666666666664
92679,0.06833333333333333
92680,0.3666666666666667
92681,0.38
92682,0.11666666666666667
92683,0.8049999999999999
92684,0.3983333333333333
92685,0.9716666666666667
92686,0.6016666666666667
92687,0.8699999999999999
92688,0.21499999999999997
92689,0.605
92690,0.31166666666666665
92691,0.36333333333333334
92692,0.043333333333333335
92693,0.9183333333333334
92694,0.18166666666666664
92695,0.6883333333333334
92696,0.7083333333333334
92697,0.17333333333333334
92698,0.9366666666666668
92699,0.15333333333333332
92700,0.185
92701,0.9299999999999999
92702,0.2866666666666666
92703,0.775
92704,0.7733333333333334
92705,0.31166666666666665
92706,0.7516666666666667
92707,0.12666666666666668
92708,0.08499999999999999
92709,0.685
92710,0.16999999999999998
92711,0.19166666666666665
92712,0.016666666666666666
92713,0.94
92714,0.3416666666666667
92715,0.07333333333333333
92716,0.2066666666666667
92717,0.5016666666666667
92718,0.125
92719,0.24
92720,0.04666666666666667
92721,0.8283333333333334
92722,0.2866666666666666
92723,0.6916666666666668
92724,0.5766666666666667
92725,0.9083333333333334
92726,0.73
92727,0.018333333333333333
92728,0.32833333333333337
92729,0.5466666666666667
92730,0.6216666666666666
92731,0.03833333333333334
92732,0.25666666666666665
92733,0.8899999999999999
92734,0.16833333333333333
92735,0.17333333333333334
92736,0.6716666666666666
92737,0.31666666666666665
92738,0.18333333333333335
92739,0.6
92740,0.08
92741,0.23333333333333334
92742,0.22833333333333333
92743,0.28833333333333333
92744,0.31833333333333336
92745,0.18333333333333332
92746,0.28833333333333333
92747,0.06166666666666667
92748,0.14333333333333334
92749,0.24
92750,0.5349999999999999
92751,0.6433333333333334
92752,0.09
92753,0.5283333333333333
92754,0.7433333333333333
92755,0.5933333333333334
92756,0.22833333333333333
92757,0.03333333333333333
92758,0.2816666666666667
92759,0.43833333333333335
92760,0.54
92761,0.09000000000000001
92762,0.13166666666666668
92763,0.40166666666666667
92764,0.085
92765,0.19666666666666666
92766,0.5283333333333333
92767,0.8283333333333333
92768,0.45
92769,0.22333333333333333
92770,0.10999999999999999
92771,0.20166666666666666
92772,0.2816666666666667
92773,0.9716666666666667
92774,0.2933333333333333
92775,0.6833333333333333
92776,0.3266666666666667
92777,0.03666666666666667
92778,0.21000000000000002
92779,0.255
92780,0.31166666666666665
92781,0.8733333333333333
92782,0.3383333333333333
92783,0.315
92784,0.25666666666666665
92785,0.6266666666666666
92786,0.02
92787,0.018333333333333333
92788,0.38333333333333336
92789,0.135
92790,0.42833333333333334
92791,0.3733333333333333
92792,0.6416666666666667
92793,0.2633333333333333
92794,0.29333333333333333
92795,0.30333333333333334
92796,0.32
92797,0.305
92798,0.39999999999999997
92799,0.6533333333333333
92800,0.44499999999999995
92801,0.26166666666666666
92802,0.44833333333333336
92803,0.5716666666666667
92804,0.245
92805,0.5766666666666667
92806,0.33166666666666667
92807,0.61
92808,0.16666666666666669
92809,0.9433333333333334
92810,0.5583333333333333
92811,0.5633333333333334
92812,0.36833333333333335
92813,0.8416666666666666
92814,0.6133333333333333
92815,0.605
92816,0.4716666666666667
92817,0.18333333333333332
92818,0.25666666666666665
92819,0.8
92820,0.16333333333333333
92821,0.915
92822,0.21000000000000002
92823,0.35500000000000004
92824,0.24166666666666667
92825,0.22999999999999998
92826,0.09166666666666667
92827,0.0016666666666666668
92828,0.20833333333333334
92829,0.13833333333333334
92830,0.23833333333333334
92831,0.33333333333333337
92832,0.58
92833,0.6816666666666666
92834,0.23833333333333334
92835,0.14833333333333332
92836,0.016666666666666666
92837,0.44833333333333336
92838,0.29333333333333333
92839,0.6283333333333333
92840,0.6733333333333333
92841,0.7066666666666667
92842,0.2816666666666667
92843,0.2683333333333333
92844,0.5533333333333333
92845,0.38
92846,0.5283333333333333
92847,0.23833333333333334
92848,0.11333333333333334
92849,0.8999999999999999
92850,0.15166666666666667
92851,0.14833333333333332
92852,0.6583333333333333
92853,0.3716666666666667
92854,0.33499999999999996
92855,0.5149999999999999
92856,0.23666666666666664
92857,0.26166666666666666
92858,0.165
92859,0.15333333333333332
92860,0.64
92861,0.11666666666666667
92862,0.22333333333333333
92863,0.2833333333333333
92864,0.5449999999999999
92865,0.6783333333333333
92866,0.8566666666666667
92867,0.39999999999999997
92868,0.175
92869,0.7083333333333333
92870,0.15
92871,0.265
92872,0.2
92873,0.13166666666666668
92874,0.9133333333333333
92875,0.315
92876,0.24333333333333335
92877,0.015
92878,0.9133333333333333
92879,0.03
92880,0.023333333333333334
92881,0.965
92882,0.6316666666666667
92883,0.5
92884,0.5933333333333333
92885,0.24333333333333335
92886,0.25
92887,0.245
92888,0.215
92889,0.545
92890,0.6
92891,0.14500000000000002
92892,0.3383333333333333
92893,0.7066666666666667
92894,0.6233333333333333
92895,0.16333333333333333
92896,0.6283333333333333
92897,0.5033333333333333
92898,0.29833333333333334
92899,0.36333333333333334
92900,0.32
92901,0.67
92902,0.15
92903,0.14500000000000002
92904,0.08000000000000002
92905,0.085
92906,0.545
92907,0.06833333333333333
92908,0.375
92909,0.44666666666666666
92910,0.023333333333333334
92911,0.20666666666666667
92912,0.18166666666666667
92913,0.05
92914,0.2783333333333333
92915,0.6266666666666667
92916,0.21833333333333332
92917,0.27
92918,0.9366666666666665
92919,0.235
92920,0.5616666666666666
92921,0.6733333333333333
92922,0.535
92923,0.16666666666666666
92924,0.13333333333333333
92925,0.2683333333333333
92926,0.3566666666666667
92927,0.42666666666666675
92928,0.5716666666666667
92929,0.30333333333333334
92930,0.6633333333333333
92931,0.016666666666666666
92932,0.2366666666666667
92933,0.16833333333333333
92934,0.01
92935,0.25333333333333335
92936,0.44833333333333336
92937,0.34833333333333333
92938,0.52
92939,0.13666666666666666
92940,0.18833333333333332
92941,0.9100000000000001
92942,0.33166666666666667
92943,0.48833333333333334
92944,0.665
92945,0.3616666666666667
92946,0.11166666666666666
92947,0.2733333333333333
92948,0.47833333333333333
92949,0.30166666666666664
92950,0.36833333333333335
92951,0.16166666666666668
92952,0.17833333333333334
92953,0.9366666666666666
92954,0.01
92955,0.23833333333333334
92956,0.21333333333333335
92957,0.7566666666666666
92958,0.6666666666666667
92959,0.49
92960,0.76
92961,0.15999999999999998
92962,0.27666666666666667
92963,0.8899999999999999
92964,0.4983333333333333
92965,0.03833333333333333
92966,0.03
92967,0.10833333333333334
92968,0.8866666666666666
92969,0.11
92970,0.22333333333333333
92971,0.8016666666666666
92972,0.12666666666666668
92973,0.5283333333333333
92974,0.41000000000000003
92975,0.18
92976,0.17166666666666666
92977,0.26833333333333337
92978,0.625
92979,0.035
92980,0.06166666666666667
92981,0.485
92982,0.56
92983,0.4116666666666667
92984,0.04166666666666667
92985,0.5850000000000001
92986,0.6266666666666667
92987,0.22500000000000003
92988,0.3
92989,0.32499999999999996
92990,0.25
92991,0.7133333333333334
92992,0.205
92993,0.5566666666666666
92994,0.6883333333333334
92995,0.9466666666666665
92996,0.185
92997,0.9033333333333333
92998,0.21333333333333332
92999,0.2016666666666667
93000,0.8883333333333334
93001,0.41333333333333333
93002,0.6150000000000001
93003,0.22666666666666668
93004,0.9516666666666667
93005,0.695
93006,0.8683333333333334
93007,0.3083333333333333
93008,0.59
93009,0.21166666666666667
93010,0.7483333333333334
93011,0.3416666666666667
93012,0.3416666666666667
93013,0.19833333333333333
93014,0.7066666666666667
93015,0.5383333333333333
93016,0.32999999999999996
93017,0.02
93018,0.3966666666666667
93019,0.2366666666666667
93020,0.3466666666666667
93021,0.03333333333333333
93022,0.29500000000000004
93023,0.07833333333333334
93024,0.27666666666666667
93025,0.5183333333333333
93026,0.021666666666666667
93027,0.9133333333333333
93028,0.23833333333333334
93029,0.6566666666666666
93030,0.3833333333333333
93031,0.26166666666666666
93032,0.17166666666666666
93033,0.08333333333333334
93034,0.32166666666666666
93035,0.02
93036,0.355
93037,0.26666666666666666
93038,0.45666666666666667
93039,0.6433333333333333
93040,0.24666666666666665
93041,0.14333333333333334
93042,0.8899999999999999
93043,0.17500000000000002
93044,0.24000000000000002
93045,0.3516666666666667
93046,0.7916666666666667
93047,0.14166666666666666
93048,0.6849999999999999
93049,0.5216666666666666
93050,0.15833333333333333
93051,0.006666666666666667
93052,0.31666666666666665
93053,0.7533333333333334
93054,0.42
93055,0.955
93056,0.8316666666666667
93057,0.4083333333333333
93058,0.20833333333333334
93059,0.22333333333333333
93060,0.3733333333333333
93061,0.35833333333333334
93062,0.12666666666666665
93063,0.075
93064,0.11499999999999999
93065,0.28833333333333333
93066,0.35666666666666663
93067,0.10500000000000001
93068,0.22333333333333333
93069,0.7833333333333333
93070,0.165
93071,0.043333333333333335
93072,0.3883333333333333
93073,0.5066666666666666
93074,0.08333333333333333
93075,0.7216666666666667
93076,0.30833333333333335
93077,0.11333333333333334
93078,0.5366666666666666
93079,0.7883333333333333
93080,0.10333333333333335
93081,0.305
93082,0.42166666666666663
93083,0.08500000000000002
93084,0.05500000000000001
93085,0.29333333333333333
93086,0.9566666666666667
93087,0.11333333333333333
93088,0.011666666666666667
93089,0.18833333333333332
93090,0.5233333333333334
93091,0.35666666666666663
93092,0.12833333333333335
93093,0.2966666666666667
93094,0.19166666666666668
93095,0.3333333333333333
93096,0.6516666666666666
93097,0.31500000000000006
93098,0.07833333333333334
93099,0.22833333333333333
93100,0.6116666666666667
93101,0.8166666666666667
93102,0.36666666666666664
93103,0.04
93104,0.265
93105,0.24166666666666664
93106,0.8066666666666666
93107,0.1
93108,0.021666666666666667
93109,0.016666666666666666
93110,0.24666666666666665
93111,0.33499999999999996
93112,0.21999999999999997
93113,0.3166666666666667
93114,0.7466666666666667
93115,0.17333333333333334
93116,0.9233333333333333
93117,0.6833333333333333
93118,0.21333333333333332
93119,0.355
93120,0.2683333333333333
93121,0.3733333333333333
93122,0.13833333333333334
93123,0.4566666666666667
93124,0.18833333333333332
93125,0.7616666666666667
93126,0.545
93127,0.6383333333333334
93128,0.3833333333333333
93129,0.8700000000000001
93130,0.14833333333333334
93131,0.11499999999999999
93132,0.29333333333333333
93133,0.6
93134,0.19833333333333333
93135,0.4033333333333333
93136,0.15000000000000002
93137,0.96
93138,0.9383333333333335
93139,0.3883333333333333
93140,0.03666666666666667
93141,0.725
93142,0.006666666666666667
93143,0.7216666666666667
93144,0.25
93145,0.28833333333333333
93146,0.6333333333333333
93147,0.13833333333333334
93148,0.26
93149,0.305
93150,0.05
93151,0.525
93152,0.25666666666666665
93153,0.725
93154,0.095
93155,0.7749999999999999
93156,0.9833333333333332
93157,0.365
93158,0.275
93159,0.6766666666666666
93160,0.37
93161,0.5833333333333334
93162,0.31666666666666665
93163,0.6699999999999999
93164,0.12000000000000002
93165,0.6766666666666666
93166,0.21666666666666667
93167,0.3116666666666667
93168,0.3466666666666667
93169,0.22666666666666668
93170,0.34833333333333333
93171,0.365
93172,0.21666666666666667
93173,0.8416666666666666
93174,0.6583333333333333
93175,0.02
93176,0.4783333333333333
93177,0.4933333333333334
93178,0.12166666666666667
93179,0.6533333333333334
93180,0.3433333333333333
93181,0.08
93182,0.315
93183,0.77
93184,0.14666666666666667
93185,0.07666666666666666
93186,0.9016666666666666
93187,0.10166666666666667
93188,0.345
93189,0.7616666666666667
93190,0.5233333333333333
93191,0.5166666666666667
93192,0.9216666666666666
93193,0.325
93194,0.16499999999999998
93195,0.625
93196,0.35833333333333334
93197,0.125
93198,0.485
93199,0.20666666666666667
93200,0.94
93201,0.1
93202,0.9299999999999999
93203,0.965
93204,0.12333333333333332
93205,0.21166666666666667
93206,0.9099999999999999
93207,0.44833333333333336
93208,0.3733333333333333
93209,0.8916666666666667
93210,0.6900000000000001
93211,0.2416666666666667
93212,0.14666666666666667
93213,0.6683333333333333
93214,0.8116666666666666
93215,0.175
93216,0.4083333333333333
93217,0.16333333333333333
93218,0.18166666666666667
93219,0.19999999999999998
93220,0.07333333333333333
93221,0.01
93222,0.03333333333333333
93223,0.44666666666666666
93224,0.6
93225,0.4133333333333333
93226,0.6283333333333333
93227,0.5666666666666667
93228,0.615
93229,0.23333333333333334
93230,0.32999999999999996
93231,0.5366666666666666
93232,0.27999999999999997
93233,0.24833333333333332
93234,0.665
93235,0.45999999999999996
93236,0.5833333333333334
93237,0.6933333333333334
93238,0.18833333333333332
93239,0.8016666666666665
93240,0.11666666666666665
93241,0.4766666666666666
93242,0.9950000000000001
93243,0.7316666666666667
93244,0.7533333333333333
93245,0.245
93246,0.31833333333333336
93247,0.09833333333333333
93248,0.31833333333333336
93249,0.6133333333333333
93250,0.10166666666666666
93251,0.03833333333333333
93252,0.22166666666666668
93253,0.525
93254,0.28
93255,0.9316666666666666
93256,0.40499999999999997
93257,0.37833333333333335
93258,0.145
93259,0.125
93260,0.28833333333333333
93261,0.23666666666666664
93262,0.2816666666666667
93263,0.6083333333333333
93264,0.24333333333333335
93265,0.5416666666666667
93266,0.36833333333333335
93267,0.10500000000000001
93268,0.20166666666666666
93269,0.755
93270,0.7133333333333333
93271,0.35
93272,0.8733333333333333
93273,0.6199999999999999
93274,0.3633333333333333
93275,0.3
93276,0.15333333333333335
93277,0.385
93278,0.43
93279,0.7216666666666667
93280,0.9816666666666667
93281,0.026666666666666665
93282,0.10666666666666666
93283,0.01
93284,0.9566666666666666
93285,0.4016666666666666
93286,0.011666666666666667
93287,0.9349999999999998
93288,0.8683333333333334
93289,0.3866666666666667
93290,0.5033333333333333
93291,0.6000000000000001
93292,0.6933333333333334
93293,0.5583333333333333
93294,0.23833333333333334
93295,0.25333333333333335
93296,0.32333333333333336
93297,0.7266666666666666
93298,0.6216666666666667
93299,0.42166666666666663
93300,0.32
93301,0.7666666666666666
93302,0.35833333333333334
93303,0.5933333333333333
93304,0.185
93305,0.7583333333333333
93306,0.39
93307,0.4016666666666667
93308,0.5983333333333334
93309,0.015
93310,0.5900000000000001
93311,0.5666666666666667
93312,0.38833333333333336
93313,0.47500000000000003
93314,0.6433333333333333
93315,0.36000000000000004
93316,0.61
93317,0.18833333333333335
93318,0.015
93319,0.53
93320,0.10666666666666667
93321,0.6983333333333334
93322,0.4283333333333333
93323,0.5349999999999999
93324,0.03166666666666667
93325,0.016666666666666666
93326,0.20333333333333337
93327,0.44999999999999996
93328,0.6483333333333333
93329,0.9300000000000002
93330,0.5266666666666666
93331,0.05666666666666667
93332,0.6366666666666667
93333,0.36166666666666664
93334,0.62
93335,0.7583333333333333
93336,0.37
93337,0.32166666666666666
93338,0.42166666666666663
93339,0.13166666666666665
93340,0.6549999999999999
93341,0.2966666666666667
93342,0.23333333333333334
93343,0.7866666666666666
93344,0.2066666666666667
93345,0.405
93346,0.21166666666666667
93347,0.24833333333333335
93348,0.30333333333333334
93349,0.18833333333333335
93350,0.37666666666666665
93351,0.83
93352,0.26166666666666666
93353,0.43666666666666665
93354,0.6983333333333334
93355,0.33166666666666667
93356,0.14833333333333334
93357,0.043333333333333335
93358,0.185
93359,0.7949999999999999
93360,0.4366666666666667
93361,0.058333333333333334
93362,0.44
93363,0.5633333333333332
93364,0.27166666666666667
93365,0.135
93366,0.21333333333333332
93367,0.16833333333333333
93368,0.8316666666666667
93369,0.40666666666666673
93370,0.16833333333333333
93371,0.005
93372,0.3583333333333334
93373,0.7366666666666667
93374,0.08833333333333333
93375,0.675
93376,0.425
93377,0.051666666666666666
93378,0.1383333333333333
93379,0.9533333333333334
93380,0.32
93381,0.7166666666666667
93382,0.32333333333333336
93383,0.9966666666666666
93384,0.8083333333333333
93385,0.6183333333333333
93386,0.835
93387,0.11666666666666667
93388,0.5033333333333334
93389,0.028333333333333335
93390,0.44833333333333336
93391,0.33999999999999997
93392,0.18666666666666665
93393,0.04
93394,0.025
93395,0.5883333333333333
93396,0.7116666666666667
93397,0.35333333333333333
93398,0.045
93399,0.39999999999999997
93400,0.9316666666666666
93401,0.17166666666666666
93402,0.32166666666666666
93403,0.9516666666666667
93404,0.215
93405,0.99
93406,0.7633333333333333
93407,0.2
93408,0.26666666666666666
93409,0.48
93410,0.6849999999999999
93411,0.30833333333333335
93412,0.5983333333333333
93413,0.17500000000000002
93414,0.5016666666666667
93415,0.18333333333333332
93416,0.37166666666666665
93417,0.3083333333333333
93418,0.18833333333333335
93419,0.9683333333333333
93420,0.375
93421,0.016666666666666666
93422,0.06333333333333332
93423,0.2733333333333333
93424,0.165
93425,0.195
93426,0.21333333333333332
93427,0.8400000000000001
93428,0.04833333333333333
93429,0.4866666666666667
93430,0.021666666666666667
93431,0.12833333333333333
93432,0.97
93433,0.49
93434,0.14833333333333334
93435,0.29166666666666663
93436,0.18166666666666667
93437,0.34833333333333333
93438,0.11666666666666667
93439,0.95
93440,0.16
93441,0.5416666666666666
93442,0.5066666666666667
93443,0.6000000000000001
93444,0.20166666666666666
93445,0.13
93446,0.26666666666666666
93447,0.6416666666666666
93448,0.2633333333333333
93449,0.75
93450,0.2833333333333333
93451,0.66
93452,0.7466666666666667
93453,0.14
93454,0.9283333333333332
93455,0.4066666666666667
93456,0.5216666666666667
93457,0.9866666666666666
93458,0.47000000000000003
93459,0.3566666666666667
93460,0.3783333333333333
93461,0.27
93462,0.7249999999999999
93463,0.6483333333333333
93464,0.8983333333333334
93465,0.25
93466,0.3766666666666667
93467,0.17
93468,0.4
93469,0.54
93470,0.35
93471,0.32833333333333337
93472,0.16833333333333333
93473,0.53
93474,0.5133333333333333
93475,0.55
93476,0.585
93477,0.8733333333333333
93478,0.35833333333333334
93479,0.5066666666666666
93480,0.6116666666666667
93481,0.6983333333333334
93482,0.11333333333333331
93483,0.14833333333333332
93484,0.655
93485,0.9433333333333334
93486,0.065
93487,0.5116666666666667
93488,0.18666666666666668
93489,0.6033333333333334
93490,0.2633333333333333
93491,0.14
93492,0.9666666666666666
93493,0.6900000000000001
93494,0.6
93495,0.26
93496,0.9299999999999999
93497,0.14666666666666667
93498,0.7683333333333333
93499,0.5116666666666667
93500,0.13833333333333334
93501,0.6716666666666666
93502,0.1683333333333333
93503,0.66
93504,0.039999999999999994
93505,0.5483333333333333
93506,0.045
93507,0.45499999999999996
93508,0.3916666666666667
93509,0.18333333333333335
93510,0.18166666666666667
93511,0.43666666666666665
93512,0.5900000000000001
93513,0.15166666666666667
93514,0.04166666666666667
93515,0.5916666666666667
93516,0.72
93517,0.30166666666666664
93518,0.18833333333333335
93519,0.051666666666666666
93520,0.6783333333333333
93521,0.6083333333333333
93522,0.006666666666666667
93523,0.09
93524,0.37166666666666665
93525,0.013333333333333334
93526,0.7233333333333334
93527,0.6133333333333333
93528,0.3733333333333333
93529,0.18166666666666664
93530,0.5466666666666667
93531,0.9816666666666667
93532,0.22499999999999998
93533,0.19333333333333333
93534,0.10333333333333333
93535,0.05
93536,0.44500000000000006
93537,0.5583333333333333
93538,0.97
93539,0.235
93540,0.545
93541,0.18166666666666667
93542,0.14
93543,0.7
93544,0.20500000000000002
93545,0.3616666666666667
93546,0.016666666666666666
93547,0.028333333333333335
93548,0.305
93549,0.5083333333333333
93550,0.25166666666666665
93551,0.8066666666666666
93552,0.57
93553,0.6833333333333333
93554,0.22499999999999998
93555,0.625
93556,0.4716666666666667
93557,0.24666666666666665
93558,0.495
93559,0.19
93560,0.15833333333333333
93561,0.8583333333333334
93562,0.57
93563,0.43
93564,0.22
93565,0.25666666666666665
93566,0.08166666666666667
93567,0.725
93568,0.5316666666666666
93569,0.11500000000000002
93570,0.023333333333333334
93571,0.6333333333333334
93572,0.27499999999999997
93573,0.04666666666666667
93574,0.015
93575,0.058333333333333334
93576,0.3716666666666667
93577,0.30666666666666664
93578,0.42166666666666675
93579,0.20833333333333337
93580,0.5966666666666667
93581,0.15833333333333333
93582,0.7133333333333334
93583,0.17333333333333334
93584,0.24166666666666667
93585,0.7383333333333333
93586,0.10333333333333333
93587,0.6
93588,0.6766666666666667
93589,0.9766666666666666
93590,0.051666666666666666
93591,0.08499999999999999
93592,0.5533333333333333
93593,0.32666666666666666
93594,0.15166666666666667
93595,0.165
93596,0.3
93597,0.7583333333333333
93598,0.5283333333333333
93599,0.5183333333333334
93600,0.265
93601,0.22500000000000003
93602,0.24
93603,0.18
93604,0.7816666666666667
93605,0.4766666666666667
93606,0.7333333333333333
93607,0.013333333333333334
93608,0.22166666666666668
93609,0.9299999999999999
93610,0.21
93611,0.13666666666666666
93612,0.26499999999999996
93613,0.5266666666666666
93614,0.24
93615,0.22666666666666668
93616,0.36333333333333334
93617,0.6833333333333333
93618,0.815
93619,0.24666666666666665
93620,0.6966666666666667
93621,0.24333333333333335
93622,0.9033333333333333
93623,0.31499999999999995
93624,0.04666666666666667
93625,0.4966666666666666
93626,0.016666666666666666
93627,0.9983333333333333
93628,0.21999999999999997
93629,0.255
93630,0.6900000000000001
93631,0.6183333333333334
93632,0.3733333333333334
93633,0.7416666666666667
93634,0.7666666666666667
93635,0.3566666666666667
93636,0.18833333333333332
93637,0.39
93638,0.2733333333333333
93639,0.29000000000000004
93640,0.42166666666666663
93641,0.065
93642,0.355
93643,0.5333333333333333
93644,0.79
93645,0.21333333333333332
93646,0.2666666666666667
93647,0.315
93648,0.615
93649,0.5366666666666666
93650,0.03333333333333333
93651,0.6216666666666667
93652,0.855
93653,0.38166666666666665
93654,0.29833333333333334
93655,0.295
93656,0.11333333333333334
93657,0.31166666666666665
93658,0.02
93659,0.7883333333333333
93660,0.20666666666666667
93661,0.20500000000000002
93662,0.2316666666666667
93663,0.4600000000000001
93664,0.11833333333333333
93665,0.19
93666,0.09499999999999999
93667,0.12
93668,0.18333333333333335
93669,0.33
93670,0.08166666666666667
93671,0.415
93672,0.10666666666666666
93673,0.7216666666666667
93674,0.051666666666666666
93675,0.25
93676,0.05333333333333334
93677,0.11833333333333335
93678,0.96
93679,0.29833333333333334
93680,0.18166666666666667
93681,0.10833333333333334
93682,0.8483333333333333
93683,0.32666666666666666
93684,0.30833333333333335
93685,0.35500000000000004
93686,0.20666666666666667
93687,0.10500000000000001
93688,0.7366666666666667
93689,0.07666666666666666
93690,0.43000000000000005
93691,0.018333333333333333
93692,0.46499999999999997
93693,0.015
93694,0.40166666666666667
93695,0.006666666666666667
93696,0.8683333333333332
93697,0.21833333333333335
93698,0.4066666666666667
93699,0.37
93700,0.21166666666666667
93701,0.2733333333333333
93702,0.68
93703,0.15666666666666668
93704,0.3433333333333334
93705,0.045
93706,0.44000000000000006
93707,0.2416666666666667
93708,0.02
93709,0.9333333333333333
93710,0.32
93711,0.016666666666666666
93712,0.2783333333333333
93713,0.245
93714,0.22
93715,0.26666666666666666
93716,0.3566666666666667
93717,0.4
93718,0.3466666666666667
93719,0.6349999999999999
93720,0.8500000000000001
93721,0.5266666666666667
93722,0.15333333333333332
93723,0.25166666666666665
93724,0.9133333333333333
93725,0.23166666666666663
93726,0.79
93727,0.18666666666666665
93728,0.6849999999999999
93729,0.3516666666666667
93730,0.3716666666666667
93731,0.7599999999999999
93732,0.075
93733,0.2783333333333333
93734,0.26
93735,0.745
93736,0.165
93737,0.04
93738,0.20500000000000002
93739,0.055
93740,0.33
93741,0.18833333333333332
93742,0.05500000000000001
93743,0.051666666666666666
93744,0.29333333333333333
93745,0.895
93746,0.14333333333333334
93747,0.6783333333333333
93748,0.10333333333333333
93749,0.3333333333333333
93750,0.29833333333333334
93751,0.24666666666666665
93752,0.03
93753,0.37333333333333335
93754,0.18166666666666667
93755,0.31
93756,0.2683333333333333
93757,0.10166666666666667
93758,0.3333333333333333
93759,0.5633333333333334
93760,0.38666666666666666
93761,0.4833333333333334
93762,0.11500000000000002
93763,0.6633333333333333
93764,0.3733333333333333
93765,0.11166666666666666
93766,0.3583333333333334
93767,0.12166666666666667
93768,0.21666666666666665
93769,0.13166666666666668
93770,0.27999999999999997
93771,0.6966666666666668
93772,0.7050000000000001
93773,0.935
93774,0.9416666666666667
93775,0.006666666666666667
93776,0.30000000000000004
93777,0.6783333333333333
93778,0.18333333333333332
93779,0.41333333333333333
93780,0.07166666666666667
93781,0.265
93782,0.023333333333333334
93783,0.4816666666666667
93784,0.4916666666666667
93785,0.2816666666666667
93786,0.058333333333333334
93787,0.2816666666666667
93788,0.6783333333333333
93789,0.44666666666666666
93790,0.6066666666666667
93791,0.5083333333333333
93792,0.23333333333333334
93793,0.9233333333333333
93794,0.16833333333333333
93795,0.6466666666666667
93796,0.03
93797,0.32999999999999996
93798,0.39999999999999997
93799,0.24
93800,0.065
93801,0.18666666666666665
93802,0.6116666666666667
93803,0.20999999999999996
93804,0.15166666666666667
93805,0.10333333333333333
93806,0.22666666666666663
93807,0.1766666666666667
93808,0.46499999999999997
93809,0.2733333333333333
93810,0.5
93811,0.25
93812,0.7216666666666666
93813,0.6083333333333333
93814,0.27166666666666667
93815,0.2583333333333333
93816,0.165
93817,0.6016666666666667
93818,0.27666666666666667
93819,0.08166666666666667
93820,0.8116666666666666
93821,0.7316666666666667
93822,0.15166666666666667
93823,0.45500000000000007
93824,0.4366666666666667
93825,0.058333333333333334
93826,0.985
93827,0.2566666666666667
93828,0.41333333333333333
93829,0.22
93830,0.6266666666666667
93831,0.86
93832,0.45833333333333337
93833,0.175
93834,0.685
93835,0.19333333333333333
93836,0.30166666666666664
93837,0.09166666666666667
93838,0.18
93839,0.12000000000000001
93840,0.635
93841,0.20666666666666667
93842,0.5616666666666666
93843,0.9933333333333333
93844,0.18666666666666668
93845,0.5966666666666666
93846,0.0033333333333333335
93847,0.6483333333333333
93848,0.44999999999999996
93849,0.9450000000000001
93850,0.4916666666666667
93851,0.22166666666666668
93852,0.4666666666666667
93853,0.4083333333333333
93854,0.9299999999999999
93855,0.011666666666666667
93856,0.7699999999999999
93857,0.04666666666666667
93858,0.27166666666666667
93859,0.8016666666666666
93860,0.07833333333333332
93861,0.22666666666666668
93862,0.035
93863,0.2783333333333333
93864,0.42333333333333334
93865,0.125
93866,0.6116666666666667
93867,0.635
93868,0.21833333333333332
93869,0.905
93870,0.24833333333333335
93871,0.16833333333333333
93872,0.29
93873,0.6483333333333334
93874,0.59
93875,0.20833333333333331
93876,0.006666666666666667
93877,0.13666666666666666
93878,0.14333333333333334
93879,0.52
93880,0.635
93881,0.405
93882,0.6733333333333333
93883,0.285
93884,0.20833333333333331
93885,0.9199999999999999
93886,0.15
93887,0.95
93888,0.22333333333333333
93889,0.0033333333333333335
93890,0.04666666666666667
93891,0.295
93892,0.4933333333333333
93893,0.9333333333333333
93894,0.6666666666666666
93895,0.6416666666666666
93896,0.37
93897,0.15166666666666667
93898,0.7166666666666667
93899,0.6883333333333334
93900,0.9183333333333333
93901,0.20666666666666667
93902,0.17
93903,0.29166666666666663
93904,0.28833333333333333
93905,0.3733333333333333
93906,0.19999999999999998
93907,0.3433333333333333
93908,0.2
93909,0.6849999999999999
93910,0.9066666666666667
93911,0.76
93912,0.5366666666666667
93913,0.5333333333333333
93914,0.5733333333333334
93915,0.0033333333333333335
93916,0.26666666666666666
93917,0.015
93918,0.5266666666666667
93919,0.7183333333333334
93920,0.155
93921,0.16333333333333333
93922,0.42999999999999994
93923,0.4833333333333334
93924,0.6133333333333334
93925,0.39
93926,0.3516666666666667
93927,0.24333333333333335
93928,0.19666666666666666
93929,0.06
93930,0.2316666666666667
93931,0.26333333333333336
93932,0.9066666666666667
93933,0.24333333333333335
93934,0.4933333333333334
93935,0.19166666666666665
93936,0.35333333333333333
93937,0.13
93938,0.8266666666666667
93939,0.16166666666666665
93940,0.2866666666666667
93941,0.8183333333333334
93942,0.29333333333333333
93943,0.3816666666666667
93944,0.06166666666666667
93945,0.3933333333333333
93946,0.065
93947,0.3
93948,0.4116666666666667
93949,0.9333333333333333
93950,0.18666666666666665
93951,0.016666666666666666
93952,0.5533333333333333
93953,0.3466666666666667
93954,0.10666666666666667
93955,0.35
93956,0.2
93957,0.6033333333333334
93958,0.21333333333333332
93959,0.4933333333333333
93960,0.33499999999999996
93961,0.7816666666666667
93962,0.35000000000000003
93963,0.625
93964,0.18166666666666664
93965,0.41000000000000003
93966,0.3466666666666667
93967,0.1
93968,0.19
93969,0.25833333333333336
93970,0.275
93971,0.11833333333333335
93972,0.29166666666666663
93973,0.3666666666666667
93974,0.7
93975,0.3833333333333333
93976,0.6283333333333333
93977,0.485
93978,0.995
93979,0.5216666666666667
93980,0.17666666666666667
93981,0.06
93982,0.6683333333333333
93983,0.6866666666666666
93984,0.5233333333333333
93985,0.24666666666666667
93986,0.8583333333333333
93987,0.16833333333333333
93988,0.6799999999999999
93989,0.3466666666666667
93990,0.5116666666666667
93991,0.10500000000000001
93992,0.9533333333333334
93993,0.6983333333333334
93994,0.915
93995,0.515
93996,0.33999999999999997
93997,0.9433333333333334
93998,0.19833333333333333
93999,0.025
94000,0.2683333333333333
94001,0.45333333333333337
94002,0.7966666666666666
94003,0.2783333333333333
94004,0.9849999999999999
94005,0.235
94006,0.34
94007,0.4866666666666667
94008,0.185
94009,0.26166666666666666
94010,0.46666666666666673
94011,0.22166666666666665
94012,0.023333333333333334
94013,0.12833333333333333
94014,0.6483333333333333
94015,0.515
94016,0.53
94017,0.7383333333333333
94018,0.23666666666666664
94019,0.6766666666666667
94020,0.8916666666666666
94021,0.6083333333333333
94022,0.6183333333333333
94023,0.8966666666666667
94024,0.2316666666666667
94025,0.3483333333333334
94026,0.9033333333333333
94027,0.4266666666666667
94028,0.7483333333333334
94029,0.32166666666666666
94030,0.38166666666666665
94031,0.16833333333333333
94032,0.8333333333333333
94033,0.7466666666666667
94034,0.09833333333333334
94035,0.5566666666666668
94036,0.17
94037,0.815
94038,0.09833333333333333
94039,0.4716666666666667
94040,0.40166666666666667
94041,0.525
94042,0.24666666666666665
94043,0.10166666666666667
94044,0.7599999999999999
94045,0.9549999999999998
94046,0.07666666666666666
94047,0.21999999999999997
94048,0.22999999999999998
94049,0.11000000000000001
94050,0.1
94051,0.23000000000000004
94052,0.03333333333333333
94053,0.15166666666666664
94054,0.45499999999999996
94055,0.2483333333333333
94056,0.6783333333333333
94057,0.04833333333333334
94058,0.23
94059,0.42333333333333334
94060,0.4566666666666667
94061,0.26666666666666666
94062,0.89
94063,0.04166666666666667
94064,0.7466666666666666
94065,0.3883333333333333
94066,0.5066666666666666
94067,0.011666666666666667
94068,0.2483333333333333
94069,0.6016666666666667
94070,0.5433333333333333
94071,0.7233333333333334
94072,0.265
94073,0.39166666666666666
94074,0.75
94075,0.16499999999999998
94076,0.22833333333333333
94077,0.44
94078,0.24833333333333332
94079,0.7533333333333333
94080,0.37833333333333335
94081,0.6433333333333333
94082,0.7
94083,0.26
94084,0.10833333333333334
94085,0.2716666666666666
94086,0.21333333333333332
94087,0.345
94088,0.5666666666666667
94089,0.9199999999999999
94090,0.7
94091,0.5633333333333332
94092,0.32
94093,0.675
94094,0.7116666666666667
94095,0.165
94096,0.35833333333333334
94097,0.9166666666666666
94098,0.5066666666666667
94099,0.205
94100,0.5216666666666667
94101,0.30333333333333334
94102,0.21166666666666667
94103,0.13
94104,0.6716666666666666
94105,0.01
94106,0.4033333333333333
94107,0.25666666666666665
94108,0.5583333333333333
94109,0.2316666666666667
94110,0.71
94111,0.5016666666666667
94112,0.625
94113,0.01
94114,0.21
94115,0.7216666666666668
94116,0.2783333333333333
94117,0.585
94118,0.3783333333333333
94119,0.5750000000000001
94120,0.2533333333333333
94121,0.5316666666666667
94122,0.026666666666666665
94123,0.22333333333333333
94124,0.4033333333333333
94125,0.8266666666666667
94126,0.6366666666666666
94127,0.7283333333333334
94128,0.21166666666666667
94129,0.6066666666666667
94130,0.25666666666666665
94131,0.25333333333333335
94132,0.23833333333333334
94133,0.3733333333333333
94134,0.8300000000000001
94135,0.38166666666666665
94136,0.12833333333333333
94137,0.09
94138,0.36
94139,0.6633333333333333
94140,0.7316666666666667
94141,0.7466666666666666
94142,0.04666666666666667
94143,0.7633333333333334
94144,0.5833333333333333
94145,0.31
94146,0.27
94147,0.9416666666666667
94148,0.10666666666666666
94149,0.33499999999999996
94150,0.7733333333333332
94151,0.7949999999999999
94152,0.14833333333333334
94153,0.315
94154,0.28833333333333333
94155,0.07833333333333332
94156,0.0016666666666666668
94157,0.20333333333333334
94158,0.36
94159,0.9216666666666666
94160,0.47833333333333333
94161,0.2366666666666667
94162,0.925
94163,0.011666666666666667
94164,0.10500000000000001
94165,0.32666666666666666
94166,0.17666666666666667
94167,0.2483333333333333
94168,0.21999999999999997
94169,0.36833333333333335
94170,0.3383333333333333
94171,0.3416666666666667
94172,0.8783333333333334
94173,0.9266666666666667
94174,0.98
94175,0.15833333333333333
94176,0.6983333333333334
94177,0.75
94178,0.41000000000000003
94179,0.021666666666666667
94180,0.8416666666666667
94181,0.18500000000000003
94182,0.23833333333333329
94183,0.025
94184,0.21166666666666667
94185,0.5666666666666667
94186,0.04333333333333333
94187,0.09666666666666666
94188,0.19999999999999998
94189,0.6566666666666666
94190,0.5916666666666667
94191,0.9983333333333333
94192,0.37333333333333335
94193,0.9933333333333334
94194,0.30833333333333335
94195,0.5133333333333333
94196,0.18
94197,0.6766666666666666
94198,0.24166666666666664
94199,0.615
94200,0.03666666666666667
94201,0.6616666666666666
94202,0.19833333333333333
94203,0.21
94204,0.675
94205,0.075
94206,0.35500000000000004
94207,0.3916666666666666
94208,0.22999999999999998
94209,0.7783333333333333
94210,0.13333333333333333
94211,0.034999999999999996
94212,0.37666666666666665
94213,0.115
94214,0.3066666666666667
94215,0.7383333333333333
94216,0.013333333333333334
94217,0.34
94218,0.38666666666666666
94219,0.6683333333333333
94220,0.06333333333333332
94221,0.34
94222,0.105
94223,0.5816666666666667
94224,0.15166666666666667
94225,0.29666666666666663
94226,0.5583333333333333
94227,0.6233333333333333
94228,0.18666666666666665
94229,0.24
94230,0.03666666666666667
94231,0.10833333333333334
94232,0.12666666666666668
94233,0.7216666666666667
94234,0.9266666666666667
94235,0.3966666666666667
94236,0.24833333333333332
94237,0.07833333333333334
94238,0.7283333333333333
94239,0.026666666666666665
94240,0.5033333333333333
94241,0.3183333333333333
94242,0.20833333333333337
94243,0.17166666666666666
94244,0.28
94245,0.6649999999999999
94246,0.9333333333333333
94247,0.15666666666666668
94248,0.08833333333333335
94249,0.31166666666666665
94250,0.23500000000000001
94251,0.011666666666666667
94252,0.061666666666666675
94253,0.018333333333333333
94254,0.2633333333333333
94255,0.9750000000000001
94256,0.48500000000000004
94257,0.355
94258,0.19
94259,0.155
94260,0.8516666666666668
94261,0.67
94262,0.04833333333333333
94263,0.7133333333333334
94264,0.33166666666666667
94265,0.01
94266,0.85
94267,0.93
94268,0.23
94269,0.39
94270,0.20666666666666667
94271,0.8983333333333332
94272,0.5716666666666667
94273,0.37166666666666665
94274,0.9466666666666665
94275,0.43166666666666664
94276,0.023333333333333334
94277,0.6516666666666666
94278,0.08333333333333334
94279,0.5449999999999999
94280,0.35833333333333334
94281,0.21000000000000002
94282,0.4766666666666667
94283,0.4083333333333333
94284,0.30833333333333335
94285,0.6983333333333333
94286,0.5066666666666667
94287,0.22333333333333333
94288,0.28500000000000003
94289,0.2116666666666667
94290,0.44999999999999996
94291,0.2016666666666667
94292,0.41333333333333333
94293,0.13999999999999999
94294,0.6433333333333334
94295,0.29000000000000004
94296,0.11333333333333334
94297,0.18833333333333332
94298,0.9099999999999999
94299,0.04666666666666667
94300,0.23333333333333334
94301,0.5366666666666667
94302,0.6683333333333333
94303,0.8999999999999999
94304,0.9249999999999998
94305,0.37666666666666665
94306,0.10666666666666667
94307,0.12666666666666668
94308,0.635
94309,0.45499999999999996
94310,0.15666666666666668
94311,0.3383333333333334
94312,0.18333333333333332
94313,0.5133333333333333
94314,0.17833333333333332
94315,0.9616666666666667
94316,0.9583333333333333
94317,0.11499999999999999
94318,0.76
94319,0.30666666666666664
94320,0.013333333333333334
94321,0.2
94322,0.34
94323,0.10666666666666666
94324,0.9766666666666666
94325,0.465
94326,0.05666666666666667
94327,0.645
94328,0.19833333333333333
94329,0.060000000000000005
94330,0.19166666666666665
94331,0.31333333333333335
94332,0.12666666666666668
94333,0.6383333333333334
94334,0.018333333333333333
94335,0.24166666666666664
94336,0.12666666666666668
94337,0.6333333333333333
94338,0.8916666666666666
94339,0.09166666666666667
94340,0.0016666666666666668
94341,0.28833333333333333
94342,0.055
94343,0.08833333333333333
94344,0.315
94345,0.27999999999999997
94346,0.2366666666666667
94347,0.3383333333333333
94348,0.30666666666666664
94349,0.5383333333333333
94350,0.13999999999999999
94351,0.12166666666666667
94352,0.225
94353,0.8383333333333334
94354,0.17833333333333334
94355,0.515
94356,0.06166666666666666
94357,0.43333333333333335
94358,0.23666666666666664
94359,0.17166666666666666
94360,0.40666666666666673
94361,0.24
94362,0.33333333333333337
94363,0.44499999999999995
94364,0.13333333333333333
94365,0.33999999999999997
94366,0.7433333333333334
94367,0.18666666666666665
94368,0.29166666666666663
94369,0.6499999999999999
94370,0.005
94371,0.66
94372,0.5333333333333333
94373,0.33999999999999997
94374,0.2633333333333333
94375,0.13666666666666666
94376,0.9333333333333333
94377,0.18166666666666664
94378,0.25166666666666665
94379,0.018333333333333333
94380,0.33
94381,0.09666666666666668
94382,0.9816666666666666
94383,0.23333333333333334
94384,0.65
94385,0.0
94386,0.9666666666666667
94387,0.315
94388,0.3433333333333333
94389,0.055
94390,0.34833333333333333
94391,0.7933333333333333
94392,0.2816666666666667
94393,0.4183333333333333
94394,0.33166666666666667
94395,0.11000000000000001
94396,0.061666666666666675
94397,0.6966666666666667
94398,0.7066666666666667
94399,0.5266666666666667
94400,0.685
94401,0.305
94402,0.9716666666666667
94403,0.665
94404,0.6533333333333333
94405,0.12666666666666668
94406,0.6683333333333333
94407,0.65
94408,0.006666666666666667
94409,0.07166666666666667
94410,0.165
94411,0.5916666666666667
94412,0.32999999999999996
94413,0.016666666666666666
94414,0.33499999999999996
94415,0.6483333333333333
94416,0.15333333333333335
94417,0.015
94418,0.38333333333333336
94419,0.36833333333333335
94420,0.07333333333333333
94421,0.16666666666666666
94422,0.16166666666666668
94423,0.24333333333333335
94424,0.9783333333333333
94425,0.7183333333333333
94426,0.17
94427,0.19833333333333333
94428,0.1366666666666667
94429,0.05499999999999999
94430,0.25
94431,0.305
94432,0.4983333333333334
94433,0.9083333333333332
94434,0.17166666666666666
94435,0.405
94436,0.9649999999999999
94437,0.4916666666666667
94438,0.7083333333333334
94439,0.4916666666666667
94440,0.2733333333333334
94441,0.165
94442,0.33
94443,0.3066666666666667
94444,0.405
94445,0.043333333333333335
94446,0.21833333333333332
94447,0.36166666666666664
94448,0.03
94449,0.49
94450,0.08499999999999999
94451,0.25999999999999995
94452,0.45999999999999996
94453,0.3
94454,0.5283333333333333
94455,0.7916666666666666
94456,0.6533333333333333
94457,0.008333333333333333
94458,0.8866666666666666
94459,0.7566666666666667
94460,0.34
94461,0.3566666666666667
94462,0.028333333333333335
94463,0.7050000000000001
94464,0.4716666666666667
94465,0.6866666666666668
94466,0.37666666666666665
94467,0.75
94468,0.11
94469,0.2516666666666667
94470,0.185
94471,0.13
94472,0.2
94473,0.9583333333333333
94474,0.7683333333333333
94475,0.12333333333333332
94476,0.5983333333333333
94477,0.8300000000000001
94478,0.085
94479,0.32666666666666666
94480,0.435
94481,0.15833333333333333
94482,0.61
94483,0.6283333333333333
94484,0.9733333333333334
94485,0.67
94486,0.5983333333333334
94487,0.7616666666666667
94488,0.9666666666666666
94489,0.5533333333333333
94490,0.6816666666666666
94491,0.1983333333333333
94492,0.8816666666666666
94493,0.026666666666666665
94494,0.13333333333333333
94495,0.2733333333333333
94496,0.775
94497,0.013333333333333332
94498,0.7366666666666667
94499,0.7533333333333333
94500,0.37333333333333335
94501,0.04666666666666667
94502,0.25666666666666665
94503,0.04833333333333334
94504,0.20666666666666667
94505,0.2916666666666667
94506,0.11000000000000001
94507,0.018333333333333333
94508,0.6883333333333334
94509,0.6383333333333334
94510,0.29333333333333333
94511,0.25166666666666665
94512,0.37166666666666665
94513,0.011666666666666667
94514,0.16499999999999998
94515,0.7316666666666667
94516,0.12666666666666668
94517,0.58
94518,0.7300000000000001
94519,0.14833333333333334
94520,0.5166666666666667
94521,0.235
94522,0.26
94523,0.35500000000000004
94524,0.24333333333333335
94525,0.52
94526,0.375
94527,0.09333333333333334
94528,0.23666666666666664
94529,0.21000000000000002
94530,0.30000000000000004
94531,0.5916666666666667
94532,0.35833333333333334
94533,0.6316666666666666
94534,0.21333333333333332
94535,0.35
94536,0.6483333333333333
94537,0.20833333333333331
94538,0.2733333333333333
94539,0.32333333333333336
94540,0.9416666666666667
94541,0.275
94542,0.52
94543,0.29833333333333334
94544,0.7433333333333333
94545,0.39166666666666666
94546,0.02666666666666667
94547,0.19499999999999998
94548,0.56
94549,0.2366666666666667
94550,0.39
94551,0.7083333333333334
94552,0.7733333333333333
94553,0.02666666666666667
94554,0.6950000000000001
94555,0.21166666666666664
94556,0.023333333333333334
94557,0.345
94558,0.32833333333333337
94559,0.17833333333333334
94560,0.22999999999999998
94561,0.16
94562,0.115
94563,0.23833333333333334
94564,0.43666666666666665
94565,0.2733333333333333
94566,0.3883333333333333
94567,0.28500000000000003
94568,0.021666666666666667
94569,0.63
94570,0.06
94571,0.4966666666666667
94572,0.43333333333333335
94573,0.32166666666666666
94574,0.2916666666666667
94575,0.27
94576,0.33666666666666667
94577,0.13333333333333333
94578,0.9099999999999999
94579,0.051666666666666666
94580,0.9616666666666667
94581,0.12666666666666668
94582,0.07
94583,0.03333333333333333
94584,0.05666666666666667
94585,0.14166666666666666
94586,0.3516666666666667
94587,0.21833333333333332
94588,0.7883333333333333
94589,0.8483333333333334
94590,0.6683333333333333
94591,0.33166666666666667
94592,0.31999999999999995
94593,0.43833333333333335
94594,0.8716666666666667
94595,0.16666666666666666
94596,0.23333333333333334
94597,0.6766666666666666
94598,0.2833333333333333
94599,0.255
94600,0.22833333333333333
94601,0.665
94602,0.28500000000000003
94603,0.3516666666666667
94604,0.24333333333333335
94605,0.37166666666666665
94606,0.15666666666666665
94607,0.32166666666666666
94608,0.22999999999999998
94609,0.5466666666666666
94610,0.2733333333333333
94611,0.205
94612,0.7549999999999999
94613,0.08499999999999999
94614,0.6966666666666667
94615,0.15
94616,0.465
94617,0.09333333333333332
94618,0.32166666666666666
94619,0.12166666666666667
94620,0.7483333333333334
94621,0.26
94622,0.6766666666666666
94623,0.66
94624,0.75
94625,0.06333333333333332
94626,0.17666666666666664
94627,0.3883333333333333
94628,0.22
94629,0.12166666666666667
94630,0.21333333333333332
94631,0.5433333333333333
94632,0.18833333333333332
94633,0.08333333333333333
94634,0.03
94635,0.3566666666666667
94636,0.5816666666666667
94637,0.14666666666666667
94638,0.7916666666666666
94639,0.39166666666666666
94640,0.0016666666666666668
94641,0.22833333333333333
94642,0.018333333333333333
94643,0.4983333333333333
94644,0.24
94645,0.375
94646,0.24666666666666665
94647,0.19
94648,0.375
94649,0.18833333333333332
94650,0.19666666666666668
94651,0.835
94652,0.9550000000000001
94653,0.4016666666666666
94654,0.8883333333333334
94655,0.016666666666666666
94656,0.245
94657,0.7849999999999999
94658,0.44
94659,0.3666666666666667
94660,0.795
94661,0.3283333333333333
94662,0.19666666666666666
94663,0.13333333333333333
94664,0.14500000000000002
94665,0.3066666666666667
94666,0.13833333333333334
94667,0.35
94668,0.03
94669,0.025
94670,0.5299999999999999
94671,0.17833333333333334
94672,0.021666666666666667
94673,0.2683333333333333
94674,0.8183333333333334
94675,0.875
94676,0.685
94677,0.16166666666666665
94678,0.9083333333333332
94679,0.20833333333333334
94680,0.11833333333333333
94681,0.15833333333333333
94682,0.9316666666666666
94683,0.10666666666666667
94684,0.7433333333333334
94685,0.175
94686,0.755
94687,0.9433333333333334
94688,0.2733333333333334
94689,0.32833333333333337
94690,0.03333333333333333
94691,0.17833333333333332
94692,0.31166666666666665
94693,0.5583333333333333
94694,0.5333333333333333
94695,0.3483333333333334
94696,0.5833333333333334
94697,0.9483333333333333
94698,0.26166666666666666
94699,0.05666666666666667
94700,0.21
94701,0.008333333333333333
94702,0.6483333333333334
94703,0.6916666666666667
94704,0.7116666666666667
94705,0.595
94706,0.29833333333333334
94707,0.69
94708,0.27666666666666667
94709,0.66
94710,0.8783333333333332
94711,0.3816666666666667
94712,0.705
94713,0.74
94714,0.07666666666666667
94715,0.22666666666666666
94716,0.5866666666666667
94717,0.2683333333333333
94718,0.7783333333333333
94719,0.19166666666666668
94720,0.28
94721,0.655
94722,0.006666666666666667
94723,0.15666666666666668
94724,0.3833333333333333
94725,0.05
94726,0.15666666666666668
94727,0.6483333333333334
94728,0.7466666666666667
94729,0.32833333333333337
94730,0.4116666666666666
94731,0.9916666666666667
94732,0.31333333333333335
94733,0.7599999999999999
94734,0.7116666666666667
94735,0.16833333333333333
94736,0.945
94737,0.31333333333333335
94738,0.21666666666666667
94739,0.21500000000000002
94740,0.3633333333333333
94741,0.2816666666666667
94742,0.295
94743,0.5933333333333334
94744,0.38166666666666665
94745,0.6066666666666666
94746,0.8383333333333334
94747,0.2916666666666667
94748,0.18666666666666668
94749,0.31833333333333336
94750,0.30333333333333334
94751,0.30666666666666664
94752,0.8233333333333333
94753,0.5266666666666666
94754,0.2683333333333333
94755,0.2683333333333333
94756,0.043333333333333335
94757,0.09333333333333332
94758,0.13999999999999999
94759,0.265
94760,0.27666666666666667
94761,0.22
94762,0.7816666666666667
94763,0.3983333333333333
94764,0.02666666666666667
94765,0.7516666666666667
94766,0.37
94767,0.16166666666666668
94768,0.9166666666666667
94769,0.15166666666666667
94770,0.5
94771,0.22833333333333333
94772,0.23833333333333334
94773,0.09333333333333332
94774,0.45833333333333337
94775,0.3283333333333333
94776,0.5533333333333333
94777,0.055
94778,0.03
94779,0.20166666666666666
94780,0.515
94781,0.195
94782,0.32666666666666666
94783,0.028333333333333335
94784,0.5716666666666667
94785,0.03333333333333333
94786,0.46499999999999997
94787,0.27
94788,0.055
94789,0.42166666666666663
94790,0.585
94791,0.2866666666666667
94792,0.9649999999999999
94793,0.03
94794,0.13666666666666666
94795,0.2833333333333333
94796,0.23333333333333334
94797,0.2833333333333333
94798,0.023333333333333334
94799,0.355
94800,0.25166666666666665
94801,0.215
94802,0.8816666666666666
94803,0.45833333333333337
94804,0.10833333333333334
94805,0.43833333333333335
94806,0.21999999999999997
94807,0.3433333333333333
94808,0.07333333333333333
94809,0.14500000000000002
94810,0.665
94811,0.3766666666666667
94812,0.76
94813,0.10500000000000001
94814,0.09166666666666666
94815,0.2
94816,0.41833333333333333
94817,0.8833333333333333
94818,0.5016666666666667
94819,0.26
94820,0.505
94821,0.11833333333333333
94822,0.3566666666666667
94823,0.6383333333333333
94824,0.5483333333333333
94825,0.26
94826,0.9533333333333333
94827,0.42833333333333334
94828,0.18166666666666667
94829,0.24
94830,0.7033333333333333
94831,0.31166666666666665
94832,0.29666666666666663
94833,0.6766666666666666
94834,0.25333333333333335
94835,0.36333333333333334
94836,0.16333333333333333
94837,0.10166666666666666
94838,0.6333333333333333
94839,0.235
94840,0.39999999999999997
94841,0.18833333333333335
94842,0.21333333333333335
94843,0.9883333333333334
94844,0.5533333333333333
94845,0.6133333333333333
94846,0.4866666666666667
94847,0.4433333333333333
94848,0.09666666666666668
94849,0.6549999999999999
94850,0.19666666666666666
94851,0.13833333333333334
94852,0.5283333333333333
94853,0.28833333333333333
94854,0.5983333333333333
94855,0.23333333333333334
94856,0.31833333333333336
94857,0.16999999999999998
94858,0.35
94859,0.69
94860,0.016666666666666666
94861,0.19333333333333333
94862,0.2733333333333333
94863,0.09833333333333334
94864,0.10833333333333334
94865,0.03
94866,0.35500000000000004
94867,0.29333333333333333
94868,0.013333333333333332
94869,0.9166666666666667
94870,0.6666666666666666
94871,0.16
94872,0.175
94873,0.79
94874,0.8866666666666667
94875,0.18999999999999997
94876,0.6833333333333333
94877,0.4816666666666667
94878,0.18666666666666668
94879,0.19166666666666665
94880,0.6333333333333333
94881,0.1716666666666667
94882,0.6466666666666667
94883,0.40166666666666667
94884,0.39
94885,0.355
94886,0.7216666666666667
94887,0.4966666666666667
94888,0.5933333333333334
94889,0.5666666666666667
94890,0.245
94891,0.6466666666666666
94892,0.46166666666666667
94893,0.5816666666666667
94894,0.3383333333333333
94895,0.32
94896,0.35833333333333334
94897,0.9216666666666667
94898,0.3416666666666667
94899,0.16333333333333333
94900,0.18333333333333332
94901,0.41500000000000004
94902,0.03333333333333333
94903,0.9833333333333334
94904,0.525
94905,0.17833333333333334
94906,0.03833333333333333
94907,0.5183333333333333
94908,0.58
94909,0.6766666666666666
94910,0.37166666666666665
94911,0.3866666666666667
94912,0.051666666666666666
94913,0.16166666666666668
94914,0.24166666666666664
94915,0.7316666666666667
94916,0.011666666666666667
94917,0.09000000000000001
94918,0.44000000000000006
94919,0.36666666666666664
94920,0.98
94921,0.5966666666666667
94922,0.21166666666666667
94923,0.275
94924,0.5666666666666667
94925,0.9133333333333333
94926,0.17333333333333334
94927,0.4916666666666666
94928,0.2
94929,0.04833333333333334
94930,0.4816666666666667
94931,0.6766666666666666
94932,0.18833333333333335
94933,0.9866666666666666
94934,0.14833333333333334
94935,0.44833333333333336
94936,0.41333333333333333
94937,0.3383333333333333
94938,0.03833333333333334
94939,0.15333333333333332
94940,0.08833333333333333
94941,0.09333333333333334
94942,0.635
94943,0.145
94944,0.34833333333333333
94945,0.61
94946,0.9916666666666667
94947,0.01
94948,0.10333333333333333
94949,0.5366666666666666
94950,0.35833333333333334
94951,0.021666666666666667
94952,0.14166666666666666
94953,0.16333333333333333
94954,0.755
94955,0.01
94956,0.3283333333333333
94957,0.33999999999999997
94958,0.035
94959,0.5283333333333333
94960,0.03666666666666667
94961,0.7616666666666667
94962,0.6833333333333333
94963,0.5316666666666666
94964,0.2416666666666667
94965,0.5816666666666667
94966,0.35
94967,0.7050000000000001
94968,0.8733333333333334
94969,0.1933333333333333
94970,0.24166666666666667
94971,0.22833333333333333
94972,0.9549999999999998
94973,0.04666666666666667
94974,0.5666666666666667
94975,0.028333333333333335
94976,0.08333333333333334
94977,0.62
94978,0.6583333333333333
94979,0.72
94980,0.23333333333333334
94981,0.32499999999999996
94982,0.2466666666666667
94983,0.9616666666666667
94984,0.39166666666666666
94985,0.04
94986,0.41666666666666663
94987,0.6933333333333334
94988,0.10833333333333334
94989,0.7416666666666666
94990,0.28833333333333333
94991,0.6666666666666666
94992,0.41333333333333333
94993,0.5533333333333333
94994,0.06333333333333334
94995,0.8366666666666667
94996,0.3416666666666667
94997,0.2016666666666667
94998,0.3366666666666666
94999,0.245
95000,0.6766666666666667
95001,0.018333333333333333
95002,0.10666666666666669
95003,0.32
95004,0.195
95005,0.405
95006,0.21333333333333337
95007,0.6216666666666667
95008,0.24333333333333335
95009,0.006666666666666667
95010,0.165
95011,0.27999999999999997
95012,0.3533333333333333
95013,0.6216666666666667
95014,0.105
95015,0.935
95016,0.5533333333333333
95017,0.36333333333333334
95018,0.28500000000000003
95019,0.36666666666666664
95020,0.865
95021,0.19666666666666666
95022,0.8300000000000001
95023,0.9383333333333335
95024,0.365
95025,0.2416666666666667
95026,0.315
95027,0.2016666666666667
95028,0.18500000000000003
95029,0.15
95030,0.6566666666666667
95031,0.8733333333333333
95032,0.13833333333333334
95033,0.37166666666666665
95034,0.09666666666666668
95035,0.685
95036,0.09166666666666666
95037,0.34833333333333333
95038,0.705
95039,0.015
95040,0.5633333333333332
95041,0.12333333333333334
95042,0.98
95043,0.3633333333333333
95044,0.875
95045,0.41500000000000004
95046,0.013333333333333334
95047,0.6083333333333334
95048,0.043333333333333335
95049,0.745
95050,0.7216666666666666
95051,0.41833333333333333
95052,0.11166666666666666
95053,0.9116666666666666
95054,0.3333333333333333
95055,0.5533333333333333
95056,0.37333333333333335
95057,0.5750000000000001
95058,0.12666666666666668
95059,0.2683333333333333
95060,0.21333333333333332
95061,0.6349999999999999
95062,0.6716666666666666
95063,0.5966666666666667
95064,0.625
95065,0.98
95066,0.31833333333333336
95067,0.3383333333333333
95068,0.2816666666666667
95069,0.9916666666666667
95070,0.3383333333333333
95071,0.4766666666666667
95072,0.32166666666666666
95073,0.3
95074,0.27
95075,0.4633333333333334
95076,0.245
95077,0.21833333333333332
95078,0.20833333333333331
95079,0.145
95080,0.5933333333333334
95081,0.02666666666666667
95082,0.13999999999999999
95083,0.16
95084,0.058333333333333334
95085,0.42000000000000004
95086,0.35833333333333334
95087,0.011666666666666667
95088,0.11833333333333335
95089,0.16833333333333333
95090,0.6016666666666666
95091,0.53
95092,0.27999999999999997
95093,0.22000000000000003
95094,0.06666666666666667
95095,0.9883333333333333
95096,0.3816666666666667
95097,0.2683333333333333
95098,0.9783333333333334
95099,0.5433333333333333
95100,0.25666666666666665
95101,0.043333333333333335
95102,0.4966666666666667
95103,0.18333333333333332
95104,0.5583333333333333
95105,0.035
95106,0.028333333333333335
95107,0.16166666666666668
95108,0.7366666666666667
95109,0.23
95110,0.11333333333333333
95111,0.023333333333333334
95112,0.3566666666666667
95113,0.085
95114,0.03
95115,0.9666666666666666
95116,0.10666666666666667
95117,0.355
95118,0.025
95119,0.21666666666666667
95120,0.8966666666666667
95121,0.7266666666666666
95122,0.275
95123,0.14333333333333334
95124,0.31999999999999995
95125,0.16999999999999998
95126,0.23833333333333334
95127,0.6683333333333333
95128,0.26333333333333336
95129,0.35
95130,0.09999999999999999
95131,0.08333333333333333
95132,0.9116666666666666
95133,0.18333333333333335
95134,0.21
95135,0.8816666666666667
95136,0.10333333333333333
95137,0.77
95138,0.935
95139,0.015
95140,0.03166666666666666
95141,0.9083333333333332
95142,0.5883333333333334
95143,0.895
95144,0.02
95145,0.6066666666666667
95146,0.5533333333333333
95147,0.8133333333333335
95148,0.06
95149,0.265
95150,0.9199999999999999
95151,0.02
95152,0.30333333333333334
95153,0.5650000000000001
95154,0.10999999999999999
95155,0.18166666666666667
95156,0.16833333333333333
95157,0.6483333333333333
95158,0.185
95159,0.31
95160,0.4733333333333334
95161,0.7783333333333333
95162,0.26166666666666666
95163,0.016666666666666666
95164,0.54
95165,0.6416666666666666
95166,0.36
95167,0.44166666666666665
95168,0.06166666666666666
95169,0.4366666666666667
95170,0.7233333333333333
95171,0.095
95172,0.145
95173,0.68
95174,0.185
95175,0.255
95176,0.12833333333333333
95177,0.5616666666666666
95178,0.24666666666666665
95179,0.6883333333333334
95180,0.33
95181,0.8533333333333333
95182,0.2033333333333333
95183,0.32666666666666666
95184,0.016666666666666666
95185,0.028333333333333335
95186,0.295
95187,0.7633333333333334
95188,0.6566666666666666
95189,0.21000000000000002
95190,0.45666666666666667
95191,0.205
95192,0.10666666666666666
95193,0.38166666666666665
95194,0.015000000000000001
95195,0.15666666666666665
95196,0.3416666666666667
95197,0.03666666666666667
95198,0.17333333333333334
95199,0.405
95200,0.26
95201,0.6483333333333333
95202,0.45666666666666667
95203,0.02666666666666667
95204,0.36
95205,0.6866666666666666
95206,0.9299999999999999
95207,0.22833333333333333
95208,0.04666666666666667
95209,0.32
95210,0.7100000000000001
95211,0.12333333333333332
95212,0.245
95213,0.6216666666666666
95214,0.39
95215,0.6566666666666667
95216,0.41333333333333333
95217,0.026666666666666665
95218,0.36
95219,0.9233333333333333
95220,0.35
95221,0.051666666666666666
95222,0.9083333333333333
95223,0.6183333333333333
95224,0.1433333333333333
95225,0.5333333333333333
95226,0.7683333333333333
95227,0.24333333333333335
95228,0.006666666666666667
95229,0.39
95230,0.7150000000000001
95231,0.03
95232,0.41166666666666674
95233,0.33166666666666667
95234,0.018333333333333333
95235,0.016666666666666666
95236,0.4116666666666667
95237,0.015
95238,0.5816666666666667
95239,0.04833333333333334
95240,0.6749999999999999
95241,0.4933333333333333
95242,0.21
95243,0.095
95244,0.97
95245,0.5783333333333334
95246,0.5783333333333334
95247,0.185
95248,0.815
95249,0.9299999999999999
95250,0.22833333333333333
95251,0.5533333333333333
95252,0.5166666666666666
95253,0.9016666666666666
95254,0.29333333333333333
95255,0.30666666666666664
95256,0.47333333333333333
95257,0.6083333333333333
95258,0.17666666666666667
95259,0.7166666666666667
95260,0.3983333333333333
95261,0.32666666666666666
95262,0.2783333333333333
95263,0.4116666666666667
95264,0.41666666666666674
95265,0.53
95266,0.43333333333333335
95267,0.06499999999999999
95268,0.255
95269,0.9199999999999999
95270,0.016666666666666666
95271,0.05333333333333334
95272,0.30166666666666664
95273,0.21
95274,0.30333333333333334
95275,0.19166666666666668
95276,0.9683333333333334
95277,0.65
95278,0.11666666666666667
95279,0.38666666666666666
95280,0.32666666666666666
95281,0.4316666666666667
95282,0.23500000000000001
95283,0.6216666666666666
95284,0.05833333333333333
95285,0.38
95286,0.07
95287,0.3883333333333333
95288,0.45833333333333337
95289,0.285
95290,0.19166666666666665
95291,0.7016666666666667
95292,0.6516666666666666
95293,0.6283333333333333
95294,0.6583333333333333
95295,0.24333333333333332
95296,0.015
95297,0.28
95298,0.65
95299,0.16999999999999998
95300,0.30666666666666664
95301,0.07166666666666667
95302,0.13999999999999999
95303,0.565
95304,0.29833333333333334
95305,0.1
95306,0.21000000000000002
95307,0.30666666666666664
95308,0.5366666666666666
95309,0.12166666666666665
95310,0.29500000000000004
95311,0.3183333333333333
95312,0.4816666666666667
95313,0.8016666666666667
95314,0.5316666666666666
95315,0.28833333333333333
95316,0.9683333333333333
95317,0.4066666666666666
95318,0.785
95319,0.23833333333333334
95320,0.15666666666666668
95321,0.3333333333333333
95322,0.165
95323,0.3416666666666667
95324,0.68
95325,0.023333333333333334
95326,0.12833333333333333
95327,0.3083333333333333
95328,0.26
95329,0.26666666666666666
95330,0.26666666666666666
95331,0.5616666666666666
95332,0.9433333333333334
95333,0.36333333333333334
95334,0.76
95335,0.10166666666666667
95336,0.5433333333333333
95337,0.7383333333333333
95338,0.7283333333333334
95339,0.30666666666666664
95340,0.11166666666666666
95341,0.7933333333333333
95342,0.64
95343,0.2683333333333333
95344,0.27666666666666667
95345,0.5566666666666666
95346,0.845
95347,0.635
95348,0.07166666666666667
95349,0.63
95350,0.4083333333333333
95351,0.7699999999999999
95352,0.10833333333333334
95353,0.19
95354,0.05333333333333333
95355,0.02
95356,0.6016666666666666
95357,0.3566666666666667
95358,0.02333333333333333
95359,0.5416666666666667
95360,0.5449999999999999
95361,0.17
95362,0.011666666666666667
95363,0.2166666666666667
95364,0.155
95365,0.76
95366,0.73
95367,0.255
95368,0.5816666666666667
95369,0.18833333333333335
95370,0.44500000000000006
95371,0.7
95372,0.051666666666666666
95373,0.41000000000000003
95374,0.3616666666666667
95375,0.13
95376,0.295
95377,0.5666666666666667
95378,0.3
95379,0.9233333333333333
95380,0.21
95381,0.105
95382,0.3966666666666667
95383,0.09666666666666666
95384,0.13833333333333334
95385,0.21000000000000002
95386,0.9383333333333332
95387,0.6733333333333333
95388,0.9016666666666668
95389,0.65
95390,0.4816666666666667
95391,0.006666666666666667
95392,0.5733333333333334
95393,0.7949999999999999
95394,0.6416666666666667
95395,0.14833333333333332
95396,0.5583333333333333
95397,0.49
95398,0.5249999999999999
95399,0.7783333333333333
95400,0.6083333333333334
95401,0.36
95402,0.6583333333333333
95403,0.15666666666666668
95404,0.10166666666666667
95405,0.7283333333333333
95406,0.22833333333333333
95407,0.6816666666666666
95408,0.016666666666666666
95409,0.9199999999999999
95410,0.5283333333333333
95411,0.21166666666666667
95412,0.35333333333333333
95413,0.31166666666666665
95414,0.3416666666666667
95415,0.5633333333333334
95416,0.365
95417,0.26
95418,0.9116666666666666
95419,0.17833333333333334
95420,0.24999999999999997
95421,0.24833333333333335
95422,0.4166666666666667
95423,0.008333333333333333
95424,0.5983333333333334
95425,0.52
95426,0.6816666666666666
95427,0.6333333333333333
95428,0.6116666666666666
95429,0.13833333333333334
95430,0.07
95431,0.495
95432,0.5566666666666666
95433,0.7566666666666666
95434,0.21666666666666667
95435,0.11166666666666666
95436,0.7666666666666666
95437,0.3983333333333333
95438,0.03666666666666667
95439,0.5416666666666666
95440,0.4216666666666667
95441,0.28500000000000003
95442,0.5083333333333333
95443,0.43666666666666665
95444,0.3916666666666667
95445,0.705
95446,0.29500000000000004
95447,0.16833333333333333
95448,0.28500000000000003
95449,0.23666666666666664
95450,0.2816666666666667
95451,0.10333333333333333
95452,0.20166666666666666
95453,0.13666666666666666
95454,0.8799999999999999
95455,0.5633333333333332
95456,0.36
95457,0.9433333333333334
95458,0.35333333333333333
95459,0.48
95460,0.32
95461,0.31166666666666665
95462,0.12833333333333333
95463,0.011666666666666667
95464,0.7
95465,0.4083333333333333
95466,0.5366666666666667
95467,0.27166666666666667
95468,0.01
95469,0.8516666666666668
95470,0.42833333333333334
95471,0.43666666666666665
95472,0.305
95473,0.255
95474,0.8566666666666667
95475,0.6383333333333333
95476,0.23
95477,0.6766666666666666
95478,0.6883333333333334
95479,0.8499999999999999
95480,0.4066666666666666
95481,0.2866666666666667
95482,0.2
95483,0.22999999999999998
95484,0.03333333333333333
95485,0.2966666666666667
95486,0.28500000000000003
95487,0.245
95488,0.5683333333333334
95489,0.34500000000000003
95490,0.34500000000000003
95491,0.9333333333333333
95492,0.215
95493,0.28833333333333333
95494,0.8166666666666667
95495,0.30333333333333334
95496,0.12833333333333333
95497,0.27
95498,0.935
95499,0.08333333333333334
95500,0.44166666666666665
95501,0.35
95502,0.023333333333333334
95503,0.235
95504,0.8216666666666668
95505,0.17166666666666666
95506,0.21833333333333332
95507,0.495
95508,0.7649999999999999
95509,0.79
95510,0.2316666666666667
95511,0.8783333333333334
95512,0.31666666666666665
95513,0.9366666666666665
95514,0.22833333333333333
95515,0.7483333333333333
95516,0.43166666666666664
95517,0.6583333333333333
95518,0.9
95519,0.43666666666666665
95520,0.028333333333333335
95521,0.24333333333333335
95522,0.7283333333333333
95523,0.435
95524,0.016666666666666666
95525,0.18166666666666667
95526,0.22166666666666662
95527,0.5233333333333333
95528,0.5816666666666667
95529,0.1366666666666667
95530,0.6816666666666666
95531,0.7233333333333334
95532,0.22166666666666668
95533,0.17500000000000002
95534,0.9716666666666667
95535,0.575
95536,0.14
95537,0.21166666666666667
95538,0.72
95539,0.8483333333333334
95540,0.255
95541,0.085
95542,0.15
95543,0.03666666666666667
95544,0.015
95545,0.47
95546,0.37
95547,0.18166666666666667
95548,0.4233333333333333
95549,0.36666666666666664
95550,0.9749999999999999
95551,0.20666666666666667
95552,0.051666666666666666
95553,0.45166666666666666
95554,0.595
95555,0.5883333333333334
95556,0.095
95557,0.5016666666666667
95558,0.42833333333333334
95559,0.62
95560,0.5766666666666667
95561,0.7516666666666667
95562,0.4033333333333333
95563,0.016666666666666666
95564,0.043333333333333335
95565,0.9833333333333334
95566,0.4016666666666666
95567,0.006666666666666667
95568,0.18666666666666665
95569,0.19833333333333336
95570,0.5783333333333334
95571,0.16166666666666668
95572,0.305
95573,0.9083333333333333
95574,0.14333333333333334
95575,0.625
95576,0.23666666666666666
95577,0.22833333333333333
95578,0.825
95579,0.355
95580,0.515
95581,0.27166666666666667
95582,0.235
95583,0.6116666666666667
95584,0.24666666666666667
95585,0.03
95586,0.5583333333333333
95587,0.36
95588,0.32
95589,0.6783333333333333
95590,0.2866666666666667
95591,0.5716666666666667
95592,0.02
95593,0.9683333333333334
95594,0.34833333333333333
95595,0.16666666666666666
95596,0.05
95597,0.17333333333333334
95598,0.5966666666666667
95599,0.7516666666666667
95600,0.2733333333333333
95601,0.04666666666666666
95602,0.1433333333333333
95603,0.2916666666666667
95604,0.17333333333333334
95605,0.46499999999999997
95606,0.21333333333333332
95607,0.8483333333333334
95608,0.3883333333333333
95609,0.05
95610,0.5833333333333334
95611,0.395
95612,0.8916666666666666
95613,0.94
95614,0.51
95615,0.3766666666666667
95616,0.6066666666666666
95617,0.37
95618,0.44833333333333325
95619,0.7616666666666667
95620,0.1
95621,0.16333333333333336
95622,0.3566666666666667
95623,0.63
95624,0.6833333333333333
95625,0.3966666666666667
95626,0.3716666666666667
95627,0.028333333333333335
95628,0.19666666666666666
95629,0.6
95630,0.12000000000000001
95631,0.32
95632,0.925
95633,0.32
95634,0.3983333333333333
95635,0.36
95636,0.7233333333333333
95637,0.41833333333333333
95638,0.07166666666666667
95639,0.023333333333333334
95640,0.9833333333333334
95641,0.225
95642,0.19833333333333336
95643,0.8483333333333334
95644,0.6183333333333334
95645,0.034999999999999996
95646,0.7666666666666666
95647,0.3233333333333333
95648,0.7066666666666667
95649,0.755
95650,0.1366666666666667
95651,0.31166666666666665
95652,0.28833333333333333
95653,0.14666666666666667
95654,0.6216666666666666
95655,0.155
95656,0.5583333333333333
95657,0.043333333333333335
95658,0.5916666666666667
95659,0.6799999999999999
95660,0.10666666666666667
95661,0.4733333333333333
95662,0.19666666666666666
95663,0.043333333333333335
95664,0.21666666666666667
95665,0.3466666666666667
95666,0.15000000000000002
95667,0.5566666666666666
95668,0.825
95669,0.5783333333333334
95670,0.5366666666666666
95671,0.245
95672,0.17333333333333334
95673,0.4916666666666667
95674,0.18666666666666668
95675,0.9683333333333333
95676,0.315
95677,0.37333333333333335
95678,0.4033333333333333
95679,0.21333333333333332
95680,0.9649999999999999
95681,0.22666666666666668
95682,0.29500000000000004
95683,0.05333333333333333
95684,0.023333333333333334
95685,0.8083333333333333
95686,0.23666666666666664
95687,0.3466666666666667
95688,0.5466666666666666
95689,0.7200000000000001
95690,0.17500000000000002
95691,0.30166666666666664
95692,0.21833333333333332
95693,0.10333333333333333
95694,0.43333333333333335
95695,0.12666666666666668
95696,0.14833333333333332
95697,0.34833333333333333
95698,0.07666666666666666
95699,0.28833333333333333
95700,0.12
95701,0.11499999999999999
95702,0.29000000000000004
95703,0.7683333333333333
95704,0.30666666666666664
95705,0.7083333333333334
95706,0.325
95707,0.625
95708,0.65
95709,0.8166666666666667
95710,0.5283333333333333
95711,0.59
95712,0.016666666666666666
95713,0.165
95714,0.26666666666666666
95715,0.5066666666666667
95716,0.4066666666666667
95717,0.82
95718,0.07666666666666666
95719,0.25
95720,0.24166666666666667
95721,0.43
95722,0.12
95723,0.11
95724,0.21666666666666667
95725,0.7450000000000001
95726,0.365
95727,0.2816666666666667
95728,0.54
95729,0.2316666666666667
95730,0.38666666666666666
95731,0.845
95732,0.2733333333333334
95733,0.6916666666666667
95734,0.6900000000000001
95735,0.22
95736,0.77
95737,0.8566666666666667
95738,0.27
95739,0.24
95740,0.6566666666666666
95741,0.24
95742,0.9183333333333333
95743,0.11499999999999999
95744,0.24666666666666667
95745,0.145
95746,0.46499999999999997
95747,0.3516666666666667
95748,0.7016666666666667
95749,0.31
95750,0.11333333333333333
95751,0.25666666666666665
95752,0.8483333333333333
95753,0.5716666666666667
95754,0.9233333333333333
95755,0.655
95756,0.21333333333333332
95757,0.23333333333333334
95758,0.9433333333333334
95759,0.30166666666666664
95760,0.6633333333333334
95761,0.6866666666666666
95762,0.1766666666666667
95763,0.195
95764,0.10666666666666667
95765,0.7200000000000001
95766,0.3566666666666667
95767,0.605
95768,0.15500000000000003
95769,0.5716666666666667
95770,0.27
95771,0.12
95772,0.15166666666666667
95773,0.6783333333333333
95774,0.8
95775,0.11333333333333334
95776,0.25333333333333335
95777,0.9733333333333334
95778,0.023333333333333334
95779,0.52
95780,0.5883333333333333
95781,0.11833333333333335
95782,0.665
95783,0.15833333333333335
95784,0.02666666666666667
95785,0.38666666666666666
95786,0.305
95787,0.07500000000000001
95788,0.006666666666666667
95789,0.24833333333333335
95790,0.3016666666666667
95791,0.37666666666666665
95792,0.32
95793,0.3233333333333333
95794,0.4933333333333333
95795,0.315
95796,0.23333333333333334
95797,0.24333333333333335
95798,0.21666666666666667
95799,0.74
95800,0.4083333333333333
95801,0.3783333333333334
95802,0.035
95803,0.5816666666666667
95804,0.10166666666666667
95805,0.40499999999999997
95806,0.19
95807,0.38
95808,0.9116666666666667
95809,0.44666666666666666
95810,0.9299999999999999
95811,0.09666666666666666
95812,0.8716666666666667
95813,0.2066666666666667
95814,0.6683333333333333
95815,0.19333333333333333
95816,0.9733333333333334
95817,0.05499999999999999
95818,0.14166666666666666
95819,0.17333333333333334
95820,0.125
95821,0.495
95822,0.08333333333333333
95823,0.4733333333333333
95824,0.005
95825,0.07833333333333332
95826,0.015000000000000001
95827,0.5750000000000001
95828,0.5316666666666666
95829,0.7849999999999999
95830,0.24
95831,0.10166666666666667
95832,0.045
95833,0.305
95834,0.2816666666666667
95835,0.6583333333333333
95836,0.6466666666666666
95837,0.10166666666666666
95838,0.15666666666666668
95839,0.08833333333333333
95840,0.026666666666666665
95841,0.485
95842,0.03166666666666667
95843,0.71
95844,0.175
95845,0.845
95846,0.4116666666666666
95847,0.27666666666666667
95848,0.205
95849,0.19999999999999998
95850,0.4933333333333333
95851,0.3883333333333333
95852,0.63
95853,0.6216666666666667
95854,0.6783333333333333
95855,0.9466666666666665
95856,0.23333333333333336
95857,0.30833333333333335
95858,0.8966666666666667
95859,0.6566666666666666
95860,0.36833333333333335
95861,0.32166666666666666
95862,0.37
95863,0.6116666666666666
95864,0.5216666666666667
95865,0.025
95866,0.14666666666666667
95867,0.16833333333333333
95868,0.13
95869,0.025
95870,0.006666666666666667
95871,0.21666666666666667
95872,0.5033333333333333
95873,0.465
95874,0.26666666666666666
95875,0.6283333333333334
95876,0.8183333333333334
95877,0.5866666666666667
95878,0.19
95879,0.008333333333333333
95880,0.08166666666666667
95881,0.15166666666666667
95882,0.07666666666666666
95883,0.43166666666666664
95884,0.265
95885,0.6816666666666666
95886,0.15166666666666667
95887,0.46166666666666667
95888,0.13666666666666666
95889,0.3233333333333333
95890,0.47
95891,0.16333333333333333
95892,0.23500000000000001
95893,0.2733333333333333
95894,0.20833333333333334
95895,0.6200000000000001
95896,0.28
95897,0.635
95898,0.12833333333333333
95899,0.6966666666666667
95900,0.13333333333333333
95901,0.5916666666666667
95902,0.021666666666666667
95903,0.2366666666666667
95904,0.245
95905,0.895
95906,0.3616666666666667
95907,0.33
95908,0.23333333333333334
95909,0.22833333333333333
95910,0.2683333333333333
95911,0.18166666666666667
95912,0.335
95913,0.355
95914,0.13833333333333334
95915,0.65
95916,0.11333333333333334
95917,0.22333333333333333
95918,0.3
95919,0.8883333333333334
95920,0.15333333333333335
95921,0.38666666666666666
95922,0.6983333333333334
95923,0.30666666666666664
95924,0.3383333333333334
95925,0.9316666666666666
95926,0.11
95927,0.7666666666666666
95928,0.021666666666666667
95929,0.6933333333333334
95930,0.6200000000000001
95931,0.8150000000000002
95932,0.665
95933,0.73
95934,0.07833333333333334
95935,0.655
95936,0.31666666666666665
95937,0.175
95938,0.006666666666666667
95939,0.41
95940,0.05333333333333333
95941,0.5316666666666667
95942,0.1766666666666667
95943,0.3933333333333333
95944,0.7066666666666668
95945,0.6566666666666666
95946,0.245
95947,0.6583333333333333
95948,0.17166666666666666
95949,0.24
95950,0.18833333333333335
95951,0.47000000000000003
95952,0.6183333333333334
95953,0.09666666666666668
95954,0.3433333333333334
95955,0.8566666666666667
95956,0.15166666666666667
95957,0.545
95958,0.9566666666666666
95959,0.22166666666666668
95960,0.6900000000000001
95961,0.3616666666666667
95962,0.5066666666666667
95963,0.19
95964,0.3216666666666667
95965,0.5783333333333334
95966,0.21666666666666667
95967,0.73
95968,0.8616666666666666
95969,0.23333333333333334
95970,0.15166666666666667
95971,0.3233333333333333
95972,0.5066666666666667
95973,0.2783333333333333
95974,0.465
95975,0.5933333333333334
95976,0.65
95977,0.3883333333333333
95978,0.365
95979,0.9516666666666667
95980,0.013333333333333334
95981,0.17833333333333334
95982,0.45500000000000007
95983,0.5516666666666666
95984,0.08166666666666667
95985,0.3283333333333333
95986,0.49
95987,0.74
95988,0.165
95989,0.026666666666666665
95990,0.7433333333333333
95991,0.4683333333333334
95992,0.3616666666666667
95993,0.4033333333333333
95994,0.03333333333333333
95995,0.6266666666666667
95996,0.39
95997,0.16
95998,0.6433333333333334
95999,0.04166666666666667
96000,0.5216666666666667
96001,0.27499999999999997
96002,0.33499999999999996
96003,0.17166666666666666
96004,0.9883333333333333
96005,0.6233333333333333
96006,0.485
96007,0.215
96008,0.125
96009,0.33333333333333337
96010,0.03333333333333333
96011,0.31666666666666665
96012,0.7283333333333333
96013,0.03833333333333334
96014,0.14666666666666667
96015,0.04
96016,0.04833333333333334
96017,0.955
96018,0.235
96019,0.36166666666666664
96020,0.36833333333333335
96021,0.535
96022,0.2533333333333333
96023,0.33666666666666667
96024,0.29000000000000004
96025,0.6783333333333333
96026,0.8966666666666667
96027,0.6366666666666666
96028,0.5033333333333334
96029,0.43999999999999995
96030,0.2883333333333334
96031,0.9666666666666667
96032,0.9066666666666667
96033,0.16999999999999998
96034,0.7033333333333334
96035,0.08333333333333333
96036,0.9833333333333333
96037,0.4783333333333333
96038,0.07
96039,0.8966666666666667
96040,0.8066666666666666
96041,0.6666666666666666
96042,0.295
96043,0.19333333333333333
96044,0.6233333333333333
96045,0.1983333333333333
96046,0.245
96047,0.2916666666666667
96048,0.021666666666666667
96049,0.5800000000000001
96050,0.4733333333333333
96051,0.235
96052,0.04
96053,0.2783333333333333
96054,0.24
96055,0.7050000000000001
96056,0.23166666666666666
96057,0.26666666666666666
96058,0.33333333333333337
96059,0.255
96060,0.5833333333333334
96061,0.030000000000000002
96062,0.5366666666666667
96063,0.016666666666666666
96064,0.32666666666666666
96065,0.2683333333333333
96066,0.31166666666666665
96067,0.14833333333333332
96068,0.25333333333333335
96069,0.6766666666666667
96070,0.6216666666666667
96071,0.065
96072,0.14833333333333332
96073,0.2866666666666667
96074,0.3516666666666667
96075,0.5083333333333333
96076,0.06666666666666667
96077,0.42666666666666664
96078,0.9166666666666667
96079,0.20499999999999996
96080,0.405
96081,0.045
96082,0.2833333333333333
96083,0.018333333333333333
96084,0.9633333333333333
96085,0.2683333333333333
96086,0.8900000000000001
96087,0.3633333333333333
96088,0.265
96089,0.605
96090,0.2866666666666666
96091,0.008333333333333333
96092,0.25666666666666665
96093,0.8500000000000001
96094,0.45166666666666666
96095,0.3083333333333333
96096,0.18666666666666665
96097,0.06333333333333334
96098,0.335
96099,0.3416666666666667
96100,0.2316666666666667
96101,0.495
96102,0.75
96103,0.04166666666666667
96104,0.8049999999999999
96105,0.295
96106,0.2316666666666667
96107,0.3
96108,0.5033333333333333
96109,0.10166666666666667
96110,0.9966666666666667
96111,0.03833333333333333
96112,0.26666666666666666
96113,0.395
96114,0.2416666666666667
96115,0.41
96116,0.11833333333333335
96117,0.1983333333333333
96118,0.36333333333333334
96119,0.6883333333333334
96120,0.29166666666666663
96121,0.29333333333333333
96122,0.25
96123,0.17833333333333334
96124,0.2783333333333333
96125,0.6316666666666667
96126,0.6416666666666666
96127,0.94
96128,0.028333333333333335
96129,0.22000000000000003
96130,0.8416666666666666
96131,0.016666666666666666
96132,0.06666666666666667
96133,0.14333333333333334
96134,0.29833333333333334
96135,0.2
96136,0.61
96137,0.14500000000000002
96138,0.38166666666666665
96139,0.8933333333333333
96140,0.395
96141,0.6000000000000001
96142,0.575
96143,0.3833333333333333
96144,0.11666666666666668
96145,0.015
96146,0.47
96147,0.4
96148,0.22999999999999998
96149,0.17833333333333332
96150,0.205
96151,0.3433333333333334
96152,0.21166666666666667
96153,0.9616666666666666
96154,0.5716666666666667
96155,0.7816666666666666
96156,0.7783333333333333
96157,0.275
96158,0.19166666666666668
96159,0.46166666666666667
96160,0.5033333333333333
96161,0.4866666666666666
96162,0.22999999999999998
96163,0.355
96164,0.5366666666666666
96165,0.016666666666666666
96166,0.24333333333333332
96167,0.395
96168,0.6266666666666667
96169,0.7316666666666667
96170,0.9566666666666666
96171,0.20500000000000002
96172,0.19333333333333336
96173,0.5483333333333333
96174,0.4733333333333333
96175,0.6516666666666666
96176,0.6716666666666666
96177,0.42833333333333334
96178,0.011666666666666667
96179,0.2
96180,0.13333333333333333
96181,0.4166666666666667
96182,0.3566666666666667
96183,0.51
96184,0.5233333333333334
96185,0.28500000000000003
96186,0.185
96187,0.8800000000000001
96188,0.7283333333333333
96189,0.23500000000000001
96190,0.07
96191,0.49833333333333335
96192,0.76
96193,0.985
96194,0.25166666666666665
96195,0.765
96196,0.7683333333333334
96197,0.3933333333333333
96198,0.9383333333333332
96199,0.25
96200,0.94
96201,0.52
96202,0.14666666666666667
96203,0.245
96204,0.15666666666666668
96205,0.2833333333333333
96206,0.14500000000000002
96207,0.19666666666666666
96208,0.06166666666666666
96209,0.03166666666666667
96210,0.6366666666666667
96211,0.22166666666666665
96212,0.4533333333333333
96213,0.7566666666666666
96214,0.12166666666666667
96215,0.17
96216,0.04666666666666667
96217,0.18
96218,0.255
96219,0.19166666666666665
96220,0.23666666666666666
96221,0.7350000000000001
96222,0.55
96223,0.32
96224,0.295
96225,0.9116666666666666
96226,0.9933333333333333
96227,0.205
96228,0.9516666666666668
96229,0.4983333333333333
96230,0.3216666666666667
96231,0.4666666666666667
96232,0.35833333333333334
96233,0.5816666666666667
96234,0.38
96235,0.23500000000000001
96236,0.3883333333333333
96237,0.06666666666666667
96238,0.235
96239,0.7533333333333334
96240,0.24
96241,0.7183333333333334
96242,0.7366666666666666
96243,0.5633333333333334
96244,0.265
96245,0.043333333333333335
96246,0.30333333333333334
96247,0.8999999999999999
96248,0.16333333333333333
96249,0.61
96250,0.6966666666666667
96251,0.23
96252,0.25
96253,0.3516666666666667
96254,0.215
96255,0.43833333333333335
96256,0.33499999999999996
96257,0.08333333333333334
96258,0.005
96259,0.6849999999999999
96260,0.245
96261,0.7833333333333332
96262,0.5583333333333333
96263,0.5116666666666666
96264,0.6
96265,0.76
96266,0.05
96267,0.9033333333333333
96268,0.585
96269,0.2833333333333333
96270,0.12666666666666668
96271,0.9450000000000001
96272,0.21999999999999997
96273,0.04666666666666666
96274,0.5766666666666667
96275,0.24666666666666667
96276,0.7666666666666666
96277,0.575
96278,0.19
96279,0.12000000000000002
96280,0.33166666666666667
96281,0.3083333333333333
96282,0.15333333333333332
96283,0.54
96284,0.5383333333333333
96285,0.9883333333333333
96286,0.495
96287,0.66
96288,0.23
96289,0.20499999999999996
96290,0.30166666666666664
96291,0.2033333333333333
96292,0.12666666666666665
96293,0.10500000000000001
96294,0.20500000000000002
96295,0.335
96296,0.7283333333333333
96297,0.29333333333333333
96298,0.3683333333333333
96299,0.4033333333333334
96300,0.2366666666666667
96301,0.7050000000000001
96302,0.26
96303,0.685
96304,0.9516666666666667
96305,0.5633333333333334
96306,0.22333333333333333
96307,0.32666666666666666
96308,0.7466666666666667
96309,0.37333333333333335
96310,0.2966666666666667
96311,0.3566666666666667
96312,0.475
96313,0.315
96314,0.04833333333333334
96315,0.7066666666666667
96316,0.16833333333333333
96317,0.6733333333333333
96318,0.21500000000000002
96319,0.6116666666666667
96320,0.175
96321,0.3883333333333333
96322,0.18333333333333332
96323,0.4116666666666667
96324,0.15166666666666664
96325,0.4083333333333333
96326,0.028333333333333335
96327,0.5916666666666667
96328,0.44333333333333336
96329,0.19166666666666668
96330,0.6783333333333333
96331,0.03166666666666667
96332,0.62
96333,0.415
96334,0.245
96335,0.26166666666666666
96336,0.6616666666666667
96337,0.11666666666666667
96338,0.135
96339,0.33333333333333337
96340,0.71
96341,0.29833333333333334
96342,0.32833333333333337
96343,0.40499999999999997
96344,0.2733333333333333
96345,0.3633333333333333
96346,0.3933333333333333
96347,0.16999999999999998
96348,0.505
96349,0.29333333333333333
96350,0.7166666666666668
96351,0.7983333333333333
96352,0.2916666666666667
96353,0.36
96354,0.08
96355,0.12
96356,0.09833333333333334
96357,0.023333333333333334
96358,0.475
96359,0.7266666666666667
96360,0.051666666666666666
96361,0.3383333333333334
96362,0.13666666666666666
96363,0.008333333333333333
96364,0.39999999999999997
96365,0.2966666666666667
96366,0.35333333333333333
96367,0.17166666666666666
96368,0.9766666666666666
96369,0.023333333333333334
96370,0.675
96371,0.09833333333333334
96372,0.2716666666666666
96373,0.31166666666666665
96374,0.305
96375,0.6783333333333333
96376,0.028333333333333335
96377,0.31833333333333336
96378,0.20333333333333334
96379,0.14833333333333334
96380,0.13166666666666668
96381,0.1366666666666667
96382,0.7649999999999999
96383,0.935
96384,0.14
96385,0.21166666666666667
96386,0.7016666666666667
96387,0.15666666666666665
96388,0.12333333333333332
96389,0.16333333333333333
96390,0.29333333333333333
96391,0.16
96392,0.355
96393,0.03166666666666667
96394,0.94
96395,0.56
96396,0.41333333333333333
96397,0.3466666666666666
96398,0.48
96399,0.12000000000000001
96400,0.6516666666666666
96401,0.3966666666666667
96402,0.42833333333333334
96403,0.25333333333333335
96404,0.72
96405,0.9933333333333334
96406,0.16166666666666668
96407,0.2733333333333333
96408,0.5933333333333333
96409,0.5299999999999999
96410,0.24166666666666667
96411,0.12333333333333334
96412,0.33999999999999997
96413,0.11833333333333335
96414,0.13666666666666666
96415,0.34
96416,0.7633333333333333
96417,0.016666666666666666
96418,0.3233333333333333
96419,0.6416666666666667
96420,0.07166666666666667
96421,0.21833333333333332
96422,0.935
96423,0.7466666666666667
96424,0.018333333333333333
96425,0.295
96426,0.58
96427,0.5683333333333334
96428,0.31333333333333335
96429,0.835
96430,0.2866666666666667
96431,0.16499999999999998
96432,0.6799999999999999
96433,0.145
96434,0.36333333333333334
96435,0.165
96436,0.6616666666666667
96437,0.15666666666666665
96438,0.5383333333333333
96439,0.35333333333333333
96440,0.21666666666666667
96441,0.15166666666666667
96442,0.395
96443,0.5833333333333334
96444,0.64
96445,0.34
96446,0.6133333333333333
96447,0.35333333333333333
96448,0.5283333333333333
96449,0.49500000000000005
96450,0.041666666666666664
96451,0.265
96452,0.06666666666666667
96453,0.5366666666666666
96454,0.26166666666666666
96455,0.6549999999999999
96456,0.19166666666666665
96457,0.045000000000000005
96458,0.3983333333333333
96459,0.16166666666666665
96460,0.3116666666666667
96461,0.19999999999999998
96462,0.045000000000000005
96463,0.7016666666666667
96464,0.655
96465,0.7266666666666667
96466,0.3416666666666667
96467,0.485
96468,0.935
96469,0.4966666666666667
96470,0.26
96471,0.15
96472,0.5033333333333333
96473,0.6483333333333333
96474,0.255
96475,0.7716666666666667
96476,0.485
96477,0.6883333333333334
96478,0.31
96479,0.51
96480,0.6533333333333333
96481,0.9783333333333333
96482,0.45666666666666667
96483,0.11000000000000001
96484,0.6733333333333332
96485,0.7783333333333333
96486,0.4099999999999999
96487,0.45166666666666666
96488,0.5116666666666667
96489,0.015000000000000001
96490,0.105
96491,0.19999999999999998
96492,0.49666666666666665
96493,0.99
96494,0.8216666666666667
96495,0.175
96496,0.3383333333333333
96497,0.05
96498,0.20833333333333331
96499,0.5833333333333334
96500,0.8016666666666667
96501,0.3566666666666667
96502,0.7433333333333334
96503,0.25666666666666665
96504,0.19333333333333336
96505,0.23333333333333334
96506,0.034999999999999996
96507,0.26833333333333337
96508,0.715
96509,0.35833333333333334
96510,0.21666666666666667
96511,0.17
96512,0.6883333333333334
96513,0.4766666666666667
96514,0.395
96515,0.2
96516,0.4433333333333333
96517,0.5266666666666667
96518,0.915
96519,0.5883333333333334
96520,0.016666666666666666
96521,0.7716666666666667
96522,0.11666666666666667
96523,0.38
96524,0.25333333333333335
96525,0.30666666666666664
96526,0.16833333333333333
96527,0.6799999999999999
96528,0.11666666666666667
96529,0.2816666666666667
96530,0.52
96531,0.6083333333333333
96532,0.1716666666666667
96533,0.715
96534,0.5366666666666666
96535,0.2616666666666667
96536,0.9083333333333332
96537,0.61
96538,0.7783333333333333
96539,0.22666666666666668
96540,0.3883333333333333
96541,0.32999999999999996
96542,0.19333333333333333
96543,0.36
96544,0.5666666666666667
96545,0.9983333333333333
96546,0.6283333333333333
96547,0.03166666666666667
96548,0.3933333333333333
96549,0.605
96550,0.16666666666666669
96551,0.09333333333333334
96552,0.7516666666666667
96553,0.5033333333333333
96554,0.7733333333333333
96555,0.15333333333333332
96556,0.29
96557,0.5766666666666667
96558,0.2783333333333333
96559,0.006666666666666667
96560,0.8816666666666666
96561,0.6883333333333334
96562,0.5366666666666666
96563,0.22999999999999998
96564,0.42
96565,0.6183333333333334
96566,0.22833333333333333
96567,0.36833333333333335
96568,0.25333333333333335
96569,0.20833333333333334
96570,0.4716666666666667
96571,0.335
96572,0.6633333333333333
96573,0.07833333333333334
96574,0.2816666666666667
96575,0.24666666666666667
96576,0.25666666666666665
96577,0.5116666666666667
96578,0.5416666666666666
96579,0.3333333333333333
96580,0.30000000000000004
96581,0.021666666666666667
96582,0.6666666666666667
96583,0.7616666666666667
96584,0.008333333333333333
96585,0.22333333333333336
96586,0.43500000000000005
96587,0.47333333333333333
96588,0.061666666666666675
96589,0.13
96590,0.22333333333333333
96591,0.24166666666666664
96592,0.3433333333333334
96593,0.43833333333333335
96594,0.7616666666666666
96595,0.05333333333333334
96596,0.15
96597,0.29666666666666663
96598,0.165
96599,0.2716666666666666
96600,0.4933333333333333
96601,0.06333333333333334
96602,0.735
96603,0.8533333333333334
96604,0.04666666666666667
96605,0.6533333333333334
96606,0.32666666666666666
96607,0.6116666666666666
96608,0.03
96609,0.26166666666666666
96610,0.043333333333333335
96611,0.235
96612,0.245
96613,0.06
96614,0.165
96615,0.6016666666666667
96616,0.5633333333333334
96617,0.14
96618,0.325
96619,0.32499999999999996
96620,0.6366666666666667
96621,0.19333333333333333
96622,0.11333333333333334
96623,0.22333333333333333
96624,0.03333333333333333
96625,0.5366666666666666
96626,0.045000000000000005
96627,0.805
96628,0.8016666666666667
96629,0.72
96630,0.21000000000000002
96631,0.1716666666666667
96632,0.29333333333333333
96633,0.185
96634,0.3566666666666667
96635,0.19999999999999998
96636,0.21833333333333332
96637,0.31000000000000005
96638,0.64
96639,0.265
96640,0.3083333333333333
96641,0.14333333333333334
96642,0.17
96643,0.05166666666666667
96644,0.2833333333333333
96645,0.05333333333333333
96646,0.15833333333333333
96647,0.11166666666666666
96648,0.5416666666666666
96649,0.8766666666666667
96650,0.23166666666666663
96651,0.22166666666666668
96652,0.9316666666666666
96653,0.11666666666666667
96654,0.10666666666666666
96655,0.12333333333333332
96656,0.18833333333333332
96657,0.255
96658,0.095
96659,0.98
96660,0.051666666666666666
96661,0.9833333333333334
96662,0.2633333333333333
96663,0.10166666666666667
96664,0.7133333333333334
96665,0.2833333333333333
96666,0.19333333333333333
96667,0.2866666666666667
96668,0.7566666666666667
96669,0.23666666666666664
96670,0.9166666666666667
96671,0.6116666666666667
96672,0.06833333333333334
96673,0.185
96674,0.03333333333333333
96675,0.22666666666666663
96676,0.29333333333333333
96677,0.885
96678,0.025
96679,0.34833333333333333
96680,0.30833333333333335
96681,0.27
96682,0.13
96683,0.24333333333333332
96684,0.68
96685,0.3666666666666667
96686,0.8533333333333333
96687,0.5766666666666667
96688,0.755
96689,0.9549999999999998
96690,0.11833333333333332
96691,0.355
96692,0.04666666666666667
96693,0.745
96694,0.20833333333333334
96695,0.235
96696,0.7350000000000001
96697,0.2783333333333333
96698,0.09333333333333334
96699,0.5549999999999999
96700,0.06833333333333333
96701,0.35000000000000003
96702,0.22333333333333333
96703,0.21166666666666667
96704,0.2733333333333333
96705,0.6849999999999999
96706,0.3666666666666667
96707,0.27666666666666667
96708,0.26666666666666666
96709,0.3566666666666667
96710,0.7599999999999999
96711,0.075
96712,0.5316666666666666
96713,0.24666666666666665
96714,0.20500000000000002
96715,0.46333333333333326
96716,0.25333333333333335
96717,0.03833333333333333
96718,0.12
96719,0.3566666666666667
96720,0.5983333333333334
96721,0.3566666666666667
96722,0.7133333333333333
96723,0.03666666666666667
96724,0.6483333333333333
96725,0.29833333333333334
96726,0.505
96727,0.018333333333333333
96728,0.013333333333333334
96729,0.2366666666666667
96730,0.765
96731,0.13333333333333336
96732,0.19166666666666665
96733,0.3466666666666667
96734,0.11499999999999999
96735,0.15833333333333333
96736,0.665
96737,0.23
96738,0.685
96739,0.24333333333333335
96740,0.71
96741,0.16166666666666668
96742,0.24166666666666667
96743,0.30166666666666664
96744,0.7783333333333333
96745,0.07666666666666666
96746,0.20666666666666664
96747,0.31333333333333335
96748,0.2966666666666667
96749,0.365
96750,0.24
96751,0.9533333333333334
96752,0.23166666666666666
96753,0.31166666666666665
96754,0.6266666666666667
96755,0.32333333333333336
96756,0.29333333333333333
96757,0.29166666666666663
96758,0.11833333333333335
96759,0.22666666666666668
96760,0.125
96761,0.6733333333333333
96762,0.22500000000000003
96763,0.8
96764,0.095
96765,0.6633333333333333
96766,0.22333333333333333
96767,0.21333333333333332
96768,0.3
96769,0.26666666666666666
96770,0.485
96771,0.13833333333333334
96772,0.6433333333333333
96773,0.42833333333333334
96774,0.2733333333333333
96775,0.48500000000000004
96776,0.675
96777,0.6683333333333333
96778,0.3883333333333333
96779,0.4733333333333333
96780,0.3
96781,0.23666666666666666
96782,0.36
96783,0.20166666666666666
96784,0.08
96785,0.6133333333333333
96786,0.9816666666666667
96787,0.44666666666666666
96788,0.26666666666666666
96789,0.9649999999999999
96790,0.325
96791,0.30333333333333334
96792,0.315
96793,0.095
96794,0.01
96795,0.060000000000000005
96796,0.245
96797,0.43333333333333335
96798,0.09833333333333334
96799,0.5650000000000001
96800,0.12833333333333335
96801,0.6933333333333334
96802,0.12166666666666665
96803,0.35833333333333334
96804,0.25833333333333336
96805,0.875
96806,0.995
96807,0.6466666666666667
96808,0.2583333333333333
96809,0.175
96810,0.2533333333333333
96811,0.17333333333333334
96812,0.25
96813,0.8466666666666667
96814,0.09
96815,0.065
96816,0.255
96817,0.32
96818,0.33666666666666667
96819,0.20833333333333331
96820,0.10833333333333334
96821,0.03166666666666667
96822,0.24
96823,0.08666666666666667
96824,0.3966666666666666
96825,0.3333333333333333
96826,0.31833333333333336
96827,0.725
96828,0.2916666666666667
96829,0.5733333333333334
96830,0.9133333333333333
96831,0.023333333333333334
96832,0.32833333333333337
96833,0.03833333333333334
96834,0.085
96835,0.555
96836,0.825
96837,0.7816666666666667
96838,0.3883333333333333
96839,0.32499999999999996
96840,0.12833333333333335
96841,0.2866666666666667
96842,0.14166666666666666
96843,0.37
96844,0.11499999999999999
96845,0.2866666666666667
96846,0.9233333333333333
96847,0.2916666666666667
96848,0.6533333333333333
96849,0.26
96850,0.21999999999999997
96851,0.3133333333333333
96852,0.32666666666666666
96853,0.975
96854,0.17333333333333334
96855,0.625
96856,0.2833333333333333
96857,0.20333333333333334
96858,0.4666666666666667
96859,0.6000000000000001
96860,0.15833333333333333
96861,0.8733333333333333
96862,0.07833333333333334
96863,0.5466666666666666
96864,0.17
96865,0.5516666666666666
96866,0.17333333333333334
96867,0.3733333333333333
96868,0.64
96869,0.4016666666666667
96870,0.30333333333333334
96871,0.5516666666666666
96872,0.05666666666666666
96873,0.855
96874,0.39666666666666667
96875,0.2733333333333333
96876,0.255
96877,0.04833333333333334
96878,0.5583333333333332
96879,0.25666666666666665
96880,0.7233333333333334
96881,0.9533333333333334
96882,0.06333333333333334
96883,0.051666666666666666
96884,0.22499999999999998
96885,0.11
96886,0.32166666666666666
96887,0.6966666666666668
96888,0.6183333333333334
96889,0.575
96890,0.31333333333333335
96891,0.47333333333333333
96892,0.3383333333333333
96893,0.17833333333333332
96894,0.4966666666666667
96895,0.7683333333333333
96896,0.205
96897,0.74
96898,0.8283333333333334
96899,0.6333333333333333
96900,0.11333333333333334
96901,0.07333333333333333
96902,0.5183333333333333
96903,0.2866666666666667
96904,0.44666666666666666
96905,0.47833333333333333
96906,0.21166666666666667
96907,0.43833333333333335
96908,0.021666666666666667
96909,0.195
96910,0.5966666666666667
96911,0.03666666666666667
96912,0.37166666666666665
96913,0.265
96914,0.24
96915,0.22500000000000003
96916,0.016666666666666666
96917,0.3
96918,0.3533333333333334
96919,0.6583333333333333
96920,0.7783333333333333
96921,0.21666666666666667
96922,0.28833333333333333
96923,0.77
96924,0.2533333333333333
96925,0.058333333333333334
96926,0.2733333333333333
96927,0.065
96928,0.26166666666666666
96929,0.03333333333333333
96930,0.31166666666666665
96931,0.625
96932,0.21166666666666667
96933,0.57
96934,0.6433333333333333
96935,0.5483333333333333
96936,0.055
96937,0.3433333333333334
96938,0.695
96939,0.9550000000000001
96940,0.36
96941,0.5716666666666668
96942,0.3866666666666667
96943,0.13666666666666666
96944,0.10500000000000001
96945,0.7266666666666667
96946,0.9650000000000001
96947,0.655
96948,0.62
96949,0.015
96950,0.5383333333333333
96951,0.5683333333333334
96952,0.06833333333333333
96953,0.31333333333333335
96954,0.2966666666666667
96955,0.9833333333333333
96956,0.6366666666666667
96957,0.30666666666666664
96958,0.31166666666666665
96959,0.6366666666666666
96960,0.2583333333333333
96961,0.06833333333333334
96962,0.6533333333333333
96963,0.605
96964,0.6766666666666667
96965,0.12
96966,0.995
96967,0.9466666666666665
96968,0.6216666666666667
96969,0.7383333333333333
96970,0.6599999999999999
96971,0.6100000000000001
96972,0.32999999999999996
96973,0.17833333333333334
96974,0.011666666666666667
96975,0.38166666666666665
96976,0.26
96977,0.19999999999999998
96978,0.5766666666666667
96979,0.5133333333333333
96980,0.44333333333333336
96981,0.6766666666666666
96982,0.6333333333333333
96983,0.725
96984,0.9583333333333333
96985,0.19666666666666666
96986,0.59
96987,0.5266666666666667
96988,0.45999999999999996
96989,0.29
96990,0.3366666666666667
96991,0.36833333333333335
96992,0.405
96993,0.32166666666666666
96994,0.495
96995,0.5683333333333334
96996,0.28
96997,0.99
96998,0.395
96999,0.27666666666666667
97000,0.085
97001,0.23333333333333334
97002,0.02666666666666667
97003,0.3783333333333333
97004,0.09666666666666666
97005,0.44833333333333336
97006,0.13333333333333333
97007,0.38666666666666666
97008,0.27
97009,0.17833333333333334
97010,0.16666666666666666
97011,0.3983333333333334
97012,0.4783333333333334
97013,0.1716666666666667
97014,0.36666666666666664
97015,0.6883333333333334
97016,0.05333333333333334
97017,0.5183333333333333
97018,0.23666666666666664
97019,0.8583333333333334
97020,0.175
97021,0.7116666666666667
97022,0.9216666666666666
97023,0.3483333333333334
97024,0.19333333333333333
97025,0.48
97026,0.04666666666666667
97027,0.255
97028,0.11666666666666667
97029,0.18833333333333335
97030,0.6666666666666666
97031,0.99
97032,0.265
97033,0.8666666666666667
97034,0.215
97035,0.15833333333333333
97036,0.395
97037,0.03666666666666667
97038,0.7533333333333334
97039,0.06333333333333332
97040,0.6933333333333334
97041,0.32833333333333337
97042,0.01
97043,0.07
97044,0.20166666666666666
97045,0.20166666666666666
97046,0.5816666666666667
97047,0.5483333333333333
97048,0.3983333333333333
97049,0.23500000000000001
97050,0.255
97051,0.835
97052,0.21166666666666667
97053,0.3616666666666667
97054,0.22166666666666668
97055,0.06166666666666667
97056,0.3416666666666667
97057,0.25
97058,0.2
97059,0.6283333333333333
97060,0.6033333333333334
97061,0.125
97062,0.19666666666666666
97063,0.5533333333333333
97064,0.38166666666666665
97065,0.04
97066,0.21333333333333335
97067,0.565
97068,0.17500000000000002
97069,0.018333333333333333
97070,0.9833333333333334
97071,0.8366666666666667
97072,0.5866666666666667
97073,0.03333333333333333
97074,0.15833333333333333
97075,0.32333333333333336
97076,0.21000000000000002
97077,0.1766666666666667
97078,0.7166666666666667
97079,0.61
97080,0.4083333333333333
97081,0.9866666666666666
97082,0.02666666666666667
97083,0.6316666666666666
97084,0.35500000000000004
97085,0.17166666666666666
97086,0.1916666666666667
97087,0.03833333333333333
97088,0.18833333333333332
97089,0.19833333333333333
97090,0.6833333333333333
97091,0.9483333333333333
97092,0.9266666666666667
97093,0.6900000000000001
97094,0.7333333333333333
97095,0.32666666666666666
97096,0.4816666666666667
97097,0.9983333333333333
97098,0.38166666666666665
97099,0.5466666666666666
97100,0.3016666666666667
97101,0.4766666666666667
97102,0.5683333333333334
97103,0.27166666666666667
97104,0.9783333333333333
97105,0.04833333333333333
97106,0.049999999999999996
97107,0.04
97108,0.11166666666666668
97109,0.2
97110,0.2416666666666667
97111,0.15
97112,0.6416666666666666
97113,0.495
97114,0.33666666666666667
97115,0.34833333333333333
97116,0.09
97117,0.31166666666666665
97118,0.16333333333333333
97119,0.365
97120,0.19499999999999998
97121,0.22499999999999998
97122,0.095
97123,0.20833333333333331
97124,0.8350000000000001
97125,0.2783333333333333
97126,0.008333333333333333
97127,0.735
97128,0.265
97129,0.27666666666666667
97130,0.32999999999999996
97131,0.5666666666666667
97132,0.3233333333333333
97133,0.31
97134,0.4733333333333333
97135,0.145
97136,0.31166666666666665
97137,0.6716666666666666
97138,0.6283333333333334
97139,0.11499999999999999
97140,0.07666666666666666
97141,0.06833333333333334
97142,0.5366666666666667
97143,0.9483333333333334
97144,0.5816666666666667
97145,0.8833333333333333
97146,0.08
97147,0.26166666666666666
97148,0.575
97149,0.02666666666666667
97150,0.255
97151,0.9450000000000001
97152,0.45666666666666667
97153,0.365
97154,0.63
97155,0.31333333333333335
97156,0.18166666666666667
97157,0.6633333333333333
97158,0.9183333333333334
97159,0.9016666666666667
97160,0.30666666666666664
97161,0.045
97162,0.39166666666666666
97163,0.2
97164,0.08833333333333333
97165,0.6966666666666667
97166,0.22500000000000003
97167,0.30333333333333334
97168,0.31
97169,0.24166666666666667
97170,0.05666666666666667
97171,0.7283333333333333
97172,0.6833333333333333
97173,0.2583333333333333
97174,0.7416666666666666
97175,0.39333333333333337
97176,0.24
97177,0.8533333333333333
97178,0.43666666666666665
97179,0.8099999999999999
97180,0.7366666666666666
97181,0.05333333333333334
97182,0.125
97183,0.1366666666666667
97184,0.27
97185,0.565
97186,0.9316666666666666
97187,0.6566666666666666
97188,0.3516666666666667
97189,0.16499999999999998
97190,0.21166666666666667
97191,0.33666666666666667
97192,0.20500000000000002
97193,0.7866666666666666
97194,0.8866666666666667
97195,0.5866666666666667
97196,0.6533333333333334
97197,0.30833333333333335
97198,0.043333333333333335
97199,0.275
97200,0.19
97201,0.25
97202,0.7083333333333333
97203,0.47000000000000003
97204,0.225
97205,0.12000000000000001
97206,0.44833333333333336
97207,0.011666666666666667
97208,0.7866666666666666
97209,0.28833333333333333
97210,0.5683333333333334
97211,0.11666666666666667
97212,0.013333333333333332
97213,0.15166666666666667
97214,0.06833333333333333
97215,0.6283333333333334
97216,0.44666666666666666
97217,0.051666666666666666
97218,0.22333333333333333
97219,0.10166666666666667
97220,0.6683333333333333
97221,0.5599999999999999
97222,0.7066666666666667
97223,0.30833333333333335
97224,0.6916666666666667
97225,0.535
97226,0.39166666666666666
97227,0.32
97228,0.7383333333333334
97229,0.42
97230,0.295
97231,0.8300000000000001
97232,0.47
97233,0.6933333333333332
97234,0.11666666666666667
97235,0.28
97236,0.905
97237,0.27
97238,0.10666666666666666
97239,0.3466666666666667
97240,0.34
97241,0.7366666666666667
97242,0.24166666666666667
97243,0.6666666666666666
97244,0.025
97245,0.03166666666666667
97246,0.2316666666666667
97247,0.32833333333333337
97248,0.36333333333333334
97249,0.15666666666666668
97250,0.24333333333333332
97251,0.305
97252,0.02
97253,0.025
97254,0.42499999999999993
97255,0.4983333333333333
97256,0.6883333333333334
97257,0.27999999999999997
97258,0.7366666666666667
97259,0.015
97260,0.38833333333333336
97261,0.8833333333333333
97262,0.39
97263,0.26
97264,0.22666666666666666
97265,0.25666666666666665
97266,0.6016666666666666
97267,0.13333333333333333
97268,0.26666666666666666
97269,0.42333333333333334
97270,0.7333333333333334
97271,0.92
97272,0.20833333333333334
97273,0.44833333333333336
97274,0.7150000000000001
97275,0.655
97276,0.865
97277,0.575
97278,0.6733333333333335
97279,0.6983333333333334
97280,0.635
97281,0.5566666666666666
97282,0.016666666666666666
97283,0.125
97284,0.3566666666666667
97285,0.7233333333333334
97286,0.21166666666666667
97287,0.6466666666666667
97288,0.615
97289,0.32166666666666666
97290,0.12000000000000001
97291,0.29833333333333334
97292,0.16
97293,0.21
97294,0.155
97295,0.9833333333333334
97296,0.6266666666666667
97297,0.41833333333333333
97298,0.02
97299,0.545
97300,0.8400000000000001
97301,0.33499999999999996
97302,0.22833333333333333
97303,0.265
97304,0.4883333333333333
97305,0.645
97306,0.10500000000000001
97307,0.22666666666666668
97308,0.45166666666666666
97309,0.36333333333333334
97310,0.21666666666666667
97311,0.9516666666666667
97312,0.023333333333333334
97313,0.45666666666666667
97314,0.3333333333333333
97315,0.16666666666666666
97316,0.9166666666666667
97317,0.06333333333333334
97318,0.19
97319,0.016666666666666666
97320,0.22499999999999998
97321,0.11833333333333332
97322,0.5766666666666667
97323,0.7366666666666667
97324,0.45333333333333337
97325,0.74
97326,0.7566666666666667
97327,0.295
97328,0.845
97329,0.3816666666666667
97330,0.6599999999999999
97331,0.255
97332,0.18333333333333332
97333,0.5733333333333333
97334,0.5383333333333333
97335,0.08166666666666668
97336,0.105
97337,0.21499999999999997
97338,0.315
97339,0.64
97340,0.3633333333333333
97341,0.6599999999999999
97342,0.135
97343,0.22999999999999998
97344,0.215
97345,0.11833333333333332
97346,0.6883333333333334
97347,0.5266666666666666
97348,0.29
97349,0.47833333333333333
97350,0.5366666666666666
97351,0.5549999999999999
97352,0.3783333333333333
97353,0.6616666666666667
97354,0.6266666666666666
97355,0.255
97356,0.6583333333333333
97357,0.21
97358,0.030000000000000002
97359,0.405
97360,0.55
97361,0.2816666666666667
97362,0.03333333333333333
97363,0.18666666666666665
97364,0.9550000000000001
97365,0.03166666666666667
97366,0.36833333333333335
97367,0.2866666666666667
97368,0.9466666666666667
97369,0.3
97370,0.43666666666666665
97371,0.6783333333333332
97372,0.2316666666666667
97373,0.4033333333333333
97374,0.6983333333333334
97375,0.44833333333333336
97376,0.3033333333333333
97377,0.53
97378,0.655
97379,0.21000000000000002
97380,0.023333333333333334
97381,0.16666666666666666
97382,0.2783333333333334
97383,0.2583333333333333
97384,0.32166666666666666
97385,0.35
97386,0.74
97387,0.23333333333333334
97388,0.2866666666666666
97389,0.755
97390,0.24833333333333335
97391,0.11500000000000002
97392,0.20833333333333334
97393,0.21500000000000002
97394,0.22499999999999998
97395,0.045
97396,0.41333333333333333
97397,0.9233333333333333
97398,0.2533333333333333
97399,0.7633333333333334
97400,0.395
97401,0.1
97402,0.9033333333333333
97403,0.14
97404,0.26333333333333336
97405,0.13
97406,0.7266666666666667
97407,0.12
97408,0.935
97409,0.265
97410,0.13833333333333334
97411,0.10166666666666668
97412,0.18166666666666667
97413,0.7216666666666666
97414,0.13166666666666665
97415,0.34833333333333333
97416,0.16666666666666669
97417,0.09833333333333333
97418,0.045
97419,0.29166666666666663
97420,0.14333333333333334
97421,0.135
97422,0.2416666666666667
97423,0.6900000000000001
97424,0.13166666666666668
97425,0.6799999999999999
97426,0.32333333333333336
97427,0.38166666666666665
97428,0.5466666666666666
97429,0.011666666666666667
97430,0.37
97431,0.041666666666666664
97432,0.4066666666666666
97433,0.095
97434,0.41666666666666663
97435,0.051666666666666666
97436,0.14833333333333334
97437,0.16666666666666666
97438,0.4416666666666667
97439,0.028333333333333335
97440,0.015000000000000001
97441,0.34500000000000003
97442,0.32166666666666666
97443,0.83
97444,0.43833333333333335
97445,0.18166666666666667
97446,0.5016666666666667
97447,0.37499999999999994
97448,0.9016666666666666
97449,0.15166666666666667
97450,0.9466666666666665
97451,0.5083333333333334
97452,0.03333333333333333
97453,0.7083333333333333
97454,0.22
97455,0.20999999999999996
97456,0.7000000000000001
97457,0.6533333333333333
97458,0.3216666666666667
97459,0.2033333333333333
97460,0.6783333333333333
97461,0.24833333333333332
97462,0.2566666666666667
97463,0.095
97464,0.9299999999999999
97465,0.105
97466,0.27499999999999997
97467,0.6466666666666666
97468,0.5466666666666666
97469,0.11333333333333334
97470,0.8983333333333333
97471,0.19666666666666668
97472,0.3616666666666667
97473,0.11833333333333335
97474,0.95
97475,0.2633333333333333
97476,0.3566666666666667
97477,0.08
97478,0.17500000000000002
97479,0.3133333333333333
97480,0.4600000000000001
97481,0.25666666666666665
97482,0.15666666666666668
97483,0.365
97484,0.3483333333333334
97485,0.9483333333333333
97486,0.36833333333333335
97487,0.52
97488,0.19
97489,0.13
97490,0.07166666666666667
97491,0.6616666666666666
97492,0.35333333333333333
97493,0.46499999999999997
97494,0.64
97495,0.7833333333333333
97496,0.2633333333333333
97497,0.595
97498,0.9183333333333334
97499,0.33
97500,0.30166666666666664
97501,0.07500000000000001
97502,0.20833333333333334
97503,0.4966666666666667
97504,0.22000000000000003
97505,0.03
97506,0.008333333333333333
97507,0.6166666666666667
97508,0.13666666666666666
97509,0.13
97510,0.20333333333333334
97511,0.04666666666666667
97512,0.7500000000000001
97513,0.041666666666666664
97514,0.32666666666666666
97515,0.16166666666666665
97516,0.8833333333333333
97517,0.33666666666666667
97518,0.2783333333333333
97519,0.22666666666666668
97520,0.6816666666666666
97521,0.42833333333333334
97522,0.355
97523,0.10333333333333333
97524,0.11000000000000001
97525,0.07333333333333333
97526,0.7566666666666666
97527,0.6233333333333333
97528,0.17
97529,0.2816666666666667
97530,0.5616666666666666
97531,0.36833333333333335
97532,0.31833333333333336
97533,0.255
97534,0.2683333333333333
97535,0.3333333333333333
97536,0.20833333333333331
97537,0.026666666666666665
97538,0.11
97539,0.5916666666666667
97540,0.5966666666666667
97541,0.24666666666666665
97542,0.7699999999999999
97543,0.395
97544,0.44666666666666666
97545,0.015
97546,0.235
97547,0.15833333333333333
97548,0.27
97549,0.22333333333333333
97550,0.04666666666666667
97551,0.6016666666666667
97552,0.86
97553,0.615
97554,0.4983333333333333
97555,0.3933333333333333
97556,0.495
97557,0.5549999999999999
97558,0.675
97559,0.37666666666666665
97560,0.135
97561,0.2833333333333333
97562,0.6066666666666667
97563,0.5883333333333334
97564,0.8083333333333333
97565,0.5166666666666667
97566,0.7133333333333334
97567,0.7666666666666666
97568,0.008333333333333333
97569,0.8733333333333333
97570,0.635
97571,0.2316666666666667
97572,0.8633333333333334
97573,0.18166666666666664
97574,0.43
97575,0.31166666666666665
97576,0.17833333333333334
97577,0.19666666666666668
97578,0.8866666666666667
97579,0.7683333333333333
97580,0.41000000000000003
97581,0.99
97582,0.2683333333333333
97583,0.19
97584,0.10999999999999999
97585,0.6016666666666667
97586,0.15
97587,0.37833333333333335
97588,0.66
97589,0.5816666666666667
97590,0.13666666666666666
97591,0.17833333333333332
97592,0.10999999999999999
97593,0.32500000000000007
97594,0.615
97595,0.5366666666666666
97596,0.20500000000000002
97597,0.26666666666666666
97598,0.7783333333333333
97599,0.315
97600,0.9283333333333335
97601,0.058333333333333334
97602,0.16999999999999998
97603,0.18
97604,0.8983333333333332
97605,0.5333333333333333
97606,0.8616666666666666
97607,0.5666666666666667
97608,0.08
97609,0.13833333333333334
97610,0.20166666666666666
97611,0.16
97612,0.8966666666666667
97613,0.48
97614,0.23
97615,0.21666666666666667
97616,0.9116666666666666
97617,0.22999999999999998
97618,0.4666666666666667
97619,0.55
97620,0.5633333333333334
97621,0.6966666666666667
97622,0.26666666666666666
97623,0.42666666666666664
97624,0.2916666666666667
97625,0.17
97626,0.325
97627,0.11166666666666666
97628,0.30333333333333334
97629,0.9199999999999999
97630,0.8966666666666666
97631,0.755
97632,0.2866666666666667
97633,0.016666666666666666
97634,0.3583333333333333
97635,0.3716666666666667
97636,0.6916666666666667
97637,0.03166666666666667
97638,0.03166666666666667
97639,0.2816666666666667
97640,0.32
97641,0.205
97642,0.04
97643,0.9083333333333333
97644,0.05666666666666667
97645,0.12
97646,0.5700000000000001
97647,0.245
97648,0.20333333333333334
97649,0.6583333333333333
97650,0.22333333333333333
97651,0.4016666666666666
97652,0.18
97653,0.22166666666666668
97654,0.325
97655,0.745
97656,0.15666666666666668
97657,0.725
97658,0.11000000000000001
97659,0.38999999999999996
97660,0.49
97661,0.245
97662,0.585
97663,0.21333333333333337
97664,0.24166666666666667
97665,0.53
97666,0.775
97667,0.525
97668,0.2916666666666667
97669,0.24166666666666667
97670,0.11166666666666666
97671,0.3
97672,0.145
97673,0.5166666666666666
97674,0.7266666666666666
97675,0.17833333333333334
97676,0.31166666666666665
97677,0.935
97678,0.6266666666666667
97679,0.31333333333333335
97680,0.655
97681,0.3433333333333333
97682,0.06666666666666667
97683,0.6333333333333333
97684,0.3416666666666667
97685,0.16333333333333333
97686,0.405
97687,0.325
97688,0.8666666666666667
97689,0.8799999999999999
97690,0.5816666666666667
97691,0.27499999999999997
97692,0.6733333333333333
97693,0.655
97694,0.32166666666666666
97695,0.12166666666666666
97696,0.4883333333333334
97697,0.33666666666666667
97698,0.06833333333333333
97699,0.095
97700,0.3283333333333333
97701,0.39
97702,0.2966666666666667
97703,0.3883333333333333
97704,0.08166666666666667
97705,0.2
97706,0.2
97707,0.57
97708,0.405
97709,0.6933333333333334
97710,0.25333333333333335
97711,0.685
97712,0.41
97713,0.7883333333333333
97714,0.505
97715,0.8049999999999999
97716,0.07999999999999999
97717,0.041666666666666664
97718,0.21333333333333332
97719,0.35500000000000004
97720,0.43333333333333335
97721,0.9299999999999999
97722,0.195
97723,0.44333333333333336
97724,0.125
97725,0.12666666666666668
97726,0.15666666666666665
97727,0.20999999999999996
97728,0.615
97729,0.16166666666666668
97730,0.9466666666666665
97731,0.1433333333333333
97732,0.255
97733,0.8516666666666666
97734,0.9983333333333333
97735,0.8916666666666667
97736,0.31333333333333335
97737,0.33666666666666667
97738,0.24333333333333335
97739,0.3433333333333333
97740,0.4033333333333334
97741,0.42666666666666664
97742,0.9016666666666666
